frame,x,y,z
0,40.0,0.02,0.0
1,40.0,0.04,4.682068927563914e-06
2,40.000000003581846,0.05999999890808011,1.4028400221410698e-05
3,40.000000014315894,0.07999999564479951,2.8021173495216567e-05
4,40.00000003576098,0.09999998914315965,4.66425545874526e-05
5,40.0000000714644,0.11999997834856721,6.98746956113046e-05
6,40.00000012496182,0.13999996221879699,9.769973500467492e-05
7,40.00000019977733,0.1599999397239546,0.000130099797580266
8,40.000000299423355,0.17999990984643902,0.00016705699457574534
9,40.00000042740062,0.19999987158090493,0.0002085534237039916
10,40.000000587198144,0.21999982393422507,0.00025457116920342166
11,40.0000007822932,0.23999976592545222,0.00030509230188839826
12,40.00000101615127,0.25999969658578126,0.00036009887919971807
13,40.00000129222604,0.2799996149585108,0.00041957294525517974
14,40.00000161395933,0.29999952009900493,0.00048349653090023174
15,40.00000198478109,0.3199994110746548,0.0005518516537587
16,40.000002408109374,0.3399992869648398,0.0006246203182835944
17,40.00000288735028,0.35999914686088874,0.0007017845158079946
18,40.00000342589794,0.3799989898660411,0.0007833262245960146
19,40.00000402713447,0.39999881509540763,0.0008692274098938452
20,40.00000469442998,0.4199986216759314,0.0009594700239808753
21,40.00000543114249,0.4399984087463482,0.0010540360062208903
22,40.000006240617935,0.4599981754571471,0.0011529072831133495
23,40.00000712619011,0.4799979209705307,0.001256065768344739
24,40.00000809118067,0.49999764446037526,0.0013634933628400027
25,40.00000913889905,0.5199973451121909,0.0014751719548140505
26,40.000010272642506,0.5399970221230811,0.001591083419823341
27,40.00001149569601,0.5599966747017029,0.0017112096208175434
28,40.000012811332255,0.579996302068226,0.0018355324081912722
29,40.00001422281164,0.5999959034542929,0.0019640336198358996
30,40.00001573338221,0.6199954781029771,0.0020966950811914424
31,40.00001734627965,0.6399950252687433,0.0022334986052985244
32,40.00001906472721,0.659994544217406,0.002374425992850413
33,40.00002089193575,0.6799940342260882,0.0025194590322451297
34,40.00002283110363,0.6999934945831803,0.0026685794996376376
35,40.00002488541674,0.7199929245882988,0.0028217691589920986
36,40.00002705804845,0.7399923235522444,0.0029790097621342077
37,40.00002935215957,0.7599916907969609,0.003140283048803599
38,40.000031770898325,0.7799910256554926,0.0033055707467063247
39,40.000034317400335,0.7999903274719429,0.003474854571567407
40,40.00003699478859,0.8199895956014318,0.003648116227183463
41,40.00003980617338,0.839988829410054,0.0038253374054754005
42,40.00004275465234,0.8599880282748363,0.004006499786541187
43,40.00004584331035,0.8799871915836952,0.004191585038708691
44,40.00004907521954,0.8999863187353939,0.004380574818588588
45,40.00005245343927,0.9199854091395,0.004573450771127349
46,40.000055981016054,0.9399844622163421,0.004770194529660288
47,40.000059660983595,0.9599834773969671,0.0049707877159646885
48,40.00006349636271,0.9799824541230967,0.005175211940312996
49,40.000067490161335,0.9999813918470841,0.005383448801526077
50,40.00007164537446,1.0199802900318709,0.0055954798870265585
51,40.00007596498414,1.0399791481509426,0.005811286772892221
52,40.00008045195943,1.0599779656882862,0.006030851023909475
53,40.000085109256375,1.0799767421383448,0.006254154193626896
54,40.000089939818004,1.0999754770059749,0.006481177824408835
55,40.00009494657426,1.1199741698064014,0.006711903447489087
56,40.00010013244199,1.1399728200651738,0.006946312583024643
57,40.00010550032495,1.1599714273181212,0.0071843867401494895
58,40.00011105311371,1.1799699911113086,0.007426107417028492
59,40.0001167936857,1.1999685110009919,0.007671456100911335
60,40.00012272490512,1.2199669865535727,0.007920414268186534
61,40.00012884962295,1.239965417345554,0.008172963384435511
62,40.000135170676934,1.2599638029634948,0.008429084904486732
63,40.0001416908915,1.2799621430039645,0.00868876027246992
64,40.0001484130778,1.2999604370734985,0.008951970921870323
65,40.000155340033636,1.3199586847885525,0.009218698275583054
66,40.00016247454344,1.3399568857754565,0.009488923745967487
67,40.000169819378264,1.3599550396703692,0.00976262873490173
68,40.000177377295756,1.379953146119233,0.010039794633837147
69,40.00018515104011,1.399951204777727,0.010320402823852957
70,40.00019314334205,1.4199492153112214,0.010604434675710886
71,40.00020135691884,1.4399471773947314,0.010891871549909888
72,40.000209794474195,1.459945090712871,0.011182694796740927
73,40.00021845869829,1.4799429549598062,0.011476885756341822
74,40.00022735226776,1.4999407698392087,0.011774425758752148
75,40.000236477845604,1.5199385350642092,0.012075296123968208
76,40.00024583808124,1.5399362503573504,0.012379478161998064
77,40.00025543561043,1.5599339154505407,0.012686953172916618
78,40.000265273055255,1.5799315300850063,0.012997702446920773
79,40.00027535302413,1.599929094011245,0.013311707264384636
80,40.00028567811172,1.619926606988978,0.013628948895914797
81,40.00029625089898,1.639924068787103,0.01394940860240565
82,40.000307073953074,1.6599214791836472,0.014273067635094786
83,40.000318149827386,1.6799188379657184,0.01459990723561845
84,40.000329481061485,1.6999161449294586,0.01492990863606704
85,40.0003410701811,1.7199133998799954,0.015263053059040674
86,40.0003529196981,1.739910602631394,0.015599321717704817
87,40.000365032110466,1.7599077530066096,0.01593869581584596
88,40.000377409902256,1.7799048508374389,0.016281156547927365
89,40.00039005554361,1.7999018959644717,0.016626685099144858
90,40.000402971490715,1.8198988882370428,0.01697526264548268
91,40.00041616018576,1.8398958275131834,0.017326870353769393
92,40.00042962405694,1.8598927136595718,0.017681489381733865
93,40.00044336551843,1.8798895465514858,0.018039100878061265
94,40.00045738697034,1.899886326072753,0.01839968598244916
95,40.00047169079872,1.9198830521157022,0.018763225825663636
96,40.000486279375515,1.939879724581114,0.01912970152959549
97,40.00050115505857,1.9598763433781718,0.019499094207316478
98,40.00051632019157,1.9798729084244129,0.019871384963135584
99,40.00053177710406,1.999869419645678,0.020246554892655404
100,40.00054752811137,2.0198658769760636,0.020624585082828523
101,40.000563575514654,2.0398622803578697,0.02100545661201398
102,40.000579921600824,2.0598586297415524,0.021389150550033778
103,40.00059656864255,2.0798549250856735,0.021775647958229442
104,40.00061351889822,2.0998511663568498,0.02216492988951863
105,40.000630774611935,2.1198473535297038,0.022556977388451797
106,40.000648338013484,2.1398434865868134,0.02295177149126892
107,40.000666211318325,2.1598395655186615,0.023349293225956254
108,40.00068439672755,2.1798355903235853,0.023749523612303154
109,40.000702896427875,2.1998315610077275,0.024152443661958945
110,40.00072171259162,2.2198274775849836,0.024558034378489833
111,40.00074084737669,2.2398233400769523,0.02496627675743588
112,40.00076030292655,2.2598191485128853,0.02537715178636802
113,40.00078008137021,2.2798149029296355,0.025790640444945123
114,40.00080018482219,2.2998106033716064,0.02620672370497111
115,40.000820615382516,2.3198062498907013,0.026625382530452116
116,40.00084137513669,2.3398018425462714,0.027046597877653702
117,40.00086246615568,2.359797381405066,0.02747035069515811
118,40.0008838904959,2.3797928665411803,0.02789662192392157
119,40.000905650199165,2.3997882980360026,0.028325392497331667
120,40.000927747292714,2.419783675978166,0.02875664334126471
121,40.00095018378916,2.4397790004634943,0.029190355374143207
122,40.000972961686465,2.4597742715949504,0.029626509506993342
123,40.000996082967966,2.4797694894825857,0.03006508664350251
124,40.0010195496023,2.4997646542434877,0.03050606768007691
125,40.00104336354342,2.519759766001728,0.03094943350589916
126,40.00106752673056,2.53975482488831,0.03139516500298598
127,40.00109204108824,2.559749831041117,0.0318432430462459
128,40.00111690852622,2.5797447846048596,0.03229364850353702
129,40.00114213093949,2.5997396857310244,0.0327463622357248
130,40.001167710208264,2.6197345345778205,0.03320136509673995
131,40.00119364819794,2.639729331310127,0.03365863793363627
132,40.00121994675911,2.659724076099441,0.03411816158664859
133,40.001246607727516,2.679718769123826,0.034579916889250766
134,40.001273632924054,2.6997134105678553,0.035043884668213676
135,40.00130102415474,2.7197080006225636,0.03551004574366328
136,40.00132878321071,2.739702539485392,0.03597838092913873
137,40.00135691186818,2.759697027360135,0.03644887103165047
138,40.00138541188845,2.7796914644568873,0.03692149685173845
139,40.00141428501787,2.7996858509919913,0.03739623918353034
140,40.00144353298785,2.8196801871879833,0.037873078814799774
141,40.0014731575148,2.83967447327354,0.03835199652702465
142,40.00150316030016,2.8596687094834263,0.038832973095445464
143,40.00153354303036,2.8796628960584405,0.039315989289123686
144,40.0015643073768,2.8996570332453606,0.03980102587100018
145,40.00159545499585,2.9196511212968925,0.04028806359795363
146,40.00162698752882,2.939645160471614,0.04077708322085905
147,40.00165890660195,2.959639151033922,0.04126806548464631
148,40.001691213826405,2.9796330932539794,0.04176099112835866
149,40.001723910798226,2.9996269874076598,0.04225584088521138
150,40.00175699909836,3.0196208337764943,0.042752595482650355
151,40.00179048029261,3.0396146326476168,0.0432512356424108
152,40.001824355931646,3.059608384313711,0.04375174208057592
153,40.00185862755096,3.0796020890729547,0.04425409550763566
154,40.001893296670886,3.0995957472289666,0.044758276628545514
155,40.001928364796555,3.1195893590907513,0.04526426614278525
156,40.0019638334179,3.139582924972645,0.045772044744417845
157,40.00199970400964,3.1595764451942614,0.04628159312214829
158,40.002035978031245,3.179569920080436,0.04679289195938252
159,40.002072656926956,3.199563349961173,0.04730592193428637
160,40.00210974212575,3.219556735171589,0.04782066371984452
161,40.00214723504132,3.2395500760518594,0.048337097983919504
162,40.0021851370721,3.2595433729471637,0.04885520538931077
163,40.00222344960118,3.2795366262076295,0.04937496659381371
164,40.00226217399638,3.299529836188278,0.04989636225027879
165,40.00230131161016,3.3195230032489684,0.050419373006670654
166,40.00234086377967,3.3395161277543446,0.0509439795061273
167,40.002380831826684,3.359509210073778,0.05147016238701925
168,40.00242121705762,3.3795022505813135,0.051997902283008775
169,40.00246202076353,3.399495249655614,0.05252717982310916
170,40.00250324422005,3.419488207679904,0.05305797563174393
171,40.002544888687446,3.4394811250419157,0.053590270328806214
172,40.00258695541055,3.4594740021338333,0.05412404452971803
173,40.00262944561878,3.4794668393522366,0.05465927884548966
174,40.002672360526105,3.4994596370980458,0.05519595388277904
175,40.00271570133106,3.519452395776466,0.05573405024395116
176,40.00275946921672,3.5394451157969318,0.05627354852713751
177,40.00280366535067,3.5594377975730507,0.05681442932629554
178,40.002848290885034,3.5794304415225486,0.05735667323126817
179,40.00289334695644,3.5994230480672127,0.05790026082784327
180,40.002938834686006,3.6194156176328356,0.058445172697813234
181,40.002984755179334,3.639408150649161,0.05899138941903453
182,40.00303110952652,3.659400647549826,0.05953889156548728
183,40.0030778988021,3.679393108772305,0.06008765970733489
184,40.00312512406508,3.699385534757855,0.06063767441098368
185,40.00317278635891,3.719377925951458,0.061188916239142556
186,40.003220886711475,3.739370282801766,0.06174136575088266
187,40.003269426135084,3.759362605761044,0.0622950035016971
188,40.00331840562646,3.7793548952851133,0.06284981004356069
189,40.00336782616674,3.799347151833297,0.06340576592498964
190,40.00341768872145,3.819339375868361,0.0639628516911014
191,40.00346799424051,3.83933156785646,0.06452104788367441
192,40.00351874365822,3.859323728267079,0.06508033504120789
193,40.003569937893246,3.8793158575729785,0.06564069369898172
194,40.00362157784863,3.8993079562501367,0.06620210438911625
195,40.00367366441174,3.919300024777694,0.06676454764063221
196,40.00372619845432,3.939292063637895,0.06732800397951054
197,40.00377918083244,3.959284073316033,0.06789245392875236
198,40.00383261238648,3.979276054300393,0.06845787800843885
199,40.003886493941174,3.9992680070821947,0.06902425673579121
200,40.003940826305545,4.019259932155535,0.06959157062523062
201,40.00399561027294,4.039251830017334,0.07015980018843823
202,40.00405084662099,4.059243701167274,0.07072892593441513
203,40.00410653611163,4.079235546107746,0.07129892836954235
204,40.00416267949107,4.099227365343792,0.07186978799764096
205,40.004219277489796,4.119219159383045,0.07244148532003201
206,40.00427633082258,4.139210928735676,0.07301400083559668
207,40.00433384018844,4.159202673914338,0.07358731504083628
208,40.00439180627067,4.179194395434103,0.07416140842993237
209,40.0044502297368,4.1991860938124095,0.07473626149480686
210,40.004509111238605,4.219177769569003,0.07531185472518215
211,40.00456845141212,4.239169423225883,0.07588816860864117
212,40.00462825087759,4.259161055307241,0.07646518363068762
213,40.00468851023949,4.279152666339406,0.07704288027480607
214,40.00474923008654,4.299144256850784,0.07762123902252215
215,40.00481041099165,4.319135827371808,0.07820024035346267
216,40.00487205351196,4.3391273784348705,0.0787798647454159
217,40.0049341581888,4.359118910574275,0.0793600926743917
218,40.00499672554773,4.379110424326175,0.07994090461468174
219,40.00505975609847,4.3991019202285155,0.08052228103891976
220,40.005123250334954,4.419093398820978,0.08110420241814173
221,40.00518720873531,4.439084860644923,0.08168664922184615
222,40.00525163176183,4.45907630624333,0.0822696019180543
223,40.005316519861005,4.479067736160743,0.08285304097337041
224,40.00538187346349,4.499059150943211,0.08343694685304208
225,40.00544769298412,4.519050551138232,0.08402130002102037
226,40.00551397882189,4.539041937294695,0.08460608094002026
227,40.00558073135996,4.559033309962822,0.08519127007158078
228,40.00564795096567,4.57902466969411,0.08577684787612544
229,40.005715637990484,4.599016017041277,0.08636279481302243
230,40.005783792770046,4.619007352558198,0.08694909134064499
231,40.00585241562415,4.6389986767998534,0.08753571791643168
232,40.00592150685673,4.65898999032227,0.08812265499694673
233,40.00599106675588,4.67898129368246,0.08870988303794036
234,40.006061095593836,4.6989725874383685,0.08929738249440912
235,40.00613159362696,4.718963872148812,0.08988513382065616
236,40.006202561095776,4.738955148373423,0.09047311747035162
237,40.006273998224934,4.758946416672589,0.091061313896593
238,40.00634590522323,4.7789376776074,0.09164970355196542
239,40.006418282283576,4.79892893173959,0.09223826688860202
240,40.00649112958305,4.818920179631472,0.09282698435824431
241,40.00656444728283,4.83891142184589,0.09341583641230249
242,40.006638235528236,4.858902658946157,0.0940048035019158
243,40.00671249444873,4.878893891495995,0.09459386607801291
244,40.00678722415788,4.898885120059483,0.09518300459137226
245,40.00686242475341,4.918876345200995,0.09577219949268237
246,40.00693809631715,4.9388675674851426,0.09636143123260224
247,40.00701423891507,4.958858787476719,0.09695068026182171
248,40.007090852597265,4.97885000574064,0.09753992703112177
249,40.00716793739796,4.9988412228418895,0.09812915199143492
250,40.007245493335496,5.018832439345455,0.09871833559390555
251,40.007323520412356,5.038823655816277,0.09930745828995027
252,40.00740201861514,5.058814872819187,0.09989650053131824
253,40.00748098791458,5.078806090918852,0.10048544277015152
254,40.007560428265556,5.098797310679718,0.10107426545904544
255,40.00764033960705,5.1187885326659455,0.10166294905110888
256,40.00772072186219,5.138779757441362,0.10225147400002466
257,40.00780157493824,5.158770985569395,0.1028398207601098
258,40.00788289872659,5.178762217613021,0.10342796978637595
259,40.00796469310277,5.198753454134705,0.10401590153458955
260,40.00804695792645,5.218744695696342,0.1046035964613323
261,40.00812969304144,5.238735942859202,0.10519103502406138
262,40.00821289827567,5.258727196183871,0.10577819768116978
263,40.00829657344125,5.278718456230192,0.10636506489204657
264,40.00838071833441,5.2987097235572085,0.10695161711713722
265,40.008465332735526,5.31870099872311,0.10753783481800383
266,40.00855041640914,5.3386922822851695,0.10812369845738548
267,40.008635969103956,5.358683574799688,0.10870918849925844
268,40.0087219905528,5.378674876821937,0.10929428540889641
269,40.00880848047269,5.398666188906103,0.10987896965293081
270,40.008895438564785,5.418657511605226,0.11046322169941102
271,40.00898286451443,5.438648845471145,0.11104702201786457
272,40.009070757991125,5.45864019105444,0.11163035107935737
273,40.00915911864855,5.478631548904373,0.11221318935655397
274,40.00924794612455,5.498622919568833,0.11279551732377768
275,40.00933724004118,5.518614303594276,0.11337731545707082
276,40.00942700000465,5.538605701525671,0.11395856423425484
277,40.00951722560538,5.558597113906438,0.11453924413499053
278,40.00960791641797,5.578588541278395,0.11511933564083815
279,40.00969907200123,5.5985799841817,0.11569881923531758
280,40.00979069189818,5.618571443154789,0.11627767540396843
281,40.00988277563604,5.638562918734325,0.11685588463441016
282,40.00997532272623,5.65855441145514,0.1174334274164022
283,40.0100683326644,5.678545921850171,0.11801028424190399
284,40.01016180493045,5.698537450450412,0.11858643560513508
285,40.01025573898847,5.718528997784851,0.1191618620026352
286,40.01035013428681,5.738520564380415,0.11973654393332427
287,40.01044499025806,5.75851215076191,0.12031046189856241
288,40.01054030631905,5.77850375745197,0.12088359640221003
289,40.01063608187087,5.798495384970995,0.12145592795068771
290,40.01073231629887,5.818487033837092,0.12202743705303627
291,40.01082900897267,5.838478704566027,0.12259810422097668
292,40.01092615924616,5.858470397671158,0.12316790996897001
293,40.011023766457505,5.8784621136633834,0.12373683481427736
294,40.011121829929166,5.898453853051086,0.12430485927701974
295,40.0112203489679,5.918445616340071,0.12487196388023802
296,40.011319322864765,5.938437404033515,0.12543812914995273
297,40.01141875089512,5.958429216631906,0.12600333561522392
298,40.01151863231864,5.978421054632988,0.12656756380821102
299,40.011618966379345,5.998412918531702,0.12713079426423263
300,40.011719752305574,6.018404808820134,0.12769300752182627
301,40.01182098931,6.038396725987452,0.12825418412280826
302,40.01192267658966,6.0583886705198555,0.1288143046123333
303,40.012024813325944,6.078380642900516,0.12937334953895438
304,40.01212739868459,6.09837264360952,0.1299312994546823
305,40.01223043181574,6.118364673123813,0.13048813491504543
306,40.012333911853894,6.138356731917146,0.1310438364791495
307,40.012437837917965,6.158348820460015,0.13159838470973695
308,40.01254220911125,6.178340939219605,0.13215176017324679
309,40.01264702452147,6.198333088659737,0.13270394343987407
310,40.01275228322076,6.218325269240811,0.1332549150836295
311,40.012857984265686,6.238317481419746,0.13380465568239888
312,40.01296412669725,6.258309725649929,0.13435314581800276
313,40.013070709540905,6.278302002381155,0.1349003660762558
314,40.01317773180657,6.298294312059573,0.13544629704702632
315,40.01328519248863,6.31828665512763,0.1359909193242957
316,40.01339309056595,6.338279032024014,0.13653421350621775
317,40.01350142500188,6.3582714431835985,0.1370761601951782
318,40.01361019474427,6.378263889037389,0.137616739997854
319,40.01371939872549,6.398256370012462,0.13815593352527256
320,40.01382903586244,6.4182488865319165,0.13869372139287114
321,40.013939105056544,6.438241439014811,0.1392300842205562
322,40.01404960519376,6.458234027876112,0.13976500263276243
323,40.01416053514462,6.478226653526638,0.14029845725851217
324,40.01427189376422,6.498219316373005,0.1408304287314745
325,40.01438367989223,6.518212016817568,0.14136089769002438
326,40.01449589235291,6.538204755258368,0.14188984477730182
327,40.01460852995515,6.558197532089077,0.14241725064127095
328,40.01472159149241,6.57819034769894,0.1429430959347791
329,40.01483507574282,6.5981832024727245,0.1434673613156158
330,40.01494898146914,6.61817609679066,0.1439900274465718
331,40.015063307418764,6.6381690310283865,0.14451107499549806
332,40.01517805232377,6.658162005556899,0.14503048463536466
333,40.01529321490091,6.678155020742491,0.14554823704431968
334,40.01540879385162,6.698148076946701,0.14606431290574817
335,40.01552478786206,6.718141174526259,0.14657869290833084
336,40.0156411956031,6.7381343138330285,0.147091357746103
337,40.015758015730334,6.758127495213954,0.1476022881185132
338,40.0158752468841,6.778120719011006,0.14811146473048212
339,40.015992887689514,6.798113985561125,0.14861886829246113
340,40.01611093675645,6.818107295196171,0.14912447952049104
341,40.01622939267956,6.838100648242864,0.14962827913626067
342,40.01634825403833,6.8580940450227335,0.1501302478671655
343,40.016467519397025,6.878087485852062,0.15063036644636615
344,40.016587187304765,6.898080971041834,0.15112861561284702
345,40.016707256295504,6.918074500897675,0.15162497611147463
346,40.01682772488806,6.938068075719808,0.1521194286930562
347,40.01694859158612,6.9580616958029875,0.15261195411439793
348,40.01706985487827,6.978055361436456,0.1531025331383635
349,40.017191513238,6.998049072903885,0.15359114653393227
350,40.01731356512371,7.01804283048332,0.15407777507625772
351,40.01743600897874,7.038036634447131,0.15456239954672554
352,40.01755884323139,7.058030485061957,0.155045000733012
353,40.01768206629492,7.078024382588651,0.15552555942914198
354,40.01780567656756,7.098018327282228,0.1560040564355472
355,40.01792967243257,7.118012319391812,0.15648047255912434
356,40.01805405225821,7.138006359160583,0.15695478861329296
357,40.018178814397764,7.158000446825721,0.15742698541805364
358,40.01830395718957,7.177994582618357,0.15789704380004588
359,40.01842947895704,7.197988766763517,0.15836494459260603
360,40.01855537800866,7.2179829994800695,0.1588306686358252
361,40.018681652638,7.237977280980673,0.15929419677660714
362,40.018808301123784,7.257971611471725,0.15975550986872594
363,40.018935321729835,7.277965991153306,0.16021458877288383
364,40.019062712705136,7.297960420219128,0.16067141435676893
365,40.019190472283846,7.317954898856484,0.16112596749511288
366,40.0193185986853,7.337949427246192,0.16157822906974845
367,40.01944709011405,7.357944005562548,0.16202817996966715
368,40.01957594475984,7.377938633973265,0.16247580109107676
369,40.01970516079769,7.397933312639433,0.1629210733374588
370,40.01983473638786,7.417928041715453,0.163363977619626
371,40.01996466967588,7.437922821348997,0.16380449485577964
372,40.02009495879258,7.457917651680949,0.16424260597156692
373,40.020225601854115,7.477912532845357,0.16467829190013833
374,40.02035659696195,7.497907464969377,0.16511153358220482
375,40.02048794220292,7.517902448173227,0.16554231196609503
376,40.02061963564921,7.53789748257013,0.16597060800781246
377,40.02075167535842,7.557892568266265,0.1663964026710926
378,40.020884059373536,7.577887705360718,0.16681967692745994
379,40.02101678572298,7.597882893945426,0.16724041175628504
380,40.02114985242062,7.61787813410513,0.16765858814484144
381,40.0212832574658,7.637873425917319,0.1680741870883626
382,40.02141699884333,7.657868769452186,0.16848718959009878
383,40.02155107452354,7.677864164772571,0.16889757666137384
384,40.021685482462296,7.6978596119339135,0.16930532932164197
385,40.02182022060099,7.7178551109842,0.16971042859854446
386,40.02195528686661,7.737850661963913,0.17011285552796632
387,40.02209067917169,7.757846264905985,0.17051259115409292
388,40.022226395414414,7.777841919835742,0.1709096165294665
389,40.02236243347858,7.797837626770859,0.17130391271504272
390,40.02249879123362,7.817833385721302,0.17169546078024708
391,40.02263546653467,7.837829196689289,0.17208424180303136
392,40.02277245722254,7.85782505966923,0.1724702368699299
393,40.022909761123735,7.877820974647681,0.17285342707611595
394,40.023047376050535,7.897816941603295,0.1732337935254579
395,40.02318529980095,7.9178129605067715,0.1736113173305754
396,40.02332353015878,7.937809031320808,0.17398597961289558
397,40.02346206489361,7.957805154000048,0.17435776150270907
398,40.023600901760865,7.977801328491035,0.17472664413922603
399,40.02374003850181,7.997797554732159,0.17509260867063212
400,40.02387947284358,8.017793832653613,0.17545563625414434
401,40.02401920249918,8.037790162177338,0.175815708056067
402,40.02415922516755,8.057786543216977,0.17617280525184742
403,40.024299538533555,8.07778297567783,0.1765269090261317
404,40.02444014026801,8.097779459456797,0.17687800057282035
405,40.024581028027725,8.117775994442336,0.177226061095124
406,40.024722199455496,8.137772580514413,0.1775710718056189
407,40.02486365218016,8.157769217544452,0.17791301392630243
408,40.02500538381659,8.177765905395287,0.17825186868864856
409,40.025147391965746,8.197762643921116,0.1785876173336632
410,40.02528967421466,8.217759432967453,0.17892024111193963
411,40.025432228136516,8.237756272371078,0.17924972128371358
412,40.025575051290616,8.257753161959986,0.17957603911891865
413,40.025718141222434,8.27775010155335,0.17989917589724128
414,40.025861495463644,8.297747090961462,0.180219112908176
415,40.02600511153213,8.317744129985693,0.18053583145108026
416,40.026148986932014,8.33774121841844,0.18084931283522962
417,40.026293119153685,8.357738356043086,0.18115953837987242
418,40.02643750567382,8.377735542633946,0.1814664894142848
419,40.02658214395541,8.397732777956223,0.18177014727782545
420,40.02672703144778,8.417730061765962,0.18207049331999017
421,40.02687216558662,8.43772739381,0.18236750890046674
422,40.027017543794,8.457724773825927,0.18266117538918938
423,40.02716316347842,8.477722201542027,0.1829514741663933
424,40.0273090220348,8.497719676677246,0.18323838662266914
425,40.027455116844536,8.517717198941131,0.18352189415901748
426,40.02760144527551,8.5377147680338,0.18380197818690303
427,40.02774800468211,8.557712383645878,0.18407862012830892
428,40.02789479240527,8.577710045458469,0.18435180141579102
429,40.028041805772496,8.597707753143096,0.18462150349253198
430,40.02818904209788,8.617705506361666,0.1848877078123953
431,40.02833649868212,8.637703304766417,0.18515039583997936
432,40.02848417281258,8.657701147999875,0.1854095490506714
433,40.02863206176329,8.677699035694811,0.18566514893070127
434,40.02878016279495,8.697696967474192,0.1859171769771954
435,40.02892847315502,8.717694942951141,0.18616561469823042
436,40.02907699007769,8.737692961728886,0.1864104436128869
437,40.029225710783926,8.757691023400719,0.18665164525130287
438,40.029374632481506,8.777689127549953,0.18688920115472746
439,40.02952375236503,8.797687273749874,0.1871230928755743
440,40.02967306761596,8.817685461563698,0.1873533019774749
441,40.02982257540264,8.837683690544528,0.18757981003533208
442,40.02997227288033,8.857681960235306,0.18780259863537313
443,40.03012215719122,8.877680270168774,0.18802164937520305
444,40.030272225464486,8.89767861986743,0.18823694386385761
445,40.030422474816284,8.917677008843478,0.1884484637218565
446,40.03057290234979,8.937675436598793,0.1886561905812562
447,40.03072350515524,8.957673902624869,0.188860106085703
448,40.03087428030994,8.977672406402784,0.18906019189048576
449,40.031025224878306,8.997670947403149,0.18925642966258865
450,40.031176335911894,9.017669525086074,0.18944880108074397
451,40.03132761044942,9.037668138901116,0.1896372878354846
452,40.031479045516775,9.057666788287245,0.18982187162919675
453,40.0316306381271,9.07766547267279,0.19000253417617222
454,40.03178238528075,9.097664191475406,0.19017925720266096
455,40.03193428396539,9.117662944102033,0.19035202244692337
456,40.03208633115597,9.137661729948846,0.19052081165928253
457,40.03223852381479,9.157660548401216,0.19068560660217637
458,40.032390858891496,9.17765939883367,0.19084638905020984
459,40.03254333332314,9.197658280609849,0.19100314079020686
460,40.032695944034195,9.217657193082463,0.19115584362126234
461,40.032848687936585,9.237656135593255,0.19130447935479408
462,40.033001561929716,9.257655107472955,0.19144902981459455
463,40.033154562900506,9.277654108041238,0.1915894768368826
464,40.03330768772341,9.29765313660669,0.19172580227035516
465,40.03346093326045,9.31765219246676,0.1918579879762388
466,40.033614296361264,9.337651274907719,0.19198601582834124
467,40.033767773863104,9.357650383204627,0.1921098677131028
468,40.033921362590895,9.377649516621283,0.1922295255296477
469,40.03407505935724,9.397648674410192,0.19234497118983543
470,40.034228860962486,9.41764785581252,0.19245618661831185
471,40.0343827641947,9.437647060058056,0.1925631537525603
472,40.034536765829756,9.457646286365174,0.1926658545429528
473,40.03469086263133,9.477645533940787,0.19276427095280077
474,40.034845051350935,9.497644801980316,0.19285838495840615
475,40.03499932872798,9.517644089667643,0.19294817854911206
476,40.035153691489754,9.537643396175074,0.19303363372735358
477,40.0353081363515,9.557642720663305,0.19311473250870836
478,40.03546266001643,9.577642062281372,0.19319145692194722
479,40.03561725917573,9.597641420166624,0.19326378900908467
480,40.035771930508645,9.617640793444677,0.19333171082542921
481,40.035926670682464,9.637640181229374,0.19339520443963376
482,40.03608147635258,9.657639582622753,0.19345425193374588
483,40.03623634416249,9.677638996715007,0.1935088354032579
484,40.03639127074387,9.697638422584442,0.193558936957157
485,40.036546252716576,9.717637859297438,0.1936045387179753
486,40.03670128668868,9.737637305908422,0.1936456228218397
487,40.03685636925651,9.757636761459814,0.1936821714185217
488,40.03701149700467,9.777636224982006,0.19371416667148722
489,40.03716666650609,9.797635695493312,0.1937415907579462
490,40.03732187432204,9.817635171999939,0.19376442586890227
491,40.03747711700217,9.837634653495941,0.1937826542092022
492,40.03763239108455,9.857634138963194,0.19379625799758537
493,40.037787693095694,9.877633627371347,0.19380521946673304
494,40.03794301955059,9.897633117677797,0.19380952086331768
495,40.03809836695273,9.91763260882764,0.19380914444805206
496,40.038253731794164,9.937632099753648,0.1938040724957384
497,40.03840911055551,9.95763158937622,0.1937942872953173
498,40.038564499706006,9.977631076603355,0.19377977114991685
499,40.03871989570351,9.997630560330615,0.19376050637690118
500,40.03887529499457,10.017630039441086,0.19373647530791938
501,40.03903069401444,10.037629512805342,0.19370766028895417
502,40.039186089187126,10.057628979281414,0.19367404368037036
503,40.039341476925394,10.077628437714752,0.19363560785696346
504,40.03949685363082,10.097627886938191,0.193592335208008
505,40.039652215693835,10.117627325771915,0.19354420813730588
506,40.03980755949374,10.13762675302342,0.19349120906323458
507,40.039962881398736,10.157626167487486,0.19343332041879532
508,40.040118177765976,10.177625567946135,0.19337052465166107
509,40.0402734449416,10.197624953168607,0.1933028042242246
510,40.040428679260735,10.217624321911309,0.19323014161364624
511,40.040583877047574,10.237623672917799,0.19315251931190175
512,40.040739034615385,10.257623004918743,0.19306991982583
513,40.040894148266545,10.277622316631883,0.1929823256771806
514,40.041049214292585,10.297621606761998,0.19288971940266136
515,40.041204228974216,10.317620874000884,0.19279208355398583
516,40.04135918858136,10.337620117027308,0.1926894006979205
517,40.0415140893732,10.357619334506982,0.1925816534163322
518,40.04166892759821,10.377618525092524,0.19246882430623516
519,40.04182369949416,10.397617687423436,0.1923508959798381
520,40.041978401288205,10.417616820126058,0.19222785106459125
521,40.04213302919687,10.437615921813547,0.19209967220323326
522,40.04228757942611,10.457614991085839,0.19196634205383795
523,40.04244204817135,10.477614026529617,0.191827843289861
524,40.042596431617504,10.497613026718282,0.19168415860018662
525,40.04275072593901,10.51761199021192,0.1915352706891741
526,40.04290492729988,10.537610915557268,0.19138116227670415
527,40.04305903185372,10.557609801287686,0.1912218160982254
528,40.04321303574379,10.577608645923124,0.19105721490480043
529,40.043366935103,10.597607447970093,0.19088734146315217
530,40.043520726053984,10.61760620592163,0.19071217855570977
531,40.0436744047091,10.637604918257273,0.19053170898065466
532,40.04382796717051,10.657603583443024,0.1903459155519665
533,40.04398140953016,10.677602199931323,0.19015478109946882
534,40.04413472786988,10.69760076616102,0.18995828846887478
535,40.04428791826137,10.717599280557339,0.1897564205218328
536,40.04444097676624,10.73759774153185,0.18954916013597206
537,40.04459389943607,10.757596147482442,0.18933649020494783
538,40.04474668231245,10.77759449679329,0.18911839363848693
539,40.04489932142697,10.797592787834827,0.18889485336243278
540,40.0450518128013,10.817591018963716,0.18866585231879068
541,40.04520415244722,10.83758918852282,0.18843137346577277
542,40.04535633636664,10.857587294841172,0.18819139977784294
543,40.04550836055164,10.87758533623395,0.18794591424576174
544,40.045660220984544,10.897583311002442,0.1876948998766311
545,40.04581191363788,10.917581217434023,0.18743833969393894
546,40.04596343447449,10.937579053802125,0.18717621673760376
547,40.04611477944753,10.95757681836621,0.18690851406401912
548,40.04626594450051,10.97757450937174,0.18663521474609795
549,40.04641692556735,10.997572125050153,0.18635630187331684
550,40.04656771857238,11.01756966361883,0.18607175855176017
551,40.046718319430425,11.03756712328107,0.18578156790416428
552,40.04686872404679,11.057564502226068,0.1854857130699613
553,40.04701892831734,11.07756179862888,0.18518417720532318
554,40.04716892812853,11.097559010650398,0.18487694348320527
555,40.0473187193574,11.11755613643733,0.18456399509339022
556,40.047468297871674,11.137553174122164,0.18424531524253138
557,40.047617659529756,11.15755012182315,0.1839208871541964
558,40.04776680018078,11.177546977644264,0.18359069406891057
559,40.04791571566465,11.197543739675194,0.18325471924420003
560,40.04806440181207,11.217540405991304,0.1829129459546351
561,40.048212854444586,11.237536974653615,0.18256535749187325
562,40.04836106937463,11.257533443708775,0.18221193716470216
563,40.04850904240554,11.277529811189037,0.1818526682990826
564,40.04865676933162,11.297526075112232,0.18148753423819108
565,40.048804245938165,11.317522233481744,0.18111651834246278
566,40.04895146800148,11.337518284286487,0.18073960398963396
567,40.049098431288975,11.357514225500877,0.18035677457478447
568,40.04924513155913,11.37751005508481,0.17996801351038016
569,40.049391564561596,11.39750577098364,0.17957330422631523
570,40.04953772603718,11.417501371128148,0.1791726301699543
571,40.04968361171793,11.437496853434528,0.17876597480617454
572,40.049829217327144,11.45749221580435,0.1783533216174077
573,40.04997453857941,11.477487456124553,0.17793465410368187
574,40.050119571180666,11.497482572267405,0.17750995578266343
575,40.05026431082821,11.51747756209049,0.17707921018969858
576,40.05040875321075,11.537472423436682,0.17664240087785496
577,40.05055289400846,11.557467154134125,0.17619951141796317
578,40.05069672889298,11.577461751996202,0.1757505253986581
579,40.05084025352748,11.597456214821523,0.17529542642642015
580,40.05098346356671,11.617450540393898,0.17483419812561654
581,40.05112635465701,11.637444726482311,0.1743668241385422
582,40.05126892243636,11.657438770840903,0.17389328812546084
583,40.05141116253442,11.67743267120895,0.17341357376464578
584,40.05155307057259,11.697426425310836,0.1729276647524207
585,40.051694642164,11.71742003085604,0.17243554480320025
586,40.05183587291359,11.737413485539111,0.1719371976495307
587,40.05197675841814,11.757406787039642,0.17143260704213026
588,40.05211729426629,11.777399933022252,0.17092175674992952
589,40.0522574760386,11.797392921136574,0.17040463056011157
590,40.05239729930758,11.817385749017216,0.16988121227815228
591,40.05253675963774,11.83737841428376,0.1693514857278602
592,40.05267585258561,11.85737091454073,0.16881543475141653
593,40.05281457369979,11.877363247377575,0.16827304320941489
594,40.052952918521,11.897355410368647,0.1677242949809011
595,40.05309088258209,11.917347401073185,0.16716917396341277
596,40.053228461408104,11.937339217035293,0.16660766407301872
597,40.053365650516305,11.95733085578392,0.1660397492443585
598,40.053502445416235,11.977322314832847,0.16546541343068152
599,40.05363884160973,11.997313591680657,0.16488464060388644
600,40.05377483459098,12.017304683810725,0.16429741475456003
601,40.05391041984654,12.037295588691196,0.1637037198920163
602,40.054045592855395,12.057286303774966,0.16310354004433525
603,40.054180349089,12.077276826499665,0.16249685925840174
604,40.05431468401131,12.097267154287639,0.16188366159994405
605,40.0544485930788,12.117257284545934,0.16126393115357246
606,40.054582071740555,12.137247214666269,0.16063765202281766
607,40.054715115438256,12.15723694202503,0.16000480833016914
608,40.05484771960626,12.177226463983246,0.15936538421711335
609,40.054979879671606,12.197215777886573,0.15871936384417185
610,40.055111591054086,12.217204881065278,0.15806673139093927
611,40.05524284916627,12.23719377083422,0.15740747105612132
612,40.05537364941354,12.257182444492837,0.15674156705757247
613,40.05550398719413,12.277170899325125,0.15606900363233367
614,40.05563385789918,12.297159132599619,0.15538976503666993
615,40.055763256912776,12.31714714156939,0.15470383554610784
616,40.055892179611966,12.337134923472014,0.1540111994554728
617,40.05602062136682,12.357122475529566,0.15331184107892643
618,40.05614857754046,12.377109794948598,0.15260574475000357
619,40.05627604348912,12.397096878920127,0.15189289482164944
620,40.05640301456216,12.417083724619618,0.15117327566625646
621,40.05652948610211,12.437070329206971,0.15044687167570112
622,40.056655453444726,12.457056689826505,0.1497136672613807
623,40.05678091191903,12.47704280360694,0.1489736468542498
624,40.05690585684732,12.497028667661388,0.14822679490485696
625,40.05703028354525,12.517014279087336,0.14747309588338087
626,40.05715418732184,12.536999634966628,0.14671253427966677
627,40.05727756347953,12.556984732365459,0.14594509460326255
628,40.05740040731422,12.576969568334352,0.14517076138345483
629,40.0575227141153,12.596954139908153,0.14438951916930487
630,40.05764447916571,12.61693844410601,0.14360135252968442
631,40.05776569774196,12.636922477931362,0.14280624605331144
632,40.05788636511417,12.656906238371931,0.14200418434878564
633,40.05800647654614,12.6768897223997,0.14119515204462416
634,40.05812602729535,12.696872926970906,0.14037913378929673
635,40.05824501261303,12.716855849026025,0.1395561142512611
636,40.058363427744176,12.736838485489764,0.1387260781189982
637,40.05848126792762,12.75682083327104,0.1378890101010471
638,40.05859852839604,12.776802889262978,0.13704489492604002
639,40.05871520437603,12.796784650342888,0.13619371734273716
640,40.058831291088104,12.816766113372264,0.13533546212006148
641,40.05894678374678,12.836747275196766,0.13447011404713313
642,40.05906167756057,12.856728132646207,0.13359765793330416
643,40.05917596773208,12.87670868253455,0.13271807860819282
644,40.059289649458,12.896688921659889,0.13183136092171774
645,40.05940271792917,12.91666884680444,0.13093748974413227
646,40.05951516833059,12.93664845473453,0.13003644996605843
647,40.05962699584152,12.956627742200592,0.12912822649852082
648,40.05973819563546,12.976606705937144,0.12821280427298054
649,40.05984876288022,12.996585342662788,0.12729016824136882
650,40.059958692737965,13.016563649080197,0.1263603033761207
651,40.06006798036523,13.036541621876102,0.12542319467020846
652,40.06017662091299,13.056519257721288,0.12447882713717502
653,40.06028460952668,13.076496553270578,0.12352718581116721
654,40.060391941346246,13.096473505162834,0.12256825574696892
655,40.060498611506176,13.116450110020931,0.1216020220200341
656,40.06060461513555,13.136426364451768,0.12062846972651978
657,40.060709947358085,13.156402265046243,0.11964758398331878
658,40.06081460329215,13.17637780837925,0.11865934992809246
659,40.060918578050845,13.196352991009675,0.11766375271930335
660,40.06102186674201,13.216327809480383,0.11666077753624753
661,40.06112446446828,13.236302260318208,0.11565040957908704
662,40.06122636632711,13.25627634003395,0.11463263406888215
663,40.06132756741085,13.27625004512236,0.11360743624762346
664,40.06142806280675,13.296223372062146,0.11257480137826391
665,40.061527847597006,13.31619631731595,0.11153471474475073
666,40.061626916858835,13.336168877330348,0.11048716165205719
667,40.061725265664464,13.356141048535846,0.10943212742621429
668,40.061822889081206,13.376112827346867,0.10836959741434235
669,40.06191978217149,13.396084210161748,0.10729955698468241
670,40.06201593999292,13.416055193362729,0.10622199152662762
671,40.06211135759826,13.436025773315954,0.10513688645075442
672,40.06220603003555,13.45599594637146,0.10404422718885366
673,40.06229995234808,13.475965708863168,0.1029439991939616
674,40.06239311957447,13.495935057108886,0.1018361879403908
675,40.06248552674872,13.515903987410294,0.10072077892376084
676,40.06257716890021,13.535872496052944,0.09959775766102902
677,40.06266804105377,13.555840579306253,0.09846710969052086
678,40.062758138229704,13.575808233423498,0.09732882057196053
679,40.06284745544385,13.59577545464181,0.09618287588650115
680,40.06293598770761,13.615742239182174,0.09502926123675501
681,40.063023730027986,13.635708583249414,0.09386796224682359
682,40.06311067740762,13.6556744830322,0.09269896456232757
683,40.06319682484485,13.675639934703037,0.09152225385043665
684,40.06328216733374,13.695604934418263,0.09033781579989929
685,40.06336669986411,13.715569478318043,0.0891456361210723
686,40.063450417421606,13.735533562526369,0.08794570054595038
687,40.06353331498771,13.75549718315105,0.08673799482819548
688,40.06361538753979,13.775460336283718,0.08552250474316606
689,40.063696630051155,13.795423017999815,0.08429921608794623
690,40.06377703749107,13.815385224358597,0.08306811468137486
691,40.06385660482483,13.835346951403125,0.08182918636407441
692,40.06393532701376,13.85530819516027,0.08058241699847979
693,40.0640131990153,13.8752689516407,0.07932779246886704
694,40.064090215783004,13.89522921683889,0.07806529868138189
695,40.064166372266605,13.915188986733108,0.07679492156406824
696,40.064241663412055,13.93514825728542,0.07551664706689648
697,40.06431608416155,13.955107024441684,0.07423046116179174
698,40.064389629453586,13.975065284131555,0.072936349842662
699,40.064462294223,13.995023032268472,0.07163429912542602
700,40.064534073401,14.01498026474967,0.07032429504804133
701,40.06460496191521,14.034936977456168,0.0690063236705319
702,40.06467495468971,14.054893166252771,0.06768037107501584
703,40.064744046645075,14.074848826988074,0.06634642336573289
704,40.06481223269842,14.094803955494454,0.06500446666907186
705,40.06487950776345,14.114758547588073,0.06365448713359793
706,40.06494586675047,14.134712599068878,0.06229647093007981
707,40.06501130456645,14.1546661057206,0.06093040425151681
708,40.06507581611506,14.174619063310752,0.059556273313165806
709,40.065139396296715,14.194571467590634,0.05817406435256805
710,40.06520204000861,14.214523314295327,0.05678376362957589
711,40.065263742144744,14.2344745991437,0.05538535742637939
712,40.065324497596,14.254425317838404,0.05397883204753278
713,40.065384301250155,14.274375466065877,0.052564173819980825
714,40.065443147991914,14.294325039496345,0.0511413690930851
715,40.065501032702976,14.31427403378382,0.04971040423865009
716,40.06555795026207,14.334222444566104,0.04827126565094924
717,40.06561389554496,14.354170267464788,0.04682393974675081
718,40.06566886342455,14.374117498085258,0.045368412965343684
719,40.06572284877085,14.394064132016695,0.04390467176856304
720,40.06577584645107,14.414010164832069,0.042432702640815875
721,40.065827851329644,14.433955592088154,0.04095249208910646
722,40.06587885826827,14.453900409325522,0.03946402664306163
723,40.06592886212595,14.473844612068547,0.037967292854956
724,40.06597785775902,14.493788195825408,0.03646227729973703
725,40.06602584002121,14.513731156088092,0.03494896657505
726,40.06607280376367,14.533673488332397,0.033427347301262844
727,40.066118743835005,14.553615188017934,0.031897406121490904
728,40.06616365508133,14.573556250588132,0.030359129701621503
729,40.06620753234632,14.593496671470238,0.02881250473033847
730,40.0662503704712,14.613436446075323,0.027257517919146507
731,40.06629216429485,14.633375569798288,0.02569415600239545
732,40.06633290865379,14.653314038017863,0.024122405737304415
733,40.06637259838226,14.673251846096614,0.022542253903985815
734,40.066411228312234,14.693188989380944,0.020953687305469284
735,40.066448793273466,14.713125463201106,0.019356692767725458
736,40.066485288093546,14.733061262871194,0.017751257139689648
737,40.06652070759791,14.75299638368916,0.01613736729328541
738,40.06655504660991,14.77293082093681,0.014515010123447969
739,40.06658829995084,14.792864569879818,0.012884172548147554
740,40.06662046243996,14.81279762576772,0.011244841508412602
741,40.06665152889456,14.832729983833929,0.009597003968352842
742,40.06668149413,14.852661639295732,0.00794064691518227
743,40.06671035295974,14.872592587354307,0.006275757359242001
744,40.06673810019536,14.892522823194717,0.004602322334023007
745,40.06676473064663,14.912452341985922,0.0029203288961887367
746,40.06679023912156,14.932381138880785,0.0012297641255976175
747,40.066814620426385,14.952309209016077,-0.00046938487467456
748,40.06683786936566,14.972236547512484,-0.0021771309783123736
749,40.06685998074227,14.99216314947461,-0.0038934870357386197
750,40.06688094935748,15.01208900999099,-0.005618465874092279
751,40.066900770010974,15.032014124134095,-0.007352080297206602
752,40.06691943750088,15.051938486960333,-0.009094343085587308
753,40.06693694662383,15.071862093510065,-0.010845266996390905
754,40.066953292174986,15.091784938807608,-0.012604864763403128
755,40.0669684689481,15.11170701786124,-0.014373149097017488
756,40.06698247173551,15.131628325663215,-0.016150132684213944
757,40.06699529532822,15.151548857189761,-0.01793582818853769
758,40.06700693451592,15.171468607401097,-0.019730248250078058
759,40.067017384087045,15.191387571241437,-0.02153340548544755
760,40.06702663882878,15.211305743638997,-0.023345312487760957
761,40.06703469352712,15.231223119506005,-0.025165981826614642
762,40.06704154296692,15.251139693738711,-0.026995426048065888
763,40.067047181931905,15.271055461217394,-0.0288336576746124
764,40.06705160520474,15.29097041680637,-0.030680689205171918
765,40.06705480756705,15.310884555354004,-0.03253653311506194
766,40.067056783799444,15.330797871692715,-0.034401201855979543
767,40.0670575286816,15.350710360638988,-0.03627470785598138
768,40.06705703699227,15.370622016993385,-0.03815706351946373
769,40.0670553035093,15.390532835540553,-0.040048281227142685
770,40.06705232300972,15.41044281104923,-0.041948373336034496
771,40.06704809026974,15.430351938272262,-0.043857352179435954
772,40.06704260006483,15.450260211946608,-0.045775230066904975
773,40.067035847169706,15.470167626793353,-0.047702019284241226
774,40.0670278263584,15.490074177517716,-0.04963773209346694
775,40.0670185324043,15.50997985880906,-0.05158238073280778
776,40.06700796008018,15.52988466534091,-0.05353597741667386
777,40.06699610415826,15.549788591770954,-0.0554985343356409
778,40.06698295941018,15.569691632741057,-0.057470063656431425
779,40.06696852060713,15.589593782877277,-0.05945057752189616
780,40.06695278251982,15.60949503678987,-0.06144008805099551
781,40.066935739918534,15.629395389073304,-0.06343860733878114
782,40.06691738757319,15.649294834306271,-0.06544614745637768
783,40.06689772025336,15.669193367051701,-0.0674627204509646
784,40.066876732728296,15.689090981856767,-0.06948833834575811
785,40.066854419767,15.708987673252901,-0.07152301313999325
786,40.066830776138225,15.72888343575581,-0.07356675680890605
787,40.06680579661056,15.748778263865482,-0.07561958130371584
788,40.06677947595241,15.768672152066202,-0.07768149855160764
789,40.06675180893208,15.788565094826561,-0.07975252045571474
790,40.066722790317804,15.808457086599473,-0.08183265889510129
791,40.06669241487776,15.828348121822188,-0.08392192572474508
792,40.06666067738012,15.8482381949163,-0.08602033277552044
793,40.06662757259311,15.868127300287766,-0.08812789185418123
794,40.06659309528502,15.888015432326913,-0.09024461474334389
795,40.06655724022425,15.907902585408458,-0.09237051320147076
796,40.06652000217934,15.927788753891518,-0.09450559896285336
797,40.06648137591902,15.947673932119622,-0.09664988373759588
798,40.066441356212245,15.967558114420731,-0.09880337921159874
799,40.06639993782824,15.987441295107246,-0.10096609704654227
800,40.0663571155365,16.007323468476024,-0.10313804887987056
801,40.06631288410688,16.02720462880839,-0.10531924632477535
802,40.06626723830959,16.047084770370162,-0.10750970097018006
803,40.06622017291527,16.066963887411646,-0.10970942438072398
804,40.066171682694986,16.086841974167672,-0.11191842809674651
805,40.06612176242028,16.106719024857597,-0.11413672363427159
806,40.06607040686324,16.126595033685316,-0.11636432248499214
807,40.06601761079649,16.14646999483929,-0.11860123611625473
808,40.06596336899326,16.166343902492553,-0.1208474759710443
809,40.065907676227404,16.186216750802725,-0.12310305346796899
810,40.06585052727344,16.206088533912034,-0.12536798000124513
811,40.065791916906605,16.22595924594733,-0.12764226694068231
812,40.06573183990286,16.2458288810201,-0.1299259256316686
813,40.065670291038955,16.265697433226475,-0.1322189673951558
814,40.06560726509245,16.28556489664727,-0.1345214035276449
815,40.06554275684176,16.30543126534797,-0.13683324530117172
816,40.06547676106617,16.32529653337877,-0.13915450396329232
817,40.06540927254592,16.345160694774577,-0.14148519073706906
818,40.06534028606218,16.365023743555042,-0.1438253168210563
819,40.06526979639713,16.384885673724558,-0.1461748933892864
820,40.065197798333976,16.404746479272283,-0.14853393159125602
821,40.065124286657,16.42460615417217,-0.15090244255191212
822,40.06504925615159,16.44446469238297,-0.15328043737163843
823,40.06497270160426,16.464322087848245,-0.15566792712624192
824,40.06489461780272,16.484178334496406,-0.1580649228669393
825,40.06481499953588,16.504033426240714,-0.16047143562034377
826,40.06473384159391,16.523887356979294,-0.16288747638845186
827,40.064651138768255,16.543740120595174,-0.16531305614863023
828,40.06456688585168,16.563591710956278,-0.1677481858536028
829,40.06448107763831,16.58344212191546,-0.17019287643143788
830,40.06439370892367,16.60329134731052,-0.17264713878553542
831,40.064304774504684,16.623139380964215,-0.1751109837946144
832,40.06421426917978,16.642986216684285,-0.17758442231270027
833,40.06412218774885,16.662831848263473,-0.18006746516911265
834,40.06402852501334,16.68267626947953,-0.18256012316845294
835,40.06393327577626,16.702519474095247,-0.1850624070905922
836,40.063836434842216,16.722361455858476,-0.18757432769065915
837,40.06373799701746,16.74220220850214,-0.19009589569902813
838,40.06363795710993,16.76204172574425,-0.19262712182130734
839,40.06353630992926,16.781880001287938,-0.1951680167383271
840,40.06343305028684,16.801717028821464,-0.19771859110612827
841,40.063328172995824,16.82155280201824,-0.20027885555595074
842,40.063221672871194,16.84138731453685,-0.20284882069422205
843,40.06311354472979,16.861220560021067,-0.20542849710254618
844,40.063003783390315,16.881052532099883,-0.20801789533769233
845,40.06289238367341,16.900883224387513,-0.21061702593158393
846,40.06277934040166,16.92071263048343,-0.21322589939128775
847,40.062664648399654,16.940540743972367,-0.215844526199003
848,40.06254830249398,16.960367558424362,-0.21847291681205072
849,40.06243029751331,16.980193067394765,-0.22111108166286317
850,40.062310628288394,17.00001726442425,-0.22375903115897333
851,40.06218928965211,17.019840143038852,-0.22641677568300458
852,40.0620662764395,17.039661696749977,-0.22908432559266045
853,40.06194158348781,17.059481919054434,-0.23176169122071447
854,40.06181520563649,17.079300803434442,-0.23444888287500013
855,40.06168713772728,17.09911834335766,-0.237145910838401
856,40.06155737460421,17.11893453227721,-0.23985278536884097
857,40.061425911113645,17.13874936363169,-0.24256951669927448
858,40.06129274210431,17.158562830845206,-0.24529611503767704
859,40.06115786242732,17.17837492732739,-0.24803259056703564
860,40.06102126693626,17.198185646473412,-0.25077895344533957
861,40.060882950487134,17.21799498166402,-0.25353521380557104
862,40.06074290793848,17.237802926265545,-0.2563013817556961
863,40.06060113415137,17.257609473629934,-0.25907746737865567
864,40.06045762398943,17.27741461709477,-0.26186348073235655
865,40.06031237231888,17.29721834998329,-0.2646594318496627
866,40.06016537400861,17.317020665604414,-0.26746533073838646
867,40.060016623930146,17.33682155725276,-0.2702811873812802
868,40.05986611695772,17.35662101820868,-0.2731070117360276
869,40.05971384796832,17.37641904173827,-0.2759428137352354
870,40.05955981184167,17.39621562109339,-0.27878860328642513
871,40.05940400346033,17.416010749511702,-0.2816443902720252
872,40.05924641770966,17.435804420216687,-0.28451018454936255
873,40.05908704947791,17.455596626417663,-0.28738599595065495
874,40.05892589365622,17.47538736130981,-0.2902718342830031
875,40.058762945138675,17.4951766180742,-0.29316770932838315
876,40.0585981988223,17.514964389877814,-0.29607363084363875
877,40.058431649607144,17.53475066987357,-0.2989896085604739
878,40.05826329239626,17.554535451200348,-0.3019156521854455
879,40.0580931220958,17.574318726983,-0.3048517713999561
880,40.05792113361497,17.594100490332398,-0.30779797586024676
881,40.05774732186614,17.613880734345436,-0.31075427519738996
882,40.05757168176481,17.633659452105068,-0.3137206790172828
883,40.0573942082297,17.653436636680325,-0.3166971969006401
884,40.057214896182735,17.673212281126347,-0.3196838384029877
885,40.0570337405491,17.6929863784844,-0.322680613054656
886,40.056850736257275,17.7127589217819,-0.32568753036077325
887,40.056665878239045,17.732529904032454,-0.3287045998012594
888,40.056479161429564,17.75229931823586,-0.3317318308308196
889,40.05629058076737,17.77206715737815,-0.33476923287893834
890,40.0561001311944,17.791833414431604,-0.3378168153498731
891,40.05590780765605,17.81159808235479,-0.3408745876226487
892,40.0557136051012,17.83136115409258,-0.34394255905105114
893,40.055517518482226,17.851122622576163,-0.3470207389636222
894,40.055319542755065,17.870882480723097,-0.3501091366636535
895,40.05511967287921,17.890640721437315,-0.3532077614291814
896,40.05491790381775,17.910397337609158,-0.35631662251298124
897,40.05471423053745,17.9301523221154,-0.35943572914256217
898,40.05450864800869,17.949905667819273,-0.36256509052016195
899,40.05430115120559,17.96965736757049,-0.365704715822742
900,40.05409173510598,17.989407414205285,-0.36885461420198223
901,40.05388039469144,18.009155800546417,-0.3720147947842763
902,40.05366712494737,18.02890251940321,-0.3751852666707268
903,40.053451920862955,18.04864756357159,-0.3783660389371407
904,40.053234777431264,18.06839092583408,-0.3815571206340247
905,40.05301568964923,18.088132598959866,-0.38475852078658085
906,40.0527946525177,18.10787257570479,-0.3879702483947022
907,40.05257166104147,18.127610848811393,-0.3911923124329685
908,40.05234671022931,18.147347411008944,-0.3944247218506423
909,40.05211979509399,18.167082255013455,-0.3976674855716648
910,40.05189091065231,18.186815373527722,-0.40092061249465183
911,40.051660051925154,18.206546759241345,-0.40418411149289024
912,40.05142721393748,18.226276404830756,-0.40745799141433414
913,40.05119239171838,18.246004302959243,-0.4107422610816013
914,40.0509555803011,18.265730446276986,-0.41403692929196967
915,40.050716774723064,18.285454827421074,-0.417342004817374
916,40.05047597002592,18.305177439015544,-0.42065749640440264
917,40.050233161255555,18.324898273671398,-0.42398341277429424
918,40.049988343462125,18.34461732398664,-0.42731976262293475
919,40.0497415117001,18.3643345825463,-0.4306665546208545
920,40.04949266102827,18.384050041922457,-0.4340237974132254
921,40.049241786509796,18.403763694674275,-0.4373914996198579
922,40.048988883212225,18.423475533348032,-0.44076966983519883
923,40.04873394620753,18.44318555047714,-0.44415831662832833
924,40.04847697057212,18.462893738582174,-0.44755744854295787
925,40.0482179513869,18.482600090170916,-0.4509670740974276
926,40.04795688373728,18.502304597738362,-0.45438720178470426
927,40.04769376271319,18.522007253766766,-0.4578178400723791
928,40.047428583409136,18.54170805072566,-0.46125899740266574
929,40.04716134092423,18.56140698107189,-0.4647106821923983
930,40.04689203036218,18.581104037249638,-0.4681729028330297
931,40.04662064683137,18.600799211690457,-0.4716456676906297
932,40.04634718544486,18.620492496813295,-0.4751289851058836
933,40.0460716413204,18.64018388502453,-0.47862286339409044
934,40.0457940095805,18.659873368717992,-0.4821273108451618
935,40.04551428535241,18.679560940274996,-0.4856423357236204
936,40.0452324637682,18.699246592064373,-0.48916794626859905
937,40.04494853996475,18.718930316442503,-0.49270415069383927
938,40.04466250908378,18.73861210575333,-0.4962509571876906
939,40.044374366271896,18.75829195232841,-0.4998083739131094
940,40.04408410668061,18.777969848486926,-0.5033764090076585
941,40.04379172546636,18.79764578653573,-0.5069550705835061
942,40.04349721779056,18.817319758769358,-0.5105443667274253
943,40.043200578819594,18.83699175747008,-0.5141443055007938
944,40.04290180372487,18.856661774907913,-0.5177548949395933
945,40.04260088768284,18.876329803340656,-0.521376143054409
946,40.042297825875025,18.895995835013924,-0.5250080578304303
947,40.04199261348805,18.915659862161174,-0.5286506472274496
948,40.04168524571366,18.93532187700374,-0.5323039191798631
949,40.04137571774874,18.95498187175086,-0.5359678815966705
950,40.04106402479539,18.974639838599703,-0.5396425423614757
951,40.040750162060874,18.99429576973541,-0.5433279093324864
952,40.04043412475772,19.01394965733111,-0.5470239903425154
953,40.040115908103694,19.03360149354797,-0.5507307931989801
954,40.03979550732188,19.053251270535206,-0.5544483256839041
955,40.03947291764064,19.072898980430132,-0.5581765955539173
956,40.03914813429369,19.09254461535817,-0.561915610540257
957,40.03882115252013,19.11218816743291,-0.5656653783487685
958,40.038491967564426,19.13182962875611,-0.5694259066599068
959,40.03816057467648,19.151468991417744,-0.5731972031287368
960,40.03782696911164,19.171106247496034,-0.5769792753849352
961,40.037491146130726,19.190741389057482,-0.5807721310327917
962,40.037153101000044,19.21037440815689,-0.58457577765121
963,40.03681282899143,19.230005296837405,-0.58839022279371
964,40.036470325382275,19.249634047130538,-0.5922154739884288
965,40.03612558545555,19.26926065105621,-0.5960515387381224
966,40.03577860449982,19.288885100622775,-0.5998984245201684
967,40.035429377809265,19.30850738782705,-0.6037561387865665
968,40.035077900683746,19.32812750465435,-0.6076246889639418
969,40.03472416842878,19.347745443078523,-0.6115040824535461
970,40.0343681763556,19.367361195061978,-0.6153943266312604
971,40.034009919781155,19.386974752555712,-0.6192954288475969
972,40.03364939402817,19.406586107499358,-0.623207396427702
973,40.03328659442513,19.426195251821202,-0.6271302366713581
974,40.03292151630633,19.44580217743822,-0.6310639568529868
975,40.0325541550119,19.46540687625611,-0.6350085642216508
976,40.03218450588783,19.48500934016933,-0.6389640660010575
977,40.031812564285964,19.504609561061123,-0.6429304693895614
978,40.03143832556408,19.524207530803555,-0.6469077815601674
979,40.031061785085875,19.543803241257535,-0.6508960096605331
980,40.03068293822099,19.563396684272874,-0.6548951608129728
981,40.03030178034506,19.582987851688287,-0.6589052421144607
982,40.02991830683971,19.602576735331446,-0.6629262606366336
983,40.0295325130926,19.62216332701901,-0.6669582234257949
984,40.02914439449743,19.641747618556646,-0.671001137502918
985,40.02875394645399,19.66132960173908,-0.6750550098636499
986,40.028361164368164,19.680909268350117,-0.6791198474783147
987,40.02796604365196,19.70048661016268,-0.683195657291918
988,40.02756857972353,19.72006161893884,-0.6872824462241504
989,40.0271687680072,19.739634286429848,-0.6913802211693915
990,40.026766603933496,19.759204604376173,-0.6954889889967141
991,40.02636208293915,19.778772564507534,-0.6996087565498883
992,40.02595520046715,19.798338158542933,-0.703739530647386
993,40.02554595196675,19.817901378190687,-0.7078813180823853
994,40.02513433289347,19.83746221514846,-0.7120341256227746
995,40.02472033870918,19.857020661103302,-0.7161979600111573
996,40.02430396488206,19.87657670773168,-0.720372827964857
997,40.02388520688665,19.89613034669951,-0.7245587361759215
998,40.02346406020389,19.915681569662194,-0.728755691311128
999,40.0230405203211,19.935230368264648,-0.7329637000119883
1000,40.022614582732054,19.954776734141344,-0.7371827688947531
1001,40.02218624293696,19.974320658916337,-0.741412904550418
1002,40.0217554964425,19.9938621342033,-0.7456541135447279
1003,40.02132233876187,20.013401151605567,-0.7499064024181831
1004,40.020886765414765,20.032937702716154,-0.7541697776860441
1005,40.02044877192743,20.0524717791178,-0.7584442458383372
1006,40.02000835383267,20.072003372382998,-0.7627298133398606
1007,40.019565506669885,20.091532474074036,-0.767026486630189
1008,40.01912022598508,20.111059075743025,-0.7713342721236806
1009,40.01867250733088,20.13058316893193,-0.7756531762094819
1010,40.01822234626658,20.15010474517262,-0.7799832052515346
1011,40.01776973835814,20.16962379598688,-0.7843243655885808
1012,40.01731467917822,20.189140312886465,-0.7886766635341695
1013,40.016857164306195,20.208654287373122,-0.793040105376663
1014,40.01639718932818,20.228165710938633,-0.7974146973792429
1015,40.01593474983706,20.24767457506485,-0.8018004457799164
1016,40.01546984143249,20.26718087122371,-0.8061973567915233
1017,40.015002459720954,20.286684590877307,-0.8106054366017419
1018,40.01453260031573,20.30618572547789,-0.8150246913730963
1019,40.01406025883697,20.325684266467913,-0.8194551272429629
1020,40.01358543091168,20.345180205280084,-0.8238967503235768
1021,40.01310811217377,20.36467353333737,-0.8283495667020395
1022,40.01262829826404,20.384164242053057,-0.8328135824403256
1023,40.01214598483024,20.40365232283077,-0.8372888035752893
1024,40.01166116752707,20.423137767064517,-0.8417752361186729
1025,40.011173842016206,20.442620566138725,-0.8462728860571127
1026,40.01068400396631,20.462100711428267,-0.8507817593521474
1027,40.01019164905306,20.4815781942985,-0.8553018619402248
1028,40.00969677295918,20.501053006105302,-0.8598331997327101
1029,40.00919937137444,20.52052513819511,-0.8643757786158927
1030,40.008699439995695,20.539994581904953,-0.8689296044509944
1031,40.00819697452688,20.559461328562477,-0.8734946830741775
1032,40.007691970679076,20.578925369486004,-0.8780710202965519
1033,40.007184424170475,20.598386695984544,-0.8826586219041836
1034,40.00667433072643,20.617845299357842,-0.8872574936581029
1035,40.006161686079494,20.637301170896414,-0.891867641294312
1036,40.005646485969386,20.656754301881577,-0.8964890705237935
1037,40.00512872614306,20.67620468358549,-0.901121787032519
1038,40.00460840235471,20.69565230727118,-0.9057657964814573
1039,40.00408551036577,20.7150971641926,-0.9104211045065825
1040,40.00356004594496,20.734539245594636,-0.9150877167188832
1041,40.003032004868295,20.75397854271316,-0.9197656387043709
1042,40.00250138291911,20.773415046775067,-0.9244548760240884
1043,40.00196817588805,20.792848748998303,-0.9291554342141193
1044,40.00143237957315,20.8122796405919,-0.9338673187855964
1045,40.00089398977979,20.83170771275602,-0.9385905352247108
1046,40.00035300232075,20.85113295668199,-0.9433250889927213
1047,39.999809413016216,20.87055536355233,-0.9480709855259629
1048,39.99926321769381,20.889974924540798,-0.9528282302358568
1049,39.99871441218859,20.909391630812415,-0.9575968285089193
1050,39.99816299234309,20.928805473523514,-0.9623767857067709
1051,39.997608954007326,20.948216443821767,-0.9671681071661468
1052,39.99705229303883,20.967624532846227,-0.9719707981989053
1053,39.996493005302625,20.98702973172736,-0.9767848640920385
1054,39.995931086671305,21.006432031587085,-0.9816103101076812
1055,39.995366533025006,21.025831423538804,-0.9864471414831212
1056,39.99479934025145,21.045227898687447,-0.9912953634308092
1057,39.99422950424594,21.064621448129497,-0.9961549811383685
1058,39.993657020911414,21.08401206295304,-1.0010259997686055
1059,39.99308188615842,21.10339973423779,-1.0059084244595193
1060,39.99250409590516,21.122784453055132,-1.0108022603243125
1061,39.99192364607751,21.142166210468158,-1.0157075124514012
1062,39.99134053260902,21.161544997531696,-1.0206241859044256
1063,39.99075475144095,21.180920805292352,-1.0255522857222599
1064,39.99016629852227,21.200293624788557,-1.0304918169190234
1065,39.98957516980969,21.219663447050582,-1.0354427844840914
1066,39.988981361267676,21.239030263100588,-1.0404051933821052
1067,39.988384868868465,21.258394063952668,-1.0453790485529832
1068,39.98778568859208,21.277754840612868,-1.0503643549119321
1069,39.98718381642635,21.297112584079233,-1.0553611173494575
1070,39.98657924836693,21.316467285341847,-1.0603693407313746
1071,39.9859719804173,21.33581893538286,-1.06538902989882
1072,39.98536200858881,21.355167525176533,-1.0704201896682626
1073,39.984749328900676,21.37451304568927,-1.075462824831515
1074,39.984133937380015,21.39385548787966,-1.0805169401557446
1075,39.98351583006183,21.413194842698505,-1.0855825403834851
1076,39.98289500298907,21.43253110108887,-1.0906596302326481
1077,39.98227145221259,21.451864253986102,-1.0957482143965345
1078,39.981645173791236,21.471194292317886,-1.1008482975438467
1079,39.9810161637918,21.490521207004267,-1.1059598843186995
1080,39.98038441828907,21.509844988957695,-1.1110829793406327
1081,39.97974993336584,21.52916562908306,-1.1162175872046225
1082,39.97911270511292,21.54848311827773,-1.1213637124810936
1083,39.97847272962915,21.567797447431584,-1.1265213597159314
1084,39.977830003021445,21.587108607427055,-1.1316905334304936
1085,39.97718452140475,21.60641658913916,-1.1368712381216235
1086,39.97653628090212,21.62572138343555,-1.142063478261661
1087,39.97588527764469,21.645022981176524,-1.1472672582984558
1088,39.97523150777173,21.664321373215092,-1.1524825826553795
1089,39.97457496743062,21.683616550396994,-1.157709455731338
1090,39.973915652776896,21.702908503560746,-1.1629478819007846
1091,39.97325355997424,21.722197223537673,-1.168197865513732
1092,39.97258868519452,21.74148270115195,-1.1734594108957652
1093,39.9719210246178,21.760764927220634,-1.1787325223480547
1094,39.971250574432325,21.78004389255371,-1.184017204147369
1095,39.97057733083458,21.799319587954116,-1.189313460546088
1096,39.96990129002928,21.818592004217788,-1.194621295772215
1097,39.969222448229374,21.8378611321337,-1.1999407140293914
1098,39.9685408016561,21.857126962483893,-1.205271719496908
1099,39.96785634653895,21.876389486043518,-1.2106143163297198
1100,39.967169079115735,21.895648693580874,-1.2159685086584586
1101,39.96647899563255,21.91490457585744,-1.2213343005894466
1102,39.96578609234381,21.93415712362792,-1.2267116962047095
1103,39.96509036551229,21.95340632764027,-1.232100699561991
1104,39.964391811409094,21.972652178635744,-1.2375013146947649
1105,39.96369042631369,21.99189466734893,-1.2429135456122504
1106,39.96298620651393,22.011133784507788,-1.2483373962994249
1107,39.96227914830607,22.030369520833677,-1.2537728707170377
1108,39.96156924799474,22.049601867041414,-1.2592199728016247
1109,39.96085650189302,22.068830813839284,-1.2646787064655216
1110,39.9601409063224,22.088056351929104,-1.2701490755968783
1111,39.95942245761284,22.107278472006243,-1.2756310840596732
1112,39.95870115210273,22.126497164759666,-1.281124735693727
1113,39.957976986138966,22.145712420871966,-1.2866300343147172
1114,39.9572499560769,22.164924231019413,-1.2921469837141923
1115,39.956520058280404,22.18413258587198,-1.2976755876595862
1116,39.95578728912186,22.203337476093385,-1.3032158498942328
1117,39.95505164498217,22.222538892341127,-1.3087677741373804
1118,39.95431312225078,22.241736825266532,-1.3143313640842067
1119,39.95357171732568,22.260931265514774,-1.3199066234058328
1120,39.95282742661344,22.280122203724925,-1.3254935557493384
1121,39.95208024652919,22.299309630529994,-1.3310921647377765
1122,39.951330173496665,22.318493536556954,-1.3367024539701884
1123,39.95057720394819,22.33767391242679,-1.3423244270216188
1124,39.94982133432472,22.356850748754532,-1.3479580874431303
1125,39.94906256107582,22.37602403614929,-1.3536034387618185
1126,39.94830088065971,22.395193765214295,-1.3592604844808283
1127,39.94753628954325,22.414359926546936,-1.3649292280793677
1128,39.94676878420198,22.4335225107388,-1.3706096730127237
1129,39.945998361120104,22.452681508375708,-1.3763018227122779
1130,39.945225016790516,22.471836910037744,-1.3820056805855214
1131,39.944448747714816,22.490988706299312,-1.387721250016071
1132,39.943669550403314,22.510136887729153,-1.3934485343636838
1133,39.94288742137504,22.529281444890394,-1.399187536964274
1134,39.942102357157765,22.548422368340585,-1.4049382611299275
1135,39.941314354288004,22.567559648631736,-1.4107007101489184
1136,39.940523409311034,22.58669327631035,-1.416474887285725
1137,39.9397295187809,22.605823241917463,-1.4222607957810443
1138,39.93893267926044,22.624949535988687,-1.4280584388518098
1139,39.93813288732126,22.644072149054246,-1.4338678196912065
1140,39.937330139543796,22.663191071639,-1.439688941468687
1141,39.93652443251728,22.68230629426251,-1.4455218073299885
1142,39.93571576283979,22.701417807439043,-1.4513664203971472
1143,39.93490412711822,22.720525601677636,-1.457222783768517
1144,39.93408952196833,22.739629667482124,-1.463090900518784
1145,39.933271944014734,22.75872999535117,-1.4689707736989837
1146,39.932451389890915,22.777826575778317,-1.4748624063365174
1147,39.93162785623923,22.796919399252015,-1.4807658014351688
1148,39.93080133971094,22.816008456255663,-1.48668096197512
1149,39.929971836966196,22.83509373726765,-1.4926078909129694
1150,39.92913934467407,22.854175232761378,-1.4985465911817473
1151,39.928303859512546,22.873252933205322,-1.504497065690933
1152,39.927465378168556,22.892326829063048,-1.5104593173264727
1153,39.92662389733796,22.911396910793265,-1.5164333489507944
1154,39.92577941372558,22.930463168849847,-1.5224191634028268
1155,39.9249319240452,22.94952559368189,-1.5284167634980153
1156,39.924081425019565,22.96858417573373,-1.5344261520283393
1157,39.92322791338043,22.987638905445,-1.54044733176233
1158,39.922371385868516,23.006689773250642,-1.5464803054450864
1159,39.92151183923356,23.025736769580977,-1.552525075798294
1160,39.9206492702343,23.044779884861715,-1.5585816455202413
1161,39.91978367563851,23.06381910951401,-1.5646500172858373
1162,39.918915052222985,23.082854433954484,-1.5707301937466294
1163,39.91804339677356,23.101885848595277,-1.5768221775308202
1164,39.917168706085135,23.120913343844077,-1.582925971243286
1165,39.91629097696165,23.139936910104158,-1.589041577465594
1166,39.91541020621611,23.158956537774422,-1.5951689987560198
1167,39.914526390670616,23.177972217249433,-1.601308237649566
1168,39.913639527156356,23.196983938919455,-1.607459296657979
1169,39.91274961251359,23.21599169317049,-1.613622178269768
1170,39.911856643591705,23.234995470384316,-1.6197968849502216
1171,39.91096061724919,23.25399526093852,-1.6259834191414275
1172,39.91006153035365,23.272991055206543,-1.6321817832622894
1173,39.90915937978184,23.291982843557715,-1.638391979708545
1174,39.90825416241964,23.310970616357288,-1.6446140108527858
1175,39.90734587516207,23.32995436396648,-1.650847879044473
1176,39.90643451491333,23.348934076742506,-1.6570935866099579
1177,39.905520078586754,23.36790974503862,-1.663351135852499
1178,39.904602563104866,23.386881359204153,-1.6696205290522814
1179,39.90368196539937,23.40584890958455,-1.6759017684664343
1180,39.90275828241116,23.4248123865214,-1.6821948563290503
1181,39.90183151109032,23.443771780352485,-1.6884997948512037
1182,39.90090164839614,23.46272708141181,-1.6948165862209692
1183,39.899968691297126,23.48167828002964,-1.7011452326034409
1184,39.899032636771,23.500625366532546,-1.7074857361407503
1185,39.89809348180471,23.51956833124343,-1.713838098952086
1186,39.897151223394445,23.538507164481576,-1.7202023231337127
1187,39.89620585854564,23.55744185656267,-1.7265784107589888
1188,39.89525738427297,23.576372397798853,-1.7329663638783872
1189,39.89430579760038,23.59529877849875,-1.739366184519513
1190,39.89335109556107,23.614220988967517,-1.745777874687123
1191,39.89239327519753,23.63313901950686,-1.7522014363631457
1192,39.8914323335615,23.65205286041509,-1.7586368715066991
1193,39.89046826771403,23.67096250198715,-1.765084182054111
1194,39.88950107472546,23.689867934514666,-1.771543369918938
1195,39.888530751675425,23.70876914828596,-1.778014436991985
1196,39.88755729565288,23.72766613358611,-1.7844973851413246
1197,39.88658070375609,23.746558880696973,-1.7909922162123164
1198,39.88560097309262,23.765447379897235,-1.7974989320276271
1199,39.8846181007794,23.784331621462435,-1.8040175343872493
1200,39.883632083942665,23.80321159566501,-1.810548025068522
1201,39.88264291971801,23.82208729277433,-1.8170904058261497
1202,39.88165060525037,23.840958703056735,-1.8236446783922227
1203,39.88065513769404,23.859825816775572,-1.8302108444762364
1204,39.87965651421266,23.878688624191234,-1.8367889057651114
1205,39.87865473197926,23.897547115561196,-1.8433788639232136
1206,39.87764978817622,23.916401281140047,-1.8499807205923737
1207,39.876641679995316,23.935251111179536,-1.856594477391908
1208,39.875630404637704,23.954096595928604,-1.8632201359186378
1209,39.87461595931392,23.97293772563342,-1.8698576977469097
1210,39.87359834124392,23.991774490537424,-1.876507164428616
1211,39.872577547657045,24.010606880881348,-1.8831685374932148
1212,39.87155357579204,24.029434886903278,-1.8898418184477503
1213,39.870526422897086,24.04825849883867,-1.896527008776873
1214,39.869496086229766,24.067077706920397,-1.9032241099428606
1215,39.86846256305709,24.085892501378783,-1.9099331233856376
1216,39.867425850655515,24.104702872441635,-1.9166540505227965
1217,39.866385946310906,24.123508810334293,-1.923386892749618
1218,39.865342847318594,24.14231030527965,-1.9301316514390923
1219,39.86429655098335,24.161107347498206,-1.9368883279419382
1220,39.863247054619386,24.179899927208087,-1.9436569235866255
1221,39.86219435555038,24.198688034625096,-1.9504374396793946
1222,39.861138451109476,24.217471659962747,-1.957229877504278
1223,39.86007933863928,24.236250793432294,-1.9640342383231206
1224,39.859017015491865,24.255025425242774,-1.970850523375601
1225,39.85795147902879,24.273795545601043,-1.977678733879252
1226,39.856882726621095,24.292561144711815,-1.984518871029482
1227,39.855810755649294,24.311322212777693,-1.9913709359995961
1228,39.85473556350341,24.33007873999921,-1.9982349299408166
1229,39.85365714758294,24.348830716574856,-2.0051108539823046
1230,39.852575505296905,24.367578132701137,-2.011998709231181
1231,39.85149063406381,24.386320978572584,-2.0188984967725485
1232,39.850402531311666,24.40505924438181,-2.025810217669511
1233,39.84931119447802,24.423792920319535,-2.0327338729631976
1234,39.84821662100992,24.442521996574627,-2.039669463672781
1235,39.84711880836393,24.461246463334138,-2.0466169907955014
1236,39.846017754006155,24.47996631078334,-2.0535764553066866
1237,39.84491345541222,24.498681529105763,-2.0605478581597736
1238,39.843805910067275,24.517392108483225,-2.067531200286331
1239,39.84269511546602,24.53609803909588,-2.074526482596079
1240,39.8415810691127,24.55479931112224,-2.081533705976914
1241,39.84046376852108,24.57349591473922,-2.0885528712949264
1242,39.8393432112145,24.592187840122175,-2.095583979394425
1243,39.838219394725826,24.610875077444938,-2.1026270310979585
1244,39.837092316597506,24.629557616879843,-2.109682027206336
1245,39.835961974381526,24.648235448597774,-2.116748968498651
1246,39.834828365639446,24.6669085627682,-2.123827855732301
1247,39.83369148794238,24.685576949559202,-2.1309186896430115
1248,39.83255133887103,24.70424059913752,-2.138021470944856
1249,39.831407916015635,24.722899501668586,-2.1451362003302803
1250,39.83026121697605,24.741553647316554,-2.1522628784701223
1251,39.82911123936168,24.760203026244344,-2.159401506013636
1252,39.82795798079152,24.778847628613672,-2.1665520835885124
1253,39.826801438894144,24.797487444585087,-2.173714611800903
1254,39.825641611307724,24.81612246431801,-2.180889091235441
1255,39.824478495680005,24.834752677970766,-2.1880755224552635
1256,39.823312089668335,24.853378075700626,-2.1952739060020345
1257,39.82214239093965,24.87199864766383,-2.2024842423959674
1258,39.8209693971705,24.89061438401564,-2.209706532135847
1259,39.81979310604701,24.909225274910366,-2.2169407756990522
1260,39.81861351526492,24.927831310501393,-2.224186973541578
1261,39.81743062252958,24.946432480941237,-2.231445126098059
1262,39.81624442555593,24.965028776381562,-2.238715233781791
1263,39.81505492206854,24.98362018697323,-2.245997296984754
1264,39.813862109801576,25.002206702866324,-2.2532913160776364
1265,39.81266598649882,25.020788314210197,-2.260597291409855
1266,39.81146654991368,25.03936501115349,-2.2679152233095796
1267,39.81026379780917,25.057936783844184,-2.275245112083755
1268,39.80905772795792,25.076503622429627,-2.282586958018125
1269,39.8078483381422,25.09506551705657,-2.2899407613772538
1270,39.806635626153884,25.113622457871212,-2.2973065224045497
1271,39.80541958979448,25.132174435019213,-2.304684241322288
1272,39.804200226875125,25.15072143864575,-2.312073918331634
1273,39.80297753521657,25.169263458895543,-2.3194755536126666
1274,39.80175151264921,25.1878004859129,-2.3268891473243998
1275,39.80052215701308,25.206332509841733,-2.334314699604808
1276,39.799289466157816,25.224859520825618,-2.341752210570847
1277,39.79805343794271,25.243381509007808,-2.349201680318479
1278,39.7968140702367,25.261898464531278,-2.3566631089226955
1279,39.79557136091833,25.280410377538757,-2.364136496437539
1280,39.79432530787581,25.298917238172773,-2.3716218428961278
1281,39.793075909006966,25.317419036575675,-2.3791191483106795
1282,39.79182316221928,25.335915762889673,-2.386628412672534
1283,39.790567065429876,25.354407407256875,-2.394149635952176
1284,39.78930761656551,25.37289395981932,-2.4016828180992604
1285,39.78804481356258,25.391375410719004,-2.4092279590426346
1286,39.78677865436713,25.409851750097936,-2.416785058690362
1287,39.785509136934856,25.42832296809815,-2.4243541169297456
1288,39.78423625923109,25.44678905486176,-2.4319351336273525
1289,39.78296001923081,25.465250000530975,-2.439528108629036
1290,39.781680414918654,25.48370579524815,-2.4471330417599613
1291,39.78039744428888,25.502156429155804,-2.454749932824627
1292,39.779111105345415,25.520601892396677,-2.4623787816068905
1293,39.77782139610182,25.539042175113746,-2.4700195878699915
1294,39.77652831458132,25.557477267450263,-2.4776723513565755
1295,39.775231858816774,25.575907159549793,-2.4853370717887175
1296,39.77393202685069,25.59433184155625,-2.4930137488679467
1297,39.77262881673523,25.612751303613926,-2.500702382275269
1298,39.7713222265322,25.63116553586753,-2.5084029716711935
1299,39.77001225431306,25.649574528462217,-2.5161155166957534
1300,39.76869889815891,25.667978271543628,-2.5238400169685327
1301,39.7673821561605,25.68637675525792,-2.5315764720886884
1302,39.76606202641824,25.704769969751805,-2.539324881634976
1303,39.764738507042175,25.723157905172577,-2.547085245165772
1304,39.763411596152,25.74154055166815,-2.554857562219101
1305,39.76208129187705,25.7599178993871,-2.5626418323126567
1306,39.76074759235633,25.778289938478682,-2.5704380549438275
1307,39.75941049573847,25.79665665909287,-2.578246229589721
1308,39.75807000018175,25.81501805138041,-2.586066355707189
1309,39.756726103854106,25.83337410549282,-2.593898432732849
1310,39.7553788049331,25.851724811582454,-2.6017424600831123
1311,39.754028101605954,25.870070159802516,-2.6095984371542063
1312,39.752673992069525,25.88841014030711,-2.6174663633221984
1313,39.75131647453032,25.906744743251256,-2.6253462379430226
1314,39.74995554720448,25.925073958790936,-2.6332380603525016
1315,39.74859120831779,25.943397777083128,-2.641141829866374
1316,39.74722345610568,25.96171618828583,-2.649057545780316
1317,39.745852288813204,25.980029182558106,-2.6569852073699685
1318,39.744477704695065,25.998336750060105,-2.66492481389096
1319,39.743099702015606,26.01663888095311,-2.6728763645789324
1320,39.7417182790488,26.03493556539956,-2.680839858649565
1321,39.74033343407824,26.05322679356309,-2.6888152952985993
1322,39.738945165397176,26.07151255560856,-2.6968026737018644
1323,39.73755347130848,26.08979284170209,-2.704801993015301
1324,39.73615835012465,26.10806764201109,-2.712813252374987
1325,39.73475980016781,26.126336946704303,-2.720836450897161
1326,39.733357819769715,26.144600745951827,-2.7288715876782494
1327,39.731952407271756,26.16285902992516,-2.736918661794889
1328,39.73054356102493,26.18111178879721,-2.744977672303953
1329,39.72913127938987,26.199359012742363,-2.753048618242577
1330,39.72771556073682,26.217600691936486,-2.761131498628181
1331,39.726296403445645,26.235836816556972,-2.769226312458499
1332,39.72487380590583,26.254067376782775,-2.7773330587115987
1333,39.723447766516465,26.272292362794435,-2.7854517363459115
1334,39.72201828368627,26.290511764774116,-2.7935823443002543
1335,39.72058535583355,26.308725572905644,-2.801724881493856
1336,39.71914898138625,26.326933777374528,-2.809879346826382
1337,39.717709158781894,26.345136368368,-2.8180457391779608
1338,39.716265886467625,26.363333336075048,-2.826224057409208
1339,39.714819162900184,26.381524670686446,-2.8344143003612516
1340,39.713368986545916,26.399710362394785,-2.8426164668557576
1341,39.711915355880755,26.417890401394512,-2.850830555694955
1342,39.71045826939024,26.436064777881956,-2.859056565661662
1343,39.70899772556948,26.454233482055365,-2.8672944955193103
1344,39.70753372292321,26.472396504114933,-2.875544344011971
1345,39.70606625996572,26.490553834262833,-2.88380610986438
1346,39.704595335220915,26.50870546270326,-2.8920797917819634
1347,39.70312094722225,26.52685137964245,-2.9003653884508633
1348,39.70164309451279,26.54499157528872,-2.9086628985379623
1349,39.70016177564515,26.563126039852488,-2.9169723206909106
1350,39.698676989181536,26.581254763546323,-2.92529365353815
1351,39.69718873369372,26.59937773658497,-2.9336268956889406
1352,39.695697007763044,26.61749494918537,-2.9419720457333853
1353,39.694201809980406,26.635606391566718,-2.950329102242457
1354,39.69270313894628,26.653712053950464,-2.9586980637680225
1355,39.691200993270684,26.671811926560366,-2.967078928842869
1356,39.68969537157321,26.689905999622518,-2.975471695980731
1357,39.68818627248299,26.70799426336538,-2.983876363676313
1358,39.686673694638706,26.7260767080198,-2.9922929304053185
1359,39.685157636688594,26.744153323819067,-3.000721394624474
1360,39.68363809729042,26.76222410099892,-3.009161754771555
1361,39.682115075111504,26.780289029797604,-3.0176140092654116
1362,39.680588568828696,26.798348100455872,-3.0260781565059958
1363,39.67905857712837,26.81640130321704,-3.0345541948743855
1364,39.67752509870645,26.834448628327014,-3.0430421227328113
1365,39.67598813226836,26.852490066034306,-3.0515419384246827
1366,39.67444767652906,26.870525606590085,-3.0600536402746132
1367,39.672903730213044,26.888555240248206,-3.068577226588447
1368,39.671356292054284,26.90657895726522,-3.0771126956532844
1369,39.669805360796296,26.924596747900438,-3.0856600457375087
1370,39.668250935192084,26.942608602415934,-3.094219275090811
1371,39.66669301400416,26.96061451107659,-3.1027903819442173
1372,39.665131596004535,26.97861446415012,-3.111373364510114
1373,39.663566679974714,26.996608451907115,-3.1199682209822748
1374,39.6619982647057,27.014596464621054,-3.1285749495358854
1375,39.66042634899798,27.032578492568348,-3.137193548327571
1376,39.65885093166152,27.050554526028368,-3.145824015495421
1377,39.65727201151576,27.068524555283474,-3.1544663491590175
1378,39.65568958738963,27.08648857061905,-3.1631205474194592
1379,39.65410365812152,27.104446562323528,-3.1717866083593886
1380,39.65251422255929,27.12239852068842,-3.1804645300430185
1381,39.65092127956026,27.14034443600836,-3.189154310516158
1382,39.6493248279912,27.158284298581115,-3.197855947806238
1383,39.64772486672835,27.176218098707636,-3.206569439922339
1384,39.64612139465739,27.194145826692072,-3.2152947848552165
1385,39.64451441067344,27.212067472841806,-3.2240319805773274
1386,39.64290391368105,27.229983027467487,-3.232781025042857
1387,39.64128990259424,27.247892480883056,-3.241541916187744
1388,39.639672376336414,27.26579582340579,-3.2503146519297093
1389,39.63805133384044,27.28369304535631,-3.259099230168279
1390,39.63642677404858,27.301584137058622,-3.267895648784814
1391,39.63479869591254,27.31946908884016,-3.276703905642535
1392,39.6331670983934,27.337347891031794,-3.2855239985865494
1393,39.63153198046168,27.35522053396787,-3.2943559254438775
1394,39.62989334109728,27.373087007986243,-3.303199684023479
1395,39.62825117928951,27.390947303428298,-3.31205527211628
1396,39.62660549403705,27.40880141063899,-3.3209226874952
1397,39.624956284347995,27.426649319966867,-3.3298019279151756
1398,39.6233035492398,27.4444910217641,-3.338692991113191
1399,39.6216472877393,27.46232650638652,-3.347595874808303
1400,39.6199874988827,27.480155764193636,-3.356510576701666
1401,39.61832418171558,27.49797878554867,-3.365437094476562
1402,39.616657335292864,27.51579556081859,-3.3743754257984246
1403,39.61498695867885,27.53360608037413,-3.383325568314866
1404,39.61331305094716,27.551410334589836,-3.3922875196557047
1405,39.61163561118079,27.569208313844076,-3.4012612774329916
1406,39.60995463847205,27.58700000851908,-3.410246839241037
1407,39.60827013192259,27.604785409000968,-3.4192442026564374
1408,39.606582090643386,27.62256450567978,-3.4282533652381018
1409,39.60489051375475,27.640337288949503,-3.4372743245272783
1410,39.603195400386284,27.6581037492081,-3.4463070780475826
1411,39.601496749676926,27.675863876857534,-3.4553516233050225
1412,39.5997945607749,27.69361766230381,-3.4644079577880262
1413,39.598088832837746,27.711365095957,-3.4734760789674692
1414,39.59637956503227,27.729106168231255,-3.4825559842967
1415,39.5946667565346,27.746840869544858,-3.4916476712115685
1416,39.59295040653012,27.764569190320238,-3.500751137130451
1417,39.5912305142135,27.782291120984,-3.5098663794542793
1418,39.58950707878867,27.800006651966957,-3.5189933955665658
1419,39.58778009946884,27.817715773704165,-3.528132182833432
1420,39.58604957547645,27.835418476634935,-3.5372827386036345
1421,39.584315506043225,27.85311475120287,-3.5464450602085913
1422,39.582577890410114,27.870804587855904,-3.55561914496241
1423,39.58083672782731,27.88848797704631,-3.564804990161915
1424,39.57909201755424,27.906164909230743,-3.5740025930866732
1425,39.57734375885955,27.92383537487026,-3.583211950999022
1426,39.57559195102111,27.941499364430364,-3.592433061144096
1427,39.573836593326014,27.959156868381,-3.601665920749855
1428,39.57207768507055,27.976807877196624,-3.6109105270271087
1429,39.570315225560215,27.994452381356194,-3.620166877169546
1430,39.568549214109694,28.012090371343223,-3.629434968353762
1431,39.56677965004287,28.029721837645795,-3.6387147977392833
1432,39.56500653269279,28.047346770756597,-3.6480063624685974
1433,39.563229861401695,28.064965161172946,-3.6573096596671784
1434,39.56144963552098,28.082576999396817,-3.6666246864435137
1435,39.559665854411215,28.100182275934866,-3.675951439889133
1436,39.55787851744211,28.117780981298466,-3.6852899170786344
1437,39.55608762399254,28.13537310600373,-3.694640115069711
1438,39.5542931734505,28.152958640571534,-3.7040020309031783
1439,39.552495165213145,28.170537575527558,-3.713375661603003
1440,39.55069359868674,28.188109901402296,-3.722761004176329
1441,39.548888473286674,28.2056756087311,-3.732158055613503
1442,39.54707978843745,28.223234688054188,-3.741566812888105
1443,39.545267543572685,28.240787129916693,-3.7509872729569738
1444,39.54345173813508,28.25833292486868,-3.7604194327602336
1445,39.541632371576455,28.275872063465165,-3.769863289221323
1446,39.53980944335769,28.293404536266156,-3.7793188392470207
1447,39.53798295294876,28.310930333836673,-3.788786079727474
1448,39.5361528998287,28.328449446746774,-3.7982650075362248
1449,39.53431928348562,28.345961865571585,-3.8077556195302384
1450,39.53248210341668,28.363467580891328,-3.81725791254993
1451,39.5306413591281,28.38096658329134,-3.826771883419192
1452,39.52879705013512,28.39845886336211,-3.8362975289454218
1453,39.52694917596204,28.415944411699297,-3.8458348459195486
1454,39.52509773614218,28.433423218903766,-3.855383831116061
1455,39.52324273021787,28.450895275581605,-3.8649444812930347
1456,39.52138415774048,28.468360572344153,-3.8745167931921594
1457,39.51952201827035,28.485819099808037,-3.8841007635387665
1458,39.51765631137685,28.503270848595182,-3.8936963890418563
1459,39.515787036638315,28.520715809332852,-3.903303666394126
1460,39.51391419364208,28.538153972653667,-3.9129225922719955
1461,39.51203778198445,28.55558532919563,-3.922553163335637
1462,39.5101578012707,28.57300986960216,-3.932195376229002
1463,39.50827425111506,28.59042758452211,-3.941849227579846
1464,39.50638713114072,28.607838464609802,-3.95151471399976
1465,39.50449644097981,28.625242500525044,-3.961191832084196
1466,39.502602180273385,28.642639682933154,-3.970880578412494
1467,39.500704348671455,28.660030002505,-3.9805809495479103
1468,39.498802945832935,28.67741344991701,-3.9902929420376445
1469,39.49689797142565,28.694790015851215,-4.000016552412867
1470,39.49498942512634,28.712159690995254,-4.0097517771887485
1471,39.493077306620634,28.729522466042415,-4.019498612864483
1472,39.49116161560306,28.746878331691658,-4.0292570559233205
1473,39.48924235177702,28.764227278647635,-4.039027102832591
1474,39.48731951485479,28.781569297620717,-4.048808750043734
1475,39.48539310455751,28.798904379327027,-4.058601993992324
1476,39.483463120615184,28.81623251448846,-4.0684068310981
1477,39.48152956276666,28.833553693832698,-4.078223257764992
1478,39.479592430759624,28.850867908093257,-4.08805127038115
1479,39.4776517243506,28.868175148009495,-4.097890865318968
1480,39.475707443304934,28.885475404326645,-4.1077420389351165
1481,39.47375958739679,28.902768667795833,-4.117604787570567
1482,39.47180815640914,28.92005492917411,-4.127479107550619
1483,39.469853150133744,28.93733417922448,-4.137364995184931
1484,39.46789456837117,28.95460640871591,-4.1472624467675425
1485,39.46593241093076,28.971871608423374,-4.157171458576908
1486,39.46396667763063,28.98912976912786,-4.167092026875921
1487,39.46199736829766,29.00638088161641,-4.177024147911942
1488,39.460024482767494,29.023624936682126,-4.186967817916825
1489,39.45804802088452,29.04086192512422,-4.196923033106949
1490,39.45606798250186,29.058091837748016,-4.206889789683241
1491,39.45408436748138,29.07531466536499,-4.216868083831207
1492,39.45209717569366,29.09253039879278,-4.226857911720957
1493,39.450106407018,29.109739028855223,-4.236859269507237
1494,39.44811206134239,29.126940546382375,-4.246872153329449
1495,39.446114138563544,29.14413494221053,-4.256896559311688
1496,39.444112638586844,29.161322207182252,-4.266932483562762
1497,39.44210756132635,29.178502332146394,-4.276979922176224
1498,39.440098906704804,29.19567530795813,-4.287038871230398
1499,39.438086674653604,29.212841125478963,-4.297109326788407
1500,39.4360708651128,29.22999977557677,-4.3071912848982
1501,39.43405147803108,29.247151249125807,-4.317284741592581
1502,39.43202851336578,29.264295537006745,-4.327389692889237
1503,39.43000197108285,29.28143263010669,-4.337506134790763
1504,39.42797185115687,29.298562519319198,-4.347634063284692
1505,39.42593815357101,29.31568519554432,-4.3577734743435235
1506,39.423900878317056,29.3328006496886,-4.367924363924747
1507,39.421860025395375,29.349908872665125,-4.378086727970874
1508,39.419815594814914,29.367009855393523,-4.388260562409466
1509,39.41776758659319,29.384103588800006,-4.3984458631531576
1510,39.4157160007563,29.401190063817378,-4.408642626099688
1511,39.41366083733886,29.41826927138507,-4.418850847131928
1512,39.411602096384065,29.435341202449166,-4.429070522117907
1513,39.40953977794363,29.452405847962407,-4.439301646910842
1514,39.40747388207778,29.46946319888423,-4.449544217349163
1515,39.40540440885529,29.486513246180795,-4.459798229256544
1516,39.40333135835341,29.50355598082499,-4.470063678441926
1517,39.40125473065791,29.520591393796476,-4.480340560699552
1518,39.39917452586304,29.537619476081687,-4.490628871808986
1519,39.39709074407152,29.554640218673875,-4.500928607535148
1520,39.395003385394546,29.571653612573115,-4.511239763628336
1521,39.39291244995178,29.58865964878634,-4.52156233582426
1522,39.390817937871326,29.605658318327354,-4.531896319844065
1523,39.388719849289735,29.622649612216858,-4.542241711394357
1524,39.38661818435198,29.63963352148248,-4.5525985061672385
1525,39.38451294321147,29.656610037158792,-4.562966699840327
1526,39.38240412603001,29.673579150287324,-4.573346288076791
1527,39.380291732977824,29.6905408519166,-4.583737266525371
1528,39.37817576423352,29.707495133102157,-4.594139630820411
1529,39.37605621998408,29.724441984906555,-4.604553376581887
1530,39.37393310042488,29.741381398399415,-4.61497849941543
1531,39.37180640575964,29.75831336465744,-4.625414994912359
1532,39.369676136200454,29.77523787476442,-4.6358628586497055
1533,39.36754229196774,29.79215491981128,-4.646322086190244
1534,39.36540487329025,29.809064490896084,-4.656792673082516
1535,39.36326388040509,29.825966579124053,-4.667274614860861
1536,39.36111931355766,29.842861175607602,-4.6777679070454425
1537,39.35897117300165,29.85974827146636,-4.688272545142276
1538,39.35681945899907,29.876627857827174,-4.698788524643256
1539,39.35466417182021,29.893499925824152,-4.709315841026188
1540,39.35250531174363,29.910364466598676,-4.71985448975481
1541,39.35034287905615,29.927221471299422,-4.730404466278824
1542,39.34817687405286,29.94407093108238,-4.740965766033921
1543,39.34600729703708,29.960912837110882,-4.7515383844418135
1544,39.34383414832038,29.97774718055562,-4.76212231691026
1545,39.34165742822255,29.994573952594667,-4.77271755883309
1546,39.339477137071576,30.011393144413493,-4.783324105590238
1547,39.33729327520368,30.028204747205,-4.793941952547767
1548,39.33510584296325,30.045008752169526,-4.804571095057897
1549,39.33291484070289,30.061805150514886,-4.815211528459032
1550,39.33072026878335,30.07859393345637,-4.825863248075789
1551,39.328522127573564,30.09537509221679,-4.836526249219027
1552,39.3263204174506,30.112148618026474,-4.84720052718587
1553,39.3241151387997,30.1289145021233,-4.8578860772597405
1554,39.3219062920142,30.14567273575273,-4.868582894710383
1555,39.31969387749559,30.1624233101678,-4.879290974793894
1556,39.31747789565346,30.179166216629167,-4.890010312752747
1557,39.31525834690551,30.195901446405124,-4.900740903815824
1558,39.313035231677524,30.21262899077161,-4.91148274319844
1559,39.31080855040338,30.22934884101224,-4.922235826102373
1560,39.30857830352501,30.24606098841832,-4.933000147715889
1561,39.30634449149242,30.262765424288883,-4.943775703213773
1562,39.30410711476366,30.279462139930683,-4.954562487757353
1563,39.301866173804825,30.29615112665823,-4.965360496494531
1564,39.29962166909004,30.312832375793818,-4.97616972455981
1565,39.29737360110144,30.32950587866753,-4.986990167074318
1566,39.295121970329184,30.346171626617267,-4.997821819145843
1567,39.29286677727141,30.36282961098876,-5.008664675868851
1568,39.29060802243427,30.379479823135608,-5.019518732324523
1569,39.28834570633186,30.39612225441927,-5.030383983580778
1570,39.28607982948627,30.412756896209117,-5.0412604246923
1571,39.283810392427526,30.429383739882418,-5.052148050700567
1572,39.28153739569361,30.44600277682439,-5.063046856633879
1573,39.27926083983044,30.462613998428196,-5.073956837507386
1574,39.27698072539186,30.479217396094977,-5.084877988323113
1575,39.27469705293961,30.49581296123387,-5.09581030406999
1576,39.27240982304334,30.512400685262023,-5.106753779723879
1577,39.270119036280605,30.528980559604616,-5.1177084102476025
1578,39.267824693236825,30.54555257569488,-5.12867419059097
1579,39.26552679450529,30.56211672497412,-5.139651115690805
1580,39.263225340687164,30.578672998891733,-5.150639180470974
1581,39.26092033239144,30.595221388905223,-5.1616383798424135
1582,39.258611770234964,30.61176188648022,-5.172648708703158
1583,39.256299654842394,30.62829448309051,-5.183670161938367
1584,39.253983986846215,30.644819170218042,-5.1947027344203525
1585,39.25166476688672,30.661335939352952,-5.205746421008607
1586,39.24934199561198,30.677844781993578,-5.216801216549831
1587,39.247015673677865,30.694345689646486,-5.22786711587796
1588,39.244685801748005,30.710838653826485,-5.2389441138141954
1589,39.2423523804938,30.727323666056645,-5.250032205167025
1590,39.240015410594395,30.74380071786831,-5.2611313847322565
1591,39.23767489273667,30.760269800801133,-5.272241647293045
1592,39.23533082761524,30.776730906403078,-5.283362987619917
1593,39.23298321593244,30.793184026230445,-5.294495400470799
1594,39.23063205839831,30.809629151847894,-5.305638880591048
1595,39.22827735573056,30.82606627482845,-5.316793422713475
1596,39.22591910865462,30.842495386753534,-5.327959021558376
1597,39.22355731790357,30.858916479212976,-5.3391356718335565
1598,39.22119198421816,30.87532954380503,-5.35032336823436
1599,39.21882310834678,30.891734572136404,-5.3615221054436955
1600,39.21645069104548,30.90813155582226,-5.372731878132067
1601,39.214074733077915,30.924520486486248,-5.3839526809575995
1602,39.211695235215366,30.940901355760516,-5.3951845085660635
1603,39.209312198236724,30.957274155285734,-5.406427355590906
1604,39.206925622928466,30.973638876711103,-5.417681216653278
1605,39.20453551008466,30.989995511694378,-5.428946086362062
1606,39.202141860506934,31.006344051901884,-5.440221959313896
1607,39.19974467500449,31.02268448900854,-5.451508830093204
1608,39.19734395439407,31.039016814697867,-5.462806693272225
1609,39.194939699499955,31.055341020662013,-5.474115543411035
1610,39.19253191115396,31.07165709860177,-5.485435375057579
1611,39.1901205901954,31.08796504022658,-5.496766182747697
1612,39.187705737471106,31.104264837254576,-5.508107961005153
1613,39.1852873538354,31.120556481412567,-5.519460704341657
1614,39.182865440150074,31.13683996443609,-5.530824407256899
1615,39.18043999728441,31.1531152780694,-5.542199064238574
1616,39.17801102611513,31.169382414065502,-5.553584669762405
1617,39.175578527526405,31.185641364186168,-5.564981218292179
1618,39.173142502409846,31.20189212020194,-5.576388704279767
1619,39.17070295166449,31.218134673892163,-5.587807122165152
1620,39.16825987619678,31.234369017044994,-5.599236466376463
1621,39.16581327692057,31.250595141457424,-5.610676731329993
1622,39.163363154757086,31.266813038935286,-5.622127911430232
1623,39.160909510634944,31.283022701293284,-5.633590001069893
1624,39.158452345490126,31.299224120354996,-5.645062994629942
1625,39.15599166026596,31.3154172879529,-5.656546886479619
1626,39.15352745591313,31.331602195928394,-5.66804167097647
1627,39.15105973338964,31.3477788361318,-5.679547342466372
1628,39.14858849366082,31.363947200422388,-5.691063895283564
1629,39.1461137376993,31.380107280668398,-5.70259132375067
1630,39.14363546648502,31.396259068747042,-5.714129622178727
1631,39.1411536810052,31.41240255654453,-5.725678784867214
1632,39.13866838225432,31.42853773595609,-5.737238806104079
1633,39.136179571234145,31.44466459888598,-5.748809680165763
1634,39.13368724895366,31.46078313724749,-5.760391401317232
1635,39.131191416429125,31.47689334296298,-5.771983963812
1636,39.128692074684,31.492995207963894,-5.783587361892158
1637,39.126189224748956,31.509088724190754,-5.795201589788403
1638,39.123682867661884,31.525173883593204,-5.80682664172006
1639,39.12117300446786,31.54125067813001,-5.818462511895116
1640,39.11865963621915,31.55731909976907,-5.83010919451024
1641,39.11614276397516,31.57337914048745,-5.841766683750817
1642,39.11362238880248,31.58943079227138,-5.853434973790967
1643,39.111098511774834,31.60547404711628,-5.865114058793581
1644,39.10857113397307,31.621508897026782,-5.876803932910342
1645,39.10604025648517,31.63753533401672,-5.8885045902817525
1646,39.10350588040622,31.653553350109178,-5.9002160250371665
1647,39.10096800683839,31.66956293733648,-5.91193823129481
1648,39.09842663689096,31.685564087740214,-5.9236712031618115
1649,39.09588177168027,31.70155679337126,-5.935414934734229
1650,39.093333412329706,31.71754104628978,-5.947169420097077
1651,39.090781559969734,31.733516838565258,-5.958934653324351
1652,39.08822621573783,31.74948416227649,-5.9707106284790585
1653,39.08566738077852,31.765443009511632,-5.982497339613244
1654,39.08310505624332,31.78139337236818,-5.994294780768014
1655,39.080539243290765,31.797335242953004,-6.006102945973567
1656,39.077969943086366,31.813268613382363,-6.01792182924922
1657,39.07539715680262,31.829193475781917,-6.029751424603433
1658,39.072820885619,31.845109822286737,-6.0415917260338405
1659,39.07024113072191,31.861017645041333,-6.053442727527272
1660,39.06765789330471,31.87691693619965,-6.065304423059785
1661,39.06507117456769,31.892807687925092,-6.077176806596688
1662,39.06248097571805,31.908689892390544,-6.089059872092569
1663,39.059887297969915,31.92456354177838,-6.100953613491322
1664,39.057290142544275,31.94042862828047,-6.112858024726175
1665,39.054689510669014,31.9562851440982,-6.124773099719714
1666,39.0520854035789,31.972133081442497,-6.136698832383911
1667,39.049477822515534,31.98797243253383,-6.148635216620154
1668,39.046866768727384,32.00380318960222,-6.16058224631927
1669,39.044252243469735,32.01962534488728,-6.1725399153615506
1670,39.041634248004705,32.03543889063819,-6.184508217616783
1671,39.039012783601216,32.05124381911375,-6.196487146944276
1672,39.03638785153499,32.06704012258236,-6.208476697192883
1673,39.03375945308853,32.082827793322075,-6.220476862201033
1674,39.03112758955111,32.098606823620564,-6.232487635796754
1675,39.028492262218776,32.11437720577517,-6.244509011797701
1676,39.02585347239432,32.13013893209291,-6.2565409840111865
1677,39.02321122138725,32.14589199489049,-6.2685835462342
1678,39.02056551051382,32.161636386494294,-6.280636692253438
1679,39.01791634109699,32.17737209924044,-6.292700415845334
1680,39.01526371446643,32.193099125474774,-6.304774710776079
1681,39.01260763195847,32.208817457552854,-6.316859570801653
1682,39.00994809491614,32.22452708784002,-6.3289549896678485
1683,39.00728510468913,32.24022800871138,-6.341060961110299
1684,39.004618662633774,32.25592021255179,-6.353177478854504
1685,39.001948770113046,32.271603691755935,-6.365304536615858
1686,38.99927542849655,32.287278438728286,-6.377442128099673
1687,38.99659863916051,32.30294444588314,-6.389590247001212
1688,38.99391840348773,32.318601705644625,-6.401748887005706
1689,38.99123472286764,32.33425021044672,-6.413918041788388
1690,38.98854759869621,32.34988995273325,-6.4260977050145165
1691,38.985857032375996,32.36552092495793,-6.438287870339403
1692,38.9831630253161,32.381143119584344,-6.450488531408437
1693,38.98046557893218,32.396756529085984,-6.4626996818571145
1694,38.9777646946464,32.41236114594624,-6.474921315311063
1695,38.97506037388745,32.42795696265844,-6.487153425386067
1696,38.97235261809053,32.443543971725845,-6.499396005688098
1697,38.96964142869732,32.45912216566165,-6.511649049813336
1698,38.96692680715599,32.47469153698902,-6.5239125513482
1699,38.96420875492117,32.4902520782411,-6.536186503869373
1700,38.96148727345394,32.505803781961006,-6.548470900943825
1701,38.95876236422183,32.52134664070187,-6.560765736128848
1702,38.95603402869881,32.53688064702683,-6.573071002972071
1703,38.95330226836524,32.552405793509024,-6.585386695011495
1704,38.95056708470791,32.567922072731655,-6.597712805775516
1705,38.94782847922,32.58342947728796,-6.610049328782951
1706,38.94508645340105,32.59892799978123,-6.622396257543065
1707,38.942341008757,32.614417632824846,-6.634753585555598
1708,38.9395921468001,32.62989836904226,-6.647121306310788
1709,38.936839869048995,32.64537020106701,-6.659499413289401
1710,38.93408417702862,32.66083312154276,-6.671887899962756
1711,38.93132507227026,32.67628712312328,-6.684286759792749
1712,38.92856255631148,32.69173219847249,-6.696695986231883
1713,38.925796630696155,32.70716834026442,-6.709115572723291
1714,38.92302729697443,32.722595541183274,-6.721545512700763
1715,38.92025455670273,32.738013793923436,-6.733985799588773
1716,38.917478411443724,32.75342309118944,-6.746436426802504
1717,38.914698862766336,32.76882342569603,-6.758897387747874
1718,38.91191591224572,32.784214790168136,-6.771368675821563
1719,38.90912956146323,32.799597177340914,-6.783850284411039
1720,38.90633981200646,32.814970579959734,-6.796342206894583
1721,38.903546665469165,32.83033499078021,-6.808844436641316
1722,38.90075012345131,32.84569040256819,-6.821356967011224
1723,38.897950187559005,32.86103680809978,-6.8338797913551845
1724,38.89514685940453,32.87637420016137,-6.846412903014993
1725,38.8923401406063,32.891702571549615,-6.858956295323389
1726,38.88953003278888,32.90702191507146,-6.87150996160408
1727,38.886716537582934,32.92233222354416,-6.8840738951717695
1728,38.88389965662524,32.93763348979528,-6.896648089332182
1729,38.88107939155867,32.95292570666271,-6.90923253738209
1730,38.87825574403218,32.96820886699468,-6.9218272326093375
1731,38.87542871570079,32.98348296364974,-6.934432168292868
1732,38.872598308225584,32.99874798949683,-6.947047337702749
1733,38.86976452327368,33.01400393741523,-6.9596727341002
1734,38.86692736251824,33.02925080029462,-6.972308350737614
1735,38.86408682763843,33.04448857103504,-6.984954180858588
1736,38.861242920319434,33.05971724254695,-6.997610217697946
1737,38.858395642252425,33.07493680775122,-7.010276454481765
1738,38.855544995134565,33.09014725957913,-7.0229528844274025
1739,38.85269098066897,33.10534859097239,-7.035639500743519
1740,38.84983360056472,33.120540794883155,-7.048336296630108
1741,38.84697285653685,33.13572386427402,-7.061043265278516
1742,38.84410875030631,33.15089779211806,-7.073760399871474
1743,38.84124128359997,33.1660625713988,-7.086487693583119
1744,38.838370458150614,33.181218195110254,-7.099225139579021
1745,38.83549627569692,33.19636465625693,-7.11197273101621
1746,38.83261873798344,33.21150194785384,-7.1247304610432
1747,38.829737846760594,33.226630062926496,-7.137498322800012
1748,38.82685360378466,33.241748994510935,-7.150276309418207
1749,38.82396601081778,33.25685873565373,-7.163064414020904
1750,38.82107506962788,33.27195927941199,-7.1758626297228085
1751,38.818180781988744,33.28705061885337,-7.188670949630239
1752,38.81528314967995,33.3021327470561,-7.201489366841149
1753,38.812382174486864,33.31720565710896,-7.2143178744451575
1754,38.80947785820064,33.33226934211132,-7.227156465523571
1755,38.80657020261819,33.34732379517314,-7.240005133149408
1756,38.8036592095422,33.36236900941498,-7.252863870387428
1757,38.80074488078107,33.37740497796799,-7.265732670294155
1758,38.797827218148946,33.39243169397397,-7.278611525917902
1759,38.7949062234657,33.40744915058531,-7.291500430298796
1760,38.7919818985569,33.42245734096505,-7.3043993764688055
1761,38.789054245253794,33.4374562582869,-7.317308357451765
1762,38.786123265393336,33.45244589573518,-7.3302273662634
1763,38.78318896081812,33.46742624650491,-7.343156395911351
1764,38.78025133337642,33.482397303801754,-7.356095439395203
1765,38.777310384922124,33.497359060842086,-7.369044489706504
1766,38.77436611731477,33.512311510852946,-7.382003539828798
1767,38.77141853241951,33.527254647072084,-7.394972582737641
1768,38.76846763210709,33.54218846274796,-7.4079516114006365
1769,38.76551341825385,33.55711295113975,-7.420940618777452
1770,38.76255589274172,33.572028105517354,-7.43393959781985
1771,38.75959505745819,33.5869339191614,-7.446948541471709
1772,38.756630914296295,33.60183038536328,-7.459967442669051
1773,38.75366346515462,33.616717497425114,-7.472996294340066
1774,38.75069271193727,33.6315952486598,-7.486035089405136
1775,38.74771865655388,33.646463632391,-7.499083820776862
1776,38.74474130091957,33.66132264195315,-7.5121424813600886
1777,38.741760646954965,33.676172270691474,-7.525211064051926
1778,38.73877669658616,33.69101251196199,-7.53828956174178
1779,38.735789451744715,33.70584335913153,-7.551377967311373
1780,38.73279891436765,33.72066480557771,-7.564476273634771
1781,38.72980508639741,33.735476844688996,-7.577584473578407
1782,38.726807969781895,33.750279469864665,-7.590702560001106
1783,38.723807566474385,33.76507267451483,-7.603830525754113
1784,38.72080387843358,33.77985645206046,-7.616968363681113
1785,38.71779690762357,33.79463079593336,-7.6301160666182595
1786,38.71478665601382,33.8093956995762,-7.643273627394198
1787,38.71177312557916,33.824151156442525,-7.65644103883009
1788,38.70875631829976,33.83889715999675,-7.669618293739641
1789,38.70573623616115,33.85363370371417,-7.682805384929121
1790,38.70271288115417,33.86836078108099,-7.69600230519739
1791,38.699686255274976,33.88307838559428,-7.709209047335928
1792,38.69665636052503,33.897786510762046,-7.72242560412885
1793,38.693623198911084,33.9124851501032,-7.735651968352942
1794,38.69058677244515,33.92717429714758,-7.748888132777675
1795,38.687547083144516,33.94185394543594,-7.7621340901652385
1796,38.68450413303172,33.956524088519984,-7.775389833270559
1797,38.68145792413454,33.97118471996236,-7.788655354841326
1798,38.678408458485976,33.985835833336665,-7.801930647618021
1799,38.67535573812424,34.000477422227455,-7.8152157043339345
1800,38.67229976509274,34.01510948023026,-7.828510517715196
1801,38.669240541440075,34.02973200095156,-7.841815080480797
1802,38.66617806922002,34.04434497800886,-7.855129385342615
1803,38.66311235049151,34.058948405030605,-7.868453425005441
1804,38.66004338731863,34.07354227565627,-7.881787192166998
1805,38.65697118177061,34.08812658353632,-7.89513067951797
1806,38.653895735921786,34.10270132233223,-7.908483879742025
1807,38.65081705185162,34.11726648571649,-7.921846785515841
1808,38.647735131644666,34.131822067372624,-7.935219389509127
1809,38.64464997739057,34.14636806099517,-7.948601684384652
1810,38.64156159118405,34.16090446028972,-7.961993662798264
1811,38.638469975124885,34.1754312589729,-7.975395317398918
1812,38.63537513131789,34.189948450772384,-7.9888066408287
1813,38.63227706187295,34.204456029426915,-8.002227625722849
1814,38.62917576890493,34.218953988686295,-8.015658264709785
1815,38.626071254533734,34.23344232231139,-8.02909855041113
1816,38.622963520884255,34.24792102407416,-8.04254847544173
1817,38.61985257008637,34.26239008775763,-8.05600803240969
1818,38.61673840427494,34.27684950715593,-8.069477213916382
1819,38.61362102558977,34.29129927607428,-8.082956012556485
1820,38.610500436175634,34.305739388328995,-8.096444420917997
1821,38.60737663818222,34.32016983774752,-8.109942431582267
1822,38.604249633764134,34.334590618168406,-8.123450037124012
1823,38.60111942508092,34.34900172344132,-8.136967230111349
1824,38.59798601429699,34.36340314742706,-8.150494003105813
1825,38.59484940358168,34.37779488399756,-8.164030348662385
1826,38.591709595109144,34.3921769270359,-8.177576259329511
1827,38.58856659105844,34.4065492704363,-8.191131727649132
1828,38.585420393613454,34.42091190810414,-8.204696746156706
1829,38.582271004962905,34.43526483395594,-8.218271307381226
1830,38.579118427300344,34.44960804191941,-8.231855403845254
1831,38.575962662824125,34.463941525933414,-8.245449028064934
1832,38.57280371373739,34.47826527994799,-8.259052172550028
1833,38.56964158224809,34.492579297924365,-8.27266482980393
1834,38.56647627056892,34.506883573834955,-8.286286992323692
1835,38.563307780917356,34.52117810166337,-8.299918652600054
1836,38.560136115515604,34.5354628754044,-8.313559803117457
1837,38.556961276590606,34.54973788906407,-8.327210436354076
1838,38.55378326637404,34.56400313665959,-8.340870544781838
1839,38.55060208710228,34.57825861221941,-8.354540120866451
1840,38.54741774101639,34.592504309783166,-8.368219157067422
1841,38.54423023036213,34.60674022340175,-8.381907645838085
1842,38.54103955738994,34.620966347137276,-8.395605579625622
1843,38.53784572435489,34.6351826750631,-8.409312950871087
1844,38.53464873351672,34.64938920126381,-8.423029752009432
1845,38.53144858713979,34.66358591983525,-8.436755975469527
1846,38.5282452874931,34.677772824884514,-8.450491613674188
1847,38.525038836850236,34.69194991052995,-8.464236659040195
1848,38.52182923748939,34.70611717090117,-8.477991103978319
1849,38.518616491693344,34.72027460013907,-8.491754940893344
1850,38.515400601749434,34.7344221923958,-8.505528162184095
1851,38.51218156994957,34.74855994183479,-8.519310760243455
1852,38.5089593985902,34.76268784263076,-8.53310272745839
1853,38.505734089972314,34.77680588896972,-8.546904056209975
1854,38.50250564640141,34.79091407504896,-8.560714738873417
1855,38.499274070187504,34.80501239507708,-8.574534767818074
1856,38.49603936364511,34.819100843273965,-8.588364135407485
1857,38.492801529093214,34.83317941387083,-8.602202833999389
1858,38.48956056885529,34.84724810111019,-8.616050855945748
1859,38.48631648525925,34.86130689924587,-8.629908193592772
1860,38.48306928063747,34.87535580254302,-8.643774839280944
1861,38.47981895732675,34.88939480527813,-8.657650785345036
1862,38.47656551766831,34.903423901739,-8.67153602411414
1863,38.47330896400779,34.91744308622476,-8.68543054791169
1864,38.470049298695216,34.9314523530459,-8.69933434905548
1865,38.466786524084995,34.94545169652424,-8.713247419857694
1866,38.46352064253592,34.95944111099295,-8.727169752624922
1867,38.460251656411124,34.97342059079654,-8.741101339658188
1868,38.456979568078104,34.987390130290905,-8.755042173252974
1869,38.45370437990868,35.00134972384326,-8.768992245699238
1870,38.450426094278995,35.01529936583222,-8.782951549281439
1871,38.44714471356951,35.029239050647746,-8.796920076278564
1872,38.443860240164966,35.043168772691175,-8.810897818964147
1873,38.44057267645441,35.057088526375225,-8.82488476960629
1874,38.43728202483114,35.07099830612399,-8.838880920467693
1875,38.43398828769273,35.08489810637295,-8.852886263805667
1876,38.43069146744099,35.09878792156896,-8.866900791872167
1877,38.427391566481965,35.112667746170295,-8.880924496913808
1878,38.42408858722593,35.1265375746466,-8.894957371171891
1879,38.42078253208737,35.14039740147893,-8.908999406882424
1880,38.41747340348496,35.154247221159736,-8.923050596276145
1881,38.414161203841566,35.168087028192886,-8.937110931578548
1882,38.41084593558423,35.181916817093644,-8.9511804050099
1883,38.40752760114413,35.1957365823887,-8.965259008785269
1884,38.40420620295664,35.20954631861615,-8.979346735114543
1885,38.40088174346122,35.22334602032552,-8.993443576202456
1886,38.39755422510148,35.23713568207776,-9.007549524248605
1887,38.39422365032514,35.25091529844525,-9.02166457144748
1888,38.39089002158401,35.264684864011784,-9.035788709988484
1889,38.387553341334005,35.2784443733726,-9.04992193205595
1890,38.38421361203508,35.29219382113438,-9.064064229829171
1891,38.38087083615129,35.305933201915245,-9.078215595482419
1892,38.37752501615071,35.31966251034475,-9.092376021184968
1893,38.37417615450548,35.3333817410639,-9.106545499101117
1894,38.37082425369173,35.34709088872516,-9.120724021390211
1895,38.367469316189634,35.360789947992444,-9.134911580206667
1896,38.36411134448335,35.37447891354111,-9.14910816769999
1897,38.36075034106103,35.388157780057995,-9.163313776014803
1898,38.357386308414796,35.40182654224138,-9.177528397290862
1899,38.354019249040746,35.41548519480102,-9.191752023663085
1900,38.35064916543892,35.42913373245814,-9.205984647261568
1901,38.34727606011329,35.44277214994543,-9.220226260211614
1902,38.34389993557177,35.45640044200705,-9.23447685463375
1903,38.34052079432618,35.47001860339866,-9.24873642264375
1904,38.33713863889224,35.483626628887365,-9.263004956352662
1905,38.33375347178957,35.49722451325177,-9.277282447866819
1906,38.330365295541654,35.510812251281976,-9.291568889287875
1907,38.32697411267585,35.524389837779545,-9.305864272712821
1908,38.32357992572337,35.53795726755754,-9.320168590234003
1909,38.32018273721927,35.55151453544052,-9.334481833939149
1910,38.316782549702424,35.56506163626453,-9.34880399591139
1911,38.313379365715534,35.578598564877126,-9.363135068229283
1912,38.3099731878051,35.59212531613735,-9.377475042966832
1913,38.306564018521414,35.60564188491574,-9.391823912193509
1914,38.30315186041855,35.619148266094356,-9.406181667974275
1915,38.299736716054355,35.63264445456676,-9.420548302369609
1916,38.29631858799043,35.64613044523801,-9.43492380743552
1917,38.292897478792106,35.659606233024675,-9.449308175223578
1918,38.289473391028466,35.67307181285486,-9.463701397780927
1919,38.2860463272723,35.686527179668154,-9.478103467150316
1920,38.282616290100115,35.69997232841568,-9.492514375370112
1921,38.2791832820921,35.71340725406009,-9.506934114474328
1922,38.275747305832134,35.72683195157552,-9.521362676492645
1923,38.27230836390777,35.74024641594767,-9.535800053450428
1924,38.26886645891022,35.75365064217373,-9.550246237368754
1925,38.26542159343433,35.76704462526245,-9.564701220264428
1926,38.261973770078605,35.78042836023408,-9.579164994150013
1927,38.25852299144515,35.79380184212042,-9.59363755103384
1928,38.25506926013968,35.807165065964796,-9.60811888292004
1929,38.25161257877153,35.82051802682206,-9.622608981808561
1930,38.2481529499536,35.8338607197586,-9.63710783969519
1931,38.24469037630238,35.847193139852344,-9.651615448571574
1932,38.24122486043791,35.860515282192765,-9.666131800425243
1933,38.237756404983784,35.873827141880874,-9.68065688723963
1934,38.23428501256714,35.88712871402921,-9.695190700994095
1935,38.23081068581864,35.90041999376187,-9.709733233663943
1936,38.22733342737245,35.9137009762145,-9.724284477220447
1937,38.22385323986625,35.92697165653427,-9.738844423630871
1938,38.22037012594121,35.940232029879915,-9.75341306485849
1939,38.21688408824197,35.95348209142171,-9.76799039286261
1940,38.21339512941665,35.96672183634149,-9.78257639959859
1941,38.209903252116796,35.97995125983263,-9.797171077017866
1942,38.20640845899743,35.99317035710006,-9.811774417067971
1943,38.20291075271699,36.00637912336027,-9.826386411692551
1944,38.19941013593733,36.01957755384129,-9.841007052831396
1945,38.19590661132371,36.032765643782724,-9.85563633242045
1946,38.192400181544784,36.045943388435724,-9.870274242391847
1947,38.1888908492726,36.059110783063,-9.884920774673915
1948,38.185378617182565,36.07226782293881,-9.899575921191209
1949,38.18186348795344,36.085414503349,-9.914239673864529
1950,38.17834546426736,36.09855081959095,-9.928912024610938
1951,38.17482454880975,36.11167676697361,-9.94359296534379
1952,38.1713007442694,36.1247923408175,-9.958282487972742
1953,38.16777405333839,36.13789753645469,-9.972980584403782
1954,38.16424447871211,36.15099234922882,-9.987687246539249
1955,38.16071202308922,36.1640767744951,-10.00240246627785
1956,38.15717668917167,36.1771508076203,-10.017126235514686
1957,38.15363847966468,36.190214443982754,-10.03185854614127
1958,38.1500973972767,36.20326767897237,-10.046599390045548
1959,38.146553444719444,36.21631050799061,-10.06134875911192
1960,38.14300662470783,36.22934292645053,-10.076106645221262
1961,38.13945693996001,36.24236492977672,-10.090873040250946
1962,38.135904393197336,36.25537651340536,-10.10564793607486
1963,38.132348987144354,36.2683776727842,-10.12043132456343
1964,38.128790724528784,36.28136840337254,-10.13522319758364
1965,38.125229608081526,36.29434870064128,-10.150023546999053
1966,38.12166564053663,36.307318560072865,-10.164832364669834
1967,38.11809882463128,36.320277977161325,-10.179649642452764
1968,38.11452916310583,36.33322694741226,-10.19447537220127
1969,38.110956658703714,36.34616546634283,-10.209309545765434
1970,38.107381314171505,36.35909352948178,-10.224152154992026
1971,38.10380313225887,36.372011132369416,-10.239003191724517
1972,38.100222115718545,36.38491827055762,-10.253862647803102
1973,38.09663826730637,36.397814939609844,-10.268730515064718
1974,38.09305158978122,36.410701135101114,-10.283606785343068
1975,38.08946208590504,36.42357685261803,-10.298491450468639
1976,38.08586975844281,36.436442087758756,-10.313384502268722
1977,38.08227461016254,36.44929683613304,-10.328285932567436
1978,38.07867664383526,36.46214109336218,-10.343195733185745
1979,38.075075862234996,36.47497485507906,-10.358113895941479
1980,38.07147226813877,36.48779811692815,-10.373040412649354
1981,38.06786586432659,36.50061087456546,-10.387975275120995
1982,38.06425665358144,36.51341312365859,-10.402918475164954
1983,38.06064463868924,36.526204859886704,-10.41787000458673
1984,38.05702982243888,36.53898607894054,-10.432829855188789
1985,38.05341220762217,36.5517567765224,-10.447798018770586
1986,38.04979179703387,36.564516948346174,-10.462774487128584
1987,38.04616859347161,36.57726659013729,-10.477759252056275
1988,38.04254259973597,36.590005697632776,-10.492752305344197
1989,38.03891381863036,36.6027342665812,-10.507753638779961
1990,38.03528225296113,36.615452292742724,-10.522763244148264
1991,38.031647905537454,36.62815977188905,-10.53778111323091
1992,38.028010779171375,36.64085669980347,-10.552807237806835
1993,38.02437087667778,36.65354307228083,-10.567841609652122
1994,38.02072820087438,36.66621888512755,-10.582884220540024
1995,38.017082754581715,36.6788841341616,-10.597935062240982
1996,38.01343454062312,36.691538815212525,-10.612994126522647
1997,38.00978356182475,36.70418292412143,-10.628061405149897
1998,38.00612982101551,36.716816456740986,-10.643136889884858
1999,38.00247332102712,36.72943940893541,-10.658220572486925
2000,37.99881406469403,36.74205177658051,-10.673312444712785
2001,37.99515205485346,36.75465355556362,-10.688412498316426
2002,37.99148729434537,36.76724474178366,-10.703520725049168
2003,37.98781978601242,36.77982533115109,-10.718637116659679
2004,37.98414953270003,36.79239531958793,-10.733761664893992
2005,37.980476537256294,36.80495470302777,-10.748894361495527
2006,37.976800802532004,36.81750347741573,-10.764035198205113
2007,37.97312233138065,36.8300416387085,-10.779184166761004
2008,37.969441126658374,36.84256918287433,-10.7943412588989
2009,37.96575719122399,36.85508610589301,-10.809506466351966
2010,37.96207052793896,36.86759240375587,-10.824679780850852
2011,37.95838113966738,36.88008807246582,-10.839861194123714
2012,37.95468902927597,36.89257310803728,-10.85505069789623
2013,37.95099419963406,36.905047506496246,-10.870248283891623
2014,37.9472966536136,36.91751126388024,-10.88545394383068
2015,37.94359639408911,36.92996437623835,-10.900667669431769
2016,37.93989342393772,36.94240683963119,-10.91588945241086
2017,37.93618774603909,36.95483865013091,-10.931119284481548
2018,37.93247936327547,36.967259803821214,-10.946357157355065
2019,37.92876827853164,36.97967029679734,-10.961603062740302
2020,37.925054494694926,36.99207012516605,-10.976856992343833
2021,37.92133801465516,37.00445928504566,-10.992118937869929
2022,37.917618841304716,37.016837772566014,-11.007388891020579
2023,37.91389697753844,37.02920558386848,-11.022666843495509
2024,37.91017242625369,37.04156271510597,-11.037952786992204
2025,37.90644519035028,37.053909162442906,-11.05324671320592
2026,37.902715272730525,37.066244922055255,-11.068548613829716
2027,37.89898267629917,37.078569990130504,-11.083858480554454
2028,37.89524740396341,37.090884362867655,-11.099176305068838
2029,37.89150945863288,37.10318803647724,-11.114502079059418
2030,37.88776884321964,37.115481007181316,-11.129835794210623
2031,37.88402556063815,37.12776327121344,-11.145177442204762
2032,37.880279613805286,37.1400348248187,-11.160527014722064
2033,37.8765310056403,37.1522956642537,-11.175884503440678
2034,37.87277973906484,37.164545785786544,-11.191249900036704
2035,37.86902581700291,37.17678518569686,-11.206623196184209
2036,37.86526924238086,37.18901386027577,-11.222004383555243
2037,37.86151001812741,37.20123180582592,-11.237393453819859
2038,37.857748147173595,37.21343901866144,-11.252790398646138
2039,37.85398363245278,37.22563549510797,-11.268195209700197
2040,37.85021647690065,37.237821231502664,-11.283607878646217
2041,37.84644668345517,37.249996224194156,-11.299028397146458
2042,37.842674255056615,37.26216046954258,-11.314456756861276
2043,37.83889919464753,37.27431396391957,-11.329892949449146
2044,37.83512150517274,37.28645670370824,-11.345336966566677
2045,37.8313411895793,37.2985886853032,-11.360788799868633
2046,37.827558250816544,37.31070990511055,-11.37624844100795
2047,37.82377269183602,37.32282035954786,-11.391715881635758
2048,37.81998451559151,37.33492004504421,-11.407191113401392
2049,37.81619372503899,37.34700895804012,-11.422674127952423
2050,37.81240032313667,37.35908709498762,-11.43816491693466
2051,37.808604312844935,37.371154452350204,-11.453663471992186
2052,37.80480569712634,37.38321102660283,-11.469169784767365
2053,37.80100447894562,37.395256814231935,-11.484683846900863
2054,37.79720066126968,37.40729181173542,-11.500205650031667
2055,37.793394247067546,37.41931601562265,-11.515735185797105
2056,37.789585239310405,37.43132942241445,-11.531272445832862
2057,37.785773640971556,37.443332028643106,-11.546817421773
2058,37.78195945502642,37.455323830852365,-11.562370105249975
2059,37.77814268445251,37.467304825597424,-11.577930487894657
2060,37.77432333222946,37.479275009444926,-11.593498561336345
2061,37.77050140133895,37.49123437897297,-11.609074317202792
2062,37.76667689476476,37.503182930771096,-11.624657747120214
2063,37.762849815492714,37.51512066144029,-11.640248842713314
2064,37.7590201665107,37.52704756759298,-11.655847595605302
2065,37.75518795080863,37.53896364585302,-11.671453997417906
2066,37.75135317137847,37.55086889285571,-11.6870680397714
2067,37.747515831214166,37.56276330524777,-11.702689714284613
2068,37.7436759333117,37.574646879687364,-11.718319012574952
2069,37.73983348066904,37.586519612844064,-11.733955926258416
2070,37.73598847628615,37.598381501398876,-11.74960044694962
2071,37.732140923164955,37.610232542044216,-11.76525256626181
2072,37.72829082430935,37.622072731483925,-11.780912275806877
2073,37.72443818272517,37.63390206643325,-11.796579567195383
2074,37.72058300142023,37.64572054361885,-11.812254432036575
2075,37.71672528340424,37.65752815977879,-11.827936861938399
2076,37.712865031688835,37.66932491166255,-11.843626848507522
2077,37.709002249287586,37.68111079603099,-11.859324383349353
2078,37.70513693921594,37.69288580965638,-11.875029458068052
2079,37.70126910449124,37.70464994932238,-11.89074206426656
2080,37.69739874813271,37.716403211824044,-11.9064621935466
2081,37.69352587316145,37.72814559396781,-11.922189837508714
2082,37.6896504826004,37.7398770925715,-11.937924987752266
2083,37.68577257947436,37.75159770446431,-11.953667635875465
2084,37.681892166809966,37.76330742648683,-11.969417773475385
2085,37.67800924763567,37.775006255491014,-11.98517539214798
2086,37.674123824981756,37.78669418834018,-12.0009404834881
2087,37.6702359018803,37.798371221909015,-12.01671303908951
2088,37.66634548136516,37.81003735308357,-12.03249305054491
2089,37.66245256647202,37.82169257876127,-12.04828050944595
2090,37.658557160238296,37.83333689585088,-12.06407540738325
2091,37.65465926570318,37.84497030127251,-12.079877735946411
2092,37.65075888590763,37.85659279195764,-12.095687486724042
2093,37.64685602389432,37.86820436484908,-12.11150465130377
2094,37.642950682707685,37.87980501690099,-12.12732922127226
2095,37.639042865393854,37.89139474507886,-12.143161188215233
2096,37.63513257500068,37.902973546359526,-12.15900054371748
2097,37.63121981457772,37.914541417731144,-12.174847279362888
2098,37.62730458717621,37.926098356193194,-12.190701386734446
2099,37.62338689584907,37.937644358756486,-12.20656285741427
2100,37.619466743650904,37.949179422443144,-12.222431682983615
2101,37.61554413363794,37.96070354428661,-12.2383078550229
2102,37.61161906886809,37.972216721331634,-12.254191365111717
2103,37.60769155240087,37.983718950634284,-12.270082204828853
2104,37.60376158729746,37.995210229261914,-12.285980365752303
2105,37.59982917662064,38.006690554293186,-12.301885839459294
2106,37.595894323434784,38.018159922818064,-12.317798617526293
2107,37.59195703080589,38.02961833193779,-12.333718691529034
2108,37.58801730180151,38.0410657787649,-12.349646053042527
2109,37.5840751394908,38.05250226042322,-12.365580693641078
2110,37.58013054694447,38.06392777404783,-12.38152260489831
2111,37.57618352723478,38.07534231678512,-12.39747177838717
2112,37.57223408343555,38.086745885792716,-12.413428205679956
2113,37.56828221862213,38.09813847823954,-12.42939187834833
2114,37.56432793587138,38.10952009130576,-12.445362787963333
2115,37.5603712382617,38.12089072218281,-12.461340926095405
2116,37.55641212887298,38.132250368073365,-12.4773262843144
2117,37.55245061078659,38.14359902619137,-12.493318854189603
2118,37.548486687085415,38.15493669376199,-12.50931862728975
2119,37.54452036085379,38.16626336802165,-12.525325595183036
2120,37.54055163517752,38.177579046218014,-12.541339749437144
2121,37.53658051314388,38.18888372560996,-12.557361081619254
2122,37.53260699784156,38.20017740346761,-12.57338958329606
2123,37.528631092360705,38.21146007707231,-12.589425246033784
2124,37.524652799792875,38.22273174371661,-12.605468061398204
2125,37.520672123231044,38.233992400704274,-12.621518020954658
2126,37.51668906576959,38.2452420453503,-12.637575116268069
2127,37.512703630504284,38.25648067498087,-12.653639338902956
2128,37.508715820532274,38.26770828693338,-12.669710680423451
2129,37.50472563895209,38.2789248785564,-12.685789132393321
2130,37.50073308886362,38.29013044720973,-12.701874686375978
2131,37.49673817336811,38.30132499026431,-12.717967333934501
2132,37.49274089556815,38.31250850510231,-12.734067066631647
2133,37.48874125856765,38.32368098911704,-12.750173876029873
2134,37.48473926547185,38.334842439713,-12.766287753691344
2135,37.48073491938732,38.34599285430586,-12.782408691177961
2136,37.476728223421894,38.35713223032245,-12.798536680051368
2137,37.47271918068474,38.36826056520075,-12.814671711872972
2138,37.46870779428629,38.37937785638991,-12.830813778203959
2139,37.46469406733824,38.39048410135022,-12.84696287060531
2140,37.46067800295358,38.40157929755312,-12.863118980637816
2141,37.45665960424651,38.41266344248118,-12.879282099862099
2142,37.452638874332514,38.423736533628116,-12.895452219838619
2143,37.44861581632829,38.43479856849876,-12.911629332127701
2144,37.44459043335176,38.445849544609096,-12.927813428289543
2145,37.44056272852207,38.45688945948619,-12.944004499884237
2146,37.43653270495955,38.46791831066825,-12.960202538471782
2147,37.43250036578576,38.47893609570458,-12.976407535612099
2148,37.4284657141234,38.489942812155604,-12.992619482865054
2149,37.42442875309638,38.50093845759283,-13.008838371790464
2150,37.42038948582975,38.51192302959887,-13.025064193948122
2151,37.41634791544974,38.522896525767415,-13.041296940897809
2152,37.41230404508371,38.53385894370326,-13.057536604199306
2153,37.40825787786015,38.54481028102226,-13.07378317541242
2154,37.4042094169087,38.55575053535135,-13.090036646096987
2155,37.40015866536009,38.56667970432854,-13.1062970078129
2156,37.39610562634616,38.577597785602904,-13.122564252120117
2157,37.39205030299987,38.58850477683456,-13.138838370578682
2158,37.38799269845524,38.599400675694696,-13.155119354748733
2159,37.38393281584739,38.610285479865546,-13.171407196190527
2160,37.37987065831248,38.62115918704038,-13.18770188646445
2161,37.375806228987756,38.632021794923496,-13.204003417131036
2162,37.3717395310115,38.642873301230246,-13.220311779750975
2163,37.36767056752303,38.653713703686996,-13.236626965885144
2164,37.3635993416627,38.664543000031145,-13.252948967094603
2165,37.359525856571885,38.67536118801109,-13.26927777494063
2166,37.35545011539296,38.68616826538624,-13.285613380984719
2167,37.351372121269314,38.69696422992703,-13.30195577678861
2168,37.34729187734531,38.70774907941488,-13.318304953914295
2169,37.34320938676631,38.7185228116422,-13.334660903924037
2170,37.33912465267864,38.729285424412396,-13.351023618380388
2171,37.33503767822959,38.740036915539854,-13.367393088846198
2172,37.33094846656739,38.75077728284993,-13.383769306884638
2173,37.32685702084124,38.76150652417897,-13.400152264059207
2174,37.32276334420125,38.77222463737427,-13.416541951933755
2175,37.31866743979847,38.7829316202941,-13.432938362072496
2176,37.31456931078485,38.79362747080767,-13.449341486040021
2177,37.31046896031325,38.80431218679515,-13.465751315401313
2178,37.306366391537445,38.81498576614765,-13.482167841721768
2179,37.302261607612074,38.82564820676722,-13.498591056567204
2180,37.29815461169266,38.83629950656684,-13.515020951503878
2181,37.294045406935595,38.846939663470415,-13.531457518098502
2182,37.28993399649813,38.85756867541277,-13.547900747918261
2183,37.28582038353836,38.86818654033966,-13.56435063253082
2184,37.28170457121522,38.878793256207715,-13.580807163504346
2185,37.2775865626885,38.88938882098451,-13.597270332407524
2186,37.273466361118764,38.89997323264848,-13.613740130809564
2187,37.26934396966743,38.910546489188974,-13.630216550280227
2188,37.2652193914967,38.921108588606224,-13.64669958238983
2189,37.26109262976957,38.93165952891133,-13.663189218709267
2190,37.25696368764982,38.942199308126284,-13.679685450810021
2191,37.25283256830201,38.952727924283934,-13.696188270264184
2192,37.24869927489146,38.96324537542799,-13.712697668644461
2193,37.244563810584246,38.97375165961301,-13.729213637524198
2194,37.24042617854719,38.98424677490442,-13.745736168477391
2195,37.236286381947856,38.994730719378474,-13.762265253078695
2196,37.23214442395454,39.00520349112227,-13.77880088290345
2197,37.22800030773624,39.015665088233746,-13.795343049527688
2198,37.22385403646268,39.02611550882165,-13.811891744528149
2199,37.219705613304285,39.03655475100555,-13.828446959482296
2200,37.21555504143216,39.04698281291584,-13.845008685968335
2201,37.21140232401811,39.057399692693714,-13.86157691556522
2202,37.20724746423459,39.067805388491166,-13.878151639852677
2203,37.20309046525474,39.07819989847098,-13.89473285041121
2204,37.19893133025234,39.08858322080673,-13.911320538822123
2205,37.19477006240184,39.09895535368279,-13.92791469666753
2206,37.19060666487829,39.109316295294285,-13.944515315530372
2207,37.1864411408574,39.11966604384712,-13.96112238699443
2208,37.18227349351548,39.13000459755796,-13.97773590264434
2209,37.17810372602947,39.14033195465423,-13.994355854065608
2210,37.17393184157689,39.15064811337411,-14.010982232844624
2211,37.16975784333586,39.16095307196652,-14.027615030568676
2212,37.16558173448508,39.17124682869111,-14.044254238825964
2213,37.161403518203834,39.18152938181827,-14.060899849205617
2214,37.157223197671954,39.19180072962912,-14.077551853297704
2215,37.153040776069844,39.20206087041549,-14.094210242693253
2216,37.14885625657844,39.212309802479915,-14.110875008984257
2217,37.144669642379235,39.222547524135656,-14.127546143763697
2218,37.14048093665423,39.232774033706654,-14.14422363862555
2219,37.13629014258596,39.24298932952755,-14.160907485164813
2220,37.13209726335747,39.253193409943684,-14.1775976749775
2221,37.1279023021523,39.26338627331105,-14.194294199660673
2222,37.12370526215449,39.27356791799633,-14.210997050812448
2223,37.11950614654856,39.28373834237688,-14.22770622003201
2224,37.11530495851951,39.29389754484069,-14.244421698919629
2225,37.11110170125281,39.30404552378643,-14.261143479076669
2226,37.106896377934376,39.3141822776234,-14.27787155210561
2227,37.10268899175058,39.32430780477155,-14.294605909610056
2228,37.098479545888246,39.33442210366146,-14.31134654319475
2229,37.094268043534605,39.34452517273433,-14.32809344446559
2230,37.09005448787733,39.354617010441984,-14.344846605029643
2231,37.085838882104504,39.36469761524687,-14.361606016495154
2232,37.08162122940461,39.37476698562202,-14.378371670471568
2233,37.07740153296654,39.38482512005108,-14.395143558569535
2234,37.073179795979556,39.39487201702829,-14.41192167240093
2235,37.06895602163331,39.404907675058475,-14.428706003578865
2236,37.06473021311783,39.414932092657025,-14.445496543717706
2237,37.060502373623486,39.42494526834992,-14.462293284433079
2238,37.056272506341024,39.434947200673705,-14.479096217341889
2239,37.052040614461525,39.44493788817547,-14.495905334062336
2240,37.047806701176405,39.45491732941286,-14.512720626213923
2241,37.0435707696774,39.46488552295408,-14.529542085417475
2242,37.039332823156585,39.47484246737785,-14.546369703295149
2243,37.03509286480632,39.484788161273435,-14.563203471470446
2244,37.03085089781929,39.494722603240625,-14.580043381568233
2245,37.02660692538845,39.50464579188972,-14.596889425214746
2246,37.02236095070705,39.514557725841534,-14.613741594037611
2247,37.01811297696863,39.52445840372738,-14.630599879665855
2248,37.01386300736697,39.53434782418907,-14.647464273729916
2249,37.00961104509613,39.5442259858789,-14.664334767861666
2250,37.005357093350405,39.55409288745966,-14.681211353694414
2251,37.00110115532434,39.5639485276046,-14.698094022862925
2252,36.99684323421272,39.573792904997454,-14.714982767003432
2253,36.99258333321053,39.583626018332396,-14.731877577753652
2254,36.988321455513,39.593447866314065,-14.748778446752793
2255,36.98405760431555,39.603258447657545,-14.765685365641573
2256,36.979791782813805,39.613057761088356,-14.782598326062235
2257,36.97552399420358,39.62284580534246,-14.799517319658552
2258,36.97125424168087,39.632622579166224,-14.816442338075847
2259,36.96698252844185,39.642388081316454,-14.833373372961002
2260,36.962708857682856,39.65214231056035,-14.850310415962479
2261,36.958433232600385,39.66188526567552,-14.867253458730325
2262,36.95415565639107,39.671616945449976,-14.884202492916184
2263,36.94987613225171,39.681337348682106,-14.901157510173322
2264,36.945594663379204,39.69104647418069,-14.918118502156625
2265,36.9413112529706,39.70074432076487,-14.935085460522624
2266,36.93702590422305,39.71043088726416,-14.952058376929498
2267,36.932738620333815,39.720106172518435,-14.969037243037098
2268,36.92844940450026,39.729770175377915,-14.986022050506952
2269,36.92415825991984,39.739422894703175,-15.003012791002279
2270,36.91986518979009,39.74906432936512,-15.020009456188005
2271,36.915570197308604,39.75869447824498,-15.037012037730772
2272,36.91127328567307,39.76831334023432,-15.054020527298956
2273,36.90697445808121,39.777920914235004,-15.071034916562676
2274,36.902673717730806,39.78751719915922,-15.088055197193807
2275,36.89837106781969,39.79710219392943,-15.105081360865995
2276,36.89406651154571,39.80667589747843,-15.122113399254667
2277,36.88976005210675,39.816238308749256,-15.139151304037046
2278,36.88545169270071,39.825789426695245,-15.156195066892163
2279,36.881141436525496,39.83532925028,-15.173244679500868
2280,36.87682928677901,39.84485777847738,-15.190300133545849
2281,36.87251524665914,39.85437501027152,-15.207361420711635
2282,36.86819931936379,39.86388094465677,-15.224428532684616
2283,36.863881508090806,39.87337558063774,-15.241501461153055
2284,36.859561816038024,39.88285891722927,-15.258580197807097
2285,36.85524024640323,39.89233095345642,-15.275664734338784
2286,36.850916802384155,39.901791688354464,-15.292755062442069
2287,36.84659148717849,39.91124112096889,-15.309851173812824
2288,36.84226430398385,39.920679250355384,-15.326953060148856
2289,36.83793525599779,39.93010607557983,-15.34406071314992
2290,36.83360434641777,39.93952159571829,-15.361174124517731
2291,36.82927157844117,39.94892580985701,-15.378293285955973
2292,36.82493695526528,39.9583187170924,-15.395418189170316
2293,36.820600480087265,39.96770031653105,-15.412548825868425
2294,36.8162621561042,39.97707060728968,-15.429685187759976
2295,36.811921986513035,39.98642958849518,-15.446827266556664
2296,36.80757997451058,39.99577725928456,-15.46397505397222
2297,36.80323612329352,40.00511361880497,-15.48112854172242
2298,36.79889043605841,40.014438666213685,-15.498287721525095
2299,36.79454291600162,40.02375240067809,-15.515452585100151
2300,36.79019356631938,40.033054821375686,-15.532623124169575
2301,36.785842390207755,40.04234592749407,-15.549799330457448
2302,36.78148939086263,40.05162571823093,-15.566981195689959
2303,36.77713457147971,40.06089419279404,-15.584168711595414
2304,36.77277793525451,40.07015135040125,-15.601361869904252
2305,36.76841948538234,40.079397190280474,-15.618560662349056
2306,36.764059225058304,40.0886317116697,-15.635765080664564
2307,36.7596971574773,40.09785491381695,-15.652975116587681
2308,36.755333285834,40.10706679598031,-15.670190761857492
2309,36.75096761332284,40.11626735742789,-15.687412008215274
2310,36.74660014313803,40.12545659743782,-15.704638847404505
2311,36.74223087847353,40.13463451529827,-15.721871271170881
2312,36.737859822523035,40.14380111030742,-15.739109271262327
2313,36.733486978479995,40.15295638177345,-15.756352839429004
2314,36.72911234953759,40.16210032901453,-15.773601967423325
2315,36.72473593888871,40.171232951358824,-15.790856646999966
2316,36.72035774972599,40.180354248144475,-15.808116869915882
2317,36.71597778524175,40.18946421871961,-15.825382627930308
2318,36.711596048628,40.1985628624423,-15.842653912804781
2319,36.70721254307648,40.207650178680595,-15.85993071630315
2320,36.70282727177859,40.21672616681247,-15.877213030191585
2321,36.69844023792541,40.22579082622586,-15.894500846238587
2322,36.694051444707696,40.23484415631862,-15.911794156215008
2323,36.68966089531587,40.24388615649853,-15.92909295189405
2324,36.68526859294,40.25291682618329,-15.94639722505129
2325,36.68087454076981,40.261936164800495,-15.963706967464685
2326,36.67647874199466,40.27094417178766,-15.98102217091458
2327,36.67208119980354,40.27994084659218,-15.998342827183725
2328,36.66768191738508,40.288926188671326,-16.015668928057288
2329,36.663280897927514,40.297900197492254,-16.033000465322864
2330,36.65887814461868,40.30686287253198,-16.050337430770483
2331,36.65447366064604,40.31581421327738,-16.067679816192623
2332,36.650067449196634,40.32475421922517,-16.085027613384227
2333,36.64565951345709,40.33368288988193,-16.102380814142712
2334,36.64124985661363,40.34260022476405,-16.11973941026798
2335,36.636838481852045,40.35150622339776,-16.13710339356242
2336,36.632425392357675,40.3604008853191,-16.154472755830934
2337,36.62801059131544,40.36928421007392,-16.171847488880942
2338,36.6235940819098,40.37815619721787,-16.189227584522396
2339,36.61917586732476,40.387016846316385,-16.20661303456778
2340,36.61475595074386,40.39586615694469,-16.22400383083214
2341,36.610334335350174,40.40470412868779,-16.241399965133077
2342,36.60591102432629,40.413530761140436,-16.258801429290774
2343,36.60148602085432,40.42234605390716,-16.276208215127994
2344,36.59705932811587,40.43115000660223,-16.2936203144701
2345,36.59263094929205,40.439942618849656,-16.311037719145062
2346,36.588200887563474,40.44872389028318,-16.328460420983472
2347,36.58376914611023,40.45749382054628,-16.345888411818546
2348,36.57933572811187,40.46625240929214,-16.363321683486145
2349,36.57490063674745,40.47499965618364,-16.380760227824787
2350,36.570463875195465,40.483735560893386,-16.398204036675644
2351,36.566025446633866,40.49246012310365,-16.41565310188257
2352,36.561585354240066,40.501173342506384,-16.4331074152921
2353,36.55714360119091,40.50987521880324,-16.450566968753467
2354,36.55270019066268,40.5185657517055,-16.468031754118616
2355,36.548255125831076,40.52724494093414,-16.485501763242205
2356,36.54380840987124,40.53591278621975,-16.50297698798162
2357,36.53936004595771,40.544569287302565,-16.520457420196987
2358,36.534910037264424,40.55321444393247,-16.537943051751192
2359,36.53045838696474,40.56184825586895,-16.555433874509873
2360,36.526005098231394,40.57047072288112,-16.572929880341444
2361,36.52155017423651,40.579081844747684,-16.5904310611171
2362,36.517093618151584,40.587681621256955,-16.607937408710836
2363,36.51263543314749,40.59627005220682,-16.625448914999442
2364,36.508175622394454,40.604847137404754,-16.642965571862536
2365,36.50371418906207,40.6134128766678,-16.660487371182555
2366,36.49925113631928,40.62196726982257,-16.67801430484477
2367,36.494786467334364,40.630510316705205,-16.695546364737304
2368,36.49032018527494,40.639042017161415,-16.71308354275114
2369,36.48585229330795,40.64756237104643,-16.730625830780127
2370,36.48138279459966,40.65607137822502,-16.748173220720993
2371,36.47691169231565,40.66456903857146,-16.765725704473358
2372,36.47243898962081,40.67305535196952,-16.783283273939738
2373,36.46796468967933,40.68153031831252,-16.800845921025566
2374,36.46348879565468,40.68999393750322,-16.818413637639193
2375,36.45901131070965,40.69844620945388,-16.8359864156919
2376,36.454532238006266,40.706887134086244,-16.85356424709791
2377,36.45005158070586,40.71531671133151,-16.871147123774406
2378,36.44556934196901,40.72373494113034,-16.88873503764153
2379,36.441085524955575,40.73214182343283,-16.906327980622397
2380,36.43660013282464,40.74053735819854,-16.923925944643102
2381,36.432113168734546,40.74892154539642,-16.941528921632738
2382,36.42762463584289,40.75729438500488,-16.959136903523405
2383,36.423134537306474,40.76565587701173,-16.97674988225021
2384,36.41864287628134,40.77400602141417,-16.994367849751296
2385,36.414149655922735,40.78234481821881,-17.01199079796783
2386,36.40965487938514,40.790672267441636,-17.02961871884403
2387,36.40515854982221,40.79898836910802,-17.047251604327172
2388,36.400660670386834,40.807293123252684,-17.06488944636759
2389,36.39616124423106,40.81558652991973,-17.082532236918706
2390,36.39166027450614,40.82386858916259,-17.100179967937013
2391,36.38715776436249,40.832139301044066,-17.11783263138211
2392,36.38265371694971,40.840398665636265,-17.135490219216702
2393,36.37814813541656,40.84864668302062,-17.153152723406606
2394,36.37364102291095,40.85688335328789,-17.170820135920767
2395,36.36913238257995,40.865108676538135,-17.188492448731264
2396,36.36462221756977,40.8733226528807,-17.206169653813326
2397,36.360110531025754,40.88152528243423,-17.22385174314534
2398,36.355597326092386,40.88971656532665,-17.241538708708852
2399,36.35108260591327,40.89789650169514,-17.25923054248859
2400,36.34656637363113,40.90606509168616,-17.276927236472467
2401,36.34204863238779,40.9142223354554,-17.294628782651586
2402,36.337529385324196,40.9223682331678,-17.312335173020262
2403,36.33300863558038,40.93050278499754,-17.330046399576023
2404,36.32848638629547,40.93862599112802,-17.347762454319625
2405,36.323962640607675,40.946737851751855,-17.365483329255053
2406,36.31943740165429,40.95483836707086,-17.383209016389543
2407,36.31491067257168,40.96292753729605,-17.400939507733582
2408,36.31038245649526,40.97100536264764,-17.418674795300923
2409,36.30585275655954,40.979071843354994,-17.43641487110859
2410,36.30132157589804,40.98712697965668,-17.45415972717689
2411,36.29678891764335,40.9951707718004,-17.47190935552943
2412,36.292254784927096,41.00320322004303,-17.489663748193113
2413,36.28771918087994,41.01122432465056,-17.507422897198158
2414,36.28318210863156,41.01923408589814,-17.5251867945781
2415,36.27864357131066,41.02723250407003,-17.542955432369816
2416,36.27410357204497,41.03521957945961,-17.560728802613514
2417,36.269562113961214,41.04319531236935,-17.57850689735276
2418,36.265019200185115,41.05115970311084,-17.596289708634473
2419,36.26047483384139,41.059112752004744,-17.614077228508947
2420,36.25592901805376,41.067054459380806,-17.631869449029853
2421,36.25138175594492,41.074984825577836,-17.64966636225425
2422,36.24683305063653,41.08290385094371,-17.667467960242597
2423,36.24228290524923,41.09081153583534,-17.685274235058753
2424,36.23773132290263,41.098707880618704,-17.703085178770003
2425,36.23317830671528,41.10659288566879,-17.72090078344705
2426,36.22862385980469,41.11446655136962,-17.738721041164037
2427,36.22406798528732,41.12232887811421,-17.756545943998553
2428,36.219510686278554,41.13017986630461,-17.774375484031633
2429,36.21495196589272,41.13801951635185,-17.792209653347783
2430,36.21039182724307,41.14584782867593,-17.810048444034972
2431,36.20583027344177,41.15366480370586,-17.82789184818466
2432,36.2012673075999,41.16147044187959,-17.84573985789179
2433,36.19670293282744,41.16926474364403,-17.86359246525481
2434,36.19213715223329,41.17704770945505,-17.881449662375676
2435,36.18756996892524,41.18481933977746,-17.899311441359856
2436,36.18300138600995,41.19257963508498,-17.917177794316352
2437,36.178431406592985,41.20032859586028,-17.9350487133577
2438,36.17386003377877,41.2080662225949,-17.952924190599976
2439,36.169287270670615,41.215792515789325,-17.97080421816282
2440,36.16471312037068,41.22350747595291,-17.988688788169426
2441,36.16013758597998,41.23121110360389,-18.006577892746563
2442,36.155560670598405,41.23890339926938,-18.024471524024584
2443,36.150982377324674,41.24658436348537,-18.042369674137426
2444,36.14640270925634,41.254253996796685,-18.06027233522263
2445,36.141821669489815,41.261912299757,-18.078179499421342
2446,36.13723926112031,41.26955927292884,-18.096091158878327
2447,36.13265548724186,41.27719491688354,-18.11400730574197
2448,36.12807035094734,41.28481923220126,-18.1319279321643
2449,36.123483855328416,41.29243221947096,-18.149853030300974
2450,36.11889600347556,41.30003387929042,-18.16778259231132
2451,36.11430679847805,41.30762421226618,-18.18571661035831
2452,36.10971624342394,41.315203219013576,-18.203655076608594
2453,36.10512434140008,41.32277090015672,-18.2215979832325
2454,36.1005310954921,41.33032725632847,-18.239545322404034
2455,36.09593650878441,41.33787228817043,-18.25749708630091
2456,36.091340584360175,41.34540599633297,-18.275453267104538
2457,36.08674332530133,41.35292838147518,-18.293413857000044
2458,36.08214473468856,41.36043944426486,-18.311378848176272
2459,36.077544815601314,41.367939185378546,-18.3293482328258
2460,36.07294357111777,41.37542760550146,-18.347322003144942
2461,36.06834100431485,41.38290470532752,-18.365300151333756
2462,36.06373711826822,41.39037048555934,-18.383282669596063
2463,36.05913191605226,41.397824946908194,-18.401269550139443
2464,36.05452540074007,41.40526809009403,-18.419260785175247
2465,36.04991757540348,41.41269991584546,-18.43725636691861
2466,36.04530844311301,41.42012042489973,-18.455256287588455
2467,36.040698006937895,41.42752961800272,-18.473260539407505
2468,36.036086269946075,41.43492749590896,-18.491269114602286
2469,36.03147323520417,41.442314059381566,-18.50928200540314
2470,36.02685890577749,41.44968930919228,-18.527299204044233
2471,36.02224328473003,41.45705324612145,-18.54532070276356
2472,36.01762637512446,41.464405870958,-18.56334649380296
2473,36.01300818002211,41.47174718449943,-18.581376569408114
2474,36.00838870248299,41.47907718755183,-18.59941092182856
2475,36.003767945565755,41.486395880929834,-18.617449543317704
2476,35.99914591232772,41.49370326545663,-18.63549242613282
2477,35.99452260582484,41.50099934196395,-18.65353956253507
2478,35.98989802911172,41.50828411129205,-18.671590944789493
2479,35.9852721852416,41.515557574289716,-18.689646565165038
2480,35.98064507726633,41.522819731814245,-18.70770641593455
2481,35.976016708236415,41.53007058473143,-18.72577048937479
2482,35.97138708120096,41.537310133915575,-18.74383877776644
2483,35.96675619920769,41.54453838024944,-18.76191127339412
2484,35.96212406530293,41.55175532462429,-18.779987968546372
2485,35.95749068253162,41.558960967939825,-18.798068855515698
2486,35.95285605393728,41.56615531110421,-18.816153926598542
2487,35.94822018256204,41.57333835503407,-18.834243174095317
2488,35.943583071446604,41.580510100654436,-18.852336590310404
2489,35.93894472363025,41.58767054889879,-18.87043416755216
2490,35.93430514215085,41.594819700709024,-18.888535898132925
2491,35.92966433004482,41.60195755703542,-18.906641774369042
2492,35.925022290347165,41.60908411883668,-18.924751788580846
2493,35.92037902609143,41.61619938707987,-18.94286593309268
2494,35.91573454030972,41.623303362740444,-18.96098420023291
2495,35.91108883603269,41.63039604680223,-18.979106582333927
2496,35.90644191628952,41.637477440257406,-18.99723307173215
2497,35.90179378410796,41.644547544106494,-19.01536366076804
2498,35.897144442514254,41.65160635935836,-19.033498341786103
2499,35.892493894533196,41.6586538870302,-19.051637107134912
2500,35.88784214318809,41.66569012814752,-19.06977994916709
2501,35.883189191500755,41.67271508374414,-19.087926860239335
2502,35.87853504249153,41.679728754862175,-19.10607783271243
2503,35.87387969917924,41.68673114255204,-19.12423285895124
2504,35.86922316458123,41.69372224787242,-19.14239193132472
2505,35.86456544171332,41.70070207189028,-19.16055504220594
2506,35.85990653358983,41.70767061568082,-19.17872218397206
2507,35.85524644322356,41.71462788032752,-19.196893349004373
2508,35.850585173625774,41.721573866922085,-19.215068529688292
2509,35.84592272780623,41.72850857656446,-19.23324771841336
2510,35.84125910877315,41.73543201036279,-19.25143090757326
2511,35.83659431953321,41.742344169433466,-19.26961808956582
2512,35.83192836309154,41.749245054901046,-19.28780925679303
2513,35.82726124245173,41.756134667898294,-19.30600440166103
2514,35.822592960615815,41.76301300956616,-19.324203516580145
2515,35.817923520584266,41.769880081053756,-19.342406593964864
2516,35.81325292535599,41.77673588351837,-19.360613626233864
2517,35.808581177928325,41.783580418125425,-19.378824605810014
2518,35.80390828129705,41.790413686048495,-19.39703952512038
2519,35.799234238456336,41.79723568846929,-19.415258376596242
2520,35.794559052398796,41.80404642657764,-19.43348115267308
2521,35.78988272611544,41.81084590157148,-19.451707845790608
2522,35.785205262595674,41.81763411465686,-19.46993844839276
2523,35.78052666482733,41.82441106704792,-19.488172952927705
2524,35.77584693579661,41.83117675996687,-19.506411351847863
2525,35.771166078488115,41.83793119464402,-19.52465363760989
2526,35.766484095884834,41.84467437231772,-19.542899802674714
2527,35.76180099096813,41.85140629423438,-19.561149839507518
2528,35.75711676671776,41.85812696164846,-19.579403740577757
2529,35.75243142611181,41.86483637582245,-19.597661498359166
2530,35.74774497212677,41.871534538026864,-19.615923105329763
2531,35.74305740773746,41.878221449540234,-19.63418855397186
2532,35.73836873591708,41.88489711164909,-19.652457836772072
2533,35.73367895963716,41.89156152564795,-19.670730946221315
2534,35.72898808186759,41.89821469283934,-19.689007874814823
2535,35.72429610557659,41.90485661453374,-19.707288615052146
2536,35.71960303373071,41.91148729204961,-19.725573159437168
2537,35.71490886929485,41.91810672671334,-19.7438615004781
2538,35.71021361523221,41.92471491985929,-19.7621536306875
2539,35.705517274504324,41.931311872829745,-19.780449542582275
2540,35.700819850071035,41.93789758697491,-19.798749228683683
2541,35.6961213448905,41.944472063652924,-19.817052681517346
2542,35.69142176191919,41.95103530422981,-19.835359893613255
2543,35.686721104111854,41.9575873100795,-19.85367085750578
2544,35.68201937442155,41.9641280825838,-19.871985565733667
2545,35.67731657579963,41.9706576231324,-19.890304010840058
2546,35.672612711195725,41.97717593312285,-19.90862618537249
2547,35.66790778355775,41.983683013960565,-19.926952081882902
2548,35.6632017958319,41.990178867058795,-19.945281692927644
2549,35.65849475096263,41.99666349383863,-19.96361501106748
2550,35.65378665189267,42.00313689572899,-19.981952028867592
2551,35.64907750156301,42.00959907416661,-20.00029273889761
2552,35.644367302912904,42.01605003059602,-20.01863713373158
2553,35.63965605887984,42.022489766469555,-20.036985205948007
2554,35.634943772399566,42.02891828324733,-20.055336948129835
2555,35.630230446406074,42.035335582397245,-20.07369235286447
2556,35.62551608383159,42.04174166539496,-20.09205141274378
2557,35.62080068760658,42.04813653372389,-20.110414120364098
2558,35.61608426065973,42.0545201888752,-20.12878046832624
2559,35.61136680591795,42.06089263234779,-20.147150449235504
2560,35.60664832630638,42.067253865648276,-20.165524055701674
2561,35.601928824748356,42.073603890291004,-20.18390128033903
2562,35.59720830416544,42.079942707798025,-20.202282115766355
2563,35.5924867674774,42.086270319699075,-20.22066655460694
2564,35.5877642176022,42.09258672753158,-20.239054589488592
2565,35.58304065745599,42.09889193284066,-20.25744621304364
2566,35.57831608995312,42.105185937179066,-20.275841417908936
2567,35.57359051800613,42.111468742107235,-20.29424019672587
2568,35.56886394452574,42.11774034919324,-20.312642542140374
2569,35.56413637242085,42.12400076001279,-20.331048446802924
2570,35.55940780459852,42.130249976149216,-20.349457903368553
2571,35.554678243964005,42.13648799919347,-20.367870904496844
2572,35.5499476934207,42.142714830744104,-20.386287442851955
2573,35.54521615587016,42.14893047240727,-20.404707511102615
2574,35.54048363421211,42.155134925796716,-20.423131101922127
2575,35.535750131344415,42.161328192533745,-20.44155820798838
2576,35.53101565016309,42.16751027424724,-20.459988821983853
2577,35.52628019356229,42.17368117257364,-20.478422936595624
2578,35.52154376443431,42.179840889156914,-20.49686054451537
2579,35.516806365669574,42.185989425648586,-20.515301638439386
2580,35.512068000156624,42.1921267837077,-20.533746211068568
2581,35.50732867078215,42.19825296500081,-20.552194255108446
2582,35.50258838043094,42.20436797120199,-20.57064576326917
2583,35.497847131985914,42.21047180399278,-20.589100728265525
2584,35.49310492832808,42.21656446506224,-20.607559142816935
2585,35.48836177233657,42.22264595610688,-20.626020999647473
2586,35.48361766688861,42.22871627883069,-20.644486291485855
2587,35.47887261485953,42.23477543494511,-20.662955011065463
2588,35.47412661912276,42.240823426169015,-20.681427151124343
2589,35.46937968254978,42.246860254228736,-20.6999027044052
2590,35.464631808010196,42.25288592085802,-20.718381663655425
2591,35.45988299837168,42.25890042779802,-20.736864021627085
2592,35.455133256499984,42.264903776797304,-20.755349771076933
2593,35.45038258525892,42.27089596961183,-20.773838904766418
2594,35.44563098751038,42.276877008004945,-20.792331415461685
2595,35.4408784661143,42.28284689374737,-20.810827295933585
2596,35.43612502392869,42.28880562861718,-20.829326538957677
2597,35.43137066380961,42.294753214399826,-20.847829137314243
2598,35.426615388611175,42.30068965288808,-20.86633508378828
2599,35.42185920118554,42.30661494588207,-20.88484437116951
2600,35.4171021043829,42.31252909518923,-20.903356992252398
2601,35.41234410105149,42.318432102624314,-20.921872939836142
2602,35.40758519403757,42.32432397000939,-20.940392206724688
2603,35.40282538618545,42.330204699173805,-20.958914785726726
2604,35.39806468033744,42.3360742919542,-20.97744066965571
2605,35.39330307933389,42.34193275019448,-20.99596985132985
2606,35.38854058601315,42.34778007574583,-21.014502323572128
2607,35.383777203211594,42.35361627046668,-21.033038079210293
2608,35.3790129337636,42.359441336222694,-21.051577111076877
2609,35.37424778050154,42.365255274886785,-21.0701194120092
2610,35.36948174625581,42.371058088339076,-21.088664974849358
2611,35.36471483385478,42.37684977846691,-21.10721379244426
2612,35.35994704612481,42.382630347164834,-21.1257658576456
2613,35.35517838589027,42.38839979633459,-21.144321163309886
2614,35.35040885597349,42.39415812788509,-21.16287970229844
2615,35.345638459194795,42.399905343732435,-21.181441467477395
2616,35.34086719837248,42.40564144579988,-21.20000645171771
2617,35.336095076322806,42.411366436017836,-21.218574647895167
2618,35.33132209586,42.41708031632385,-21.23714604889039
2619,35.32654825979627,42.422783088662605,-21.255720647588838
2620,35.32177357094176,42.42847475498591,-21.27429843688081
2621,35.316998032104586,42.434155317252696,-21.292879409661456
2622,35.312221646090805,42.43982477742897,-21.311463558830784
2623,35.307444415704424,42.44548313748784,-21.33005087729366
2624,35.3026663437474,42.45113039940951,-21.34864135795982
2625,35.29788743301962,42.45676656518123,-21.367234993743864
2626,35.293107686318905,42.46239163679735,-21.38583177756527
2627,35.288327106441024,42.46800561625923,-21.404431702348393
2628,35.28354569617965,42.47360850557529,-21.423034761022482
2629,35.2787634583264,42.479200306760994,-21.441640946521673
2630,35.2739803956708,42.4847810218388,-21.460250251785002
2631,35.26919651100029,42.490350652838195,-21.478862669756403
2632,35.264411807100224,42.49590920179566,-21.497478193384715
2633,35.25962628675387,42.50145667075468,-21.516096815623698
2634,35.2548399527424,42.50699306176569,-21.53471852943202
2635,35.250052807844874,42.51251837688613,-21.553343327773277
2636,35.24526485483826,42.51803261818038,-21.571971203615988
2637,35.24047609649742,42.523535787719766,-21.59060214993361
2638,35.235686535595086,42.52902788758257,-21.60923615970453
2639,35.2308961749019,42.534508919854005,-21.627873225912083
2640,35.22610501718637,42.53997888662618,-21.646513341544548
2641,35.221313065214886,42.54543778999813,-21.66515649959516
2642,35.21652032175171,42.5508856320758,-21.68380269306211
2643,35.21172678955897,42.556322414972,-21.702451914948547
2644,35.206932471396684,42.561748140806436,-21.721104158262595
2645,35.2021373700227,42.56716281170568,-21.739759416017346
2646,35.197341488192734,42.57256642980315,-21.758417681230867
2647,35.19254482866037,42.577958997239136,-21.77707894692621
2648,35.18774739417703,42.58334051616075,-21.795743206131412
2649,35.18294918749199,42.588710988721935,-21.814410451879503
2650,35.17815021135237,42.59407041708346,-21.833080677208507
2651,35.173350468503116,42.59941880341288,-21.85175387516145
2652,35.168549961687035,42.60475614988458,-21.870430038786367
2653,35.16374869364475,42.610082458679706,-21.8891091611363
2654,35.15894666711472,42.6153977319862,-21.907791235269308
2655,35.154143884833225,42.62070197199876,-21.926476254248467
2656,35.14934034953437,42.62599518091885,-21.945164211141883
2657,35.14453606395007,42.63127736095467,-21.963855099022688
2658,35.13973103081007,42.63654851432116,-21.98254891096905
2659,35.13492525284191,42.641808643240005,-22.001245640064177
2660,35.13011873277095,42.647057749939584,-22.019945279396314
2661,35.12531147332036,42.65229583665499,-22.03864782205876
2662,35.12050347721108,42.657522905628014,-22.057353261149867
2663,35.11569474716188,42.66273895910713,-22.076061589773044
2664,35.11088528588931,42.6679439993475,-22.094772801036758
2665,35.1060750961077,42.673138028610936,-22.11348688805455
2666,35.101264180529185,42.678321049165916,-22.13220384394502
2667,35.09645254186367,42.683493063287564,-22.150923661831857
2668,35.09164018281884,42.68865407325763,-22.16964633484382
2669,35.086827106100166,42.693804081364505,-22.188371856114752
2670,35.08201331441088,42.69894308990318,-22.207100218783594
2671,35.07719881045198,42.70407110117526,-22.225831415994374
2672,35.07238359692224,42.70918811748894,-22.24456544089622
2673,35.0675676765182,42.71429414115901,-22.26330228664336
2674,35.06275105193414,42.71938917450682,-22.28204194639513
2675,35.05793372586211,42.7244732198603,-22.300784413315974
2676,35.053115700991896,42.72954627955392,-22.319529680575453
2677,35.04829698001106,42.734608355928714,-22.338277741348254
2678,35.04347756560488,42.73965945133222,-22.357028588814178
2679,35.03865746045639,42.744699568118534,-22.375782216158157
2680,35.03383666724636,42.74972870864824,-22.394538616570262
2681,35.02901518865329,42.75474687528844,-22.413297783245692
2682,35.02419302735341,42.759754070412725,-22.43205970938479
2683,35.019370186020694,42.76475029640117,-22.450824388193052
2684,35.014546667326826,42.76973555564032,-22.46959181288111
2685,35.00972247394121,42.77470985052319,-22.488361976664756
2686,35.004897608530975,42.77967318344924,-22.507134872764944
2687,35.00007207376096,42.78462555682439,-22.525910494407785
2688,34.99524587229372,42.78956697306097,-22.54468883482456
2689,34.99041900678952,42.79449743457775,-22.56346988725171
2690,34.985591479906326,42.799416943799905,-22.582253644930866
2691,34.98076329429979,42.804325503159006,-22.601040101108826
2692,34.97593445262329,42.80922311509303,-22.619829249037576
2693,34.971104957527885,42.81410978204634,-22.638621081974286
2694,34.966274811662316,42.81898550646964,-22.657415593181316
2695,34.96144401767303,42.823850290820026,-22.676212775926224
2696,34.95661257820416,42.82870413756095,-22.69501262348177
2697,34.9517804958975,42.83354704916217,-22.713815129125905
2698,34.94694777339255,42.838379028099816,-22.7326202861418
2699,34.942114413326465,42.84320007685631,-22.751428087817825
2700,34.937280418334076,42.84801019792041,-22.77023852744757
2701,34.93244579104789,42.852809393787155,-22.78905159832985
2702,34.92761053409808,42.85759766695788,-22.807867293768687
2703,34.92277465011248,42.8623750199402,-22.826685607073347
2704,34.91793814171658,42.86714145524802,-22.845506531558314
2705,34.91310101153354,42.87189697540147,-22.864330060543313
2706,34.90826326218416,42.876641582926965,-22.8831561873533
2707,34.90342489628688,42.88137528035714,-22.90198490531848
2708,34.89858591645782,42.886098070230865,-22.920816207774294
2709,34.893746325310715,42.89080995509323,-22.939650088061445
2710,34.88890612545696,42.895510937495544,-22.958486539525882
2711,34.88406531950558,42.9002010199953,-22.97732555551881
2712,34.87922391006324,42.90488020515619,-22.996167129396696
2713,34.874381899734225,42.90954849554809,-23.015011254521273
2714,34.86953929112046,42.91420589374703,-23.03385792425954
2715,34.864696086821496,42.918852402335226,-23.05270713198377
2716,34.85985228943451,42.923488023901015,-23.07155887107151
2717,34.85500790155428,42.92811276103889,-23.090413134905585
2718,34.85016292577323,42.93272661634947,-23.109269916874105
2719,34.84531736468138,42.93732959243949,-23.128129210370464
2720,34.840471220866355,42.9419216919218,-23.14699100879335
2721,34.83562449691341,42.946502917415344,-23.16585530554674
2722,34.83077719540539,42.951073271545155,-23.18472209403991
2723,34.82592931892274,42.95563275694234,-23.203591367687437
2724,34.82108087004351,42.960181376244094,-23.222463119909204
2725,34.816231851343346,42.96471913209364,-23.241337344130397
2726,34.811382265395494,42.96924602714028,-23.26021403378152
2727,34.806532114770775,42.973762064039335,-23.279093182298386
2728,34.80168140203761,42.97826724545216,-23.29797478312213
2729,34.796830129762,42.98276157404612,-23.316858829699203
2730,34.79197830050753,42.987245052494615,-23.335745315481393
2731,34.787125916835365,42.991717683477006,-23.354634233925804
2732,34.782272981304246,42.99617946967867,-23.373525578494878
2733,34.77741949647048,43.00063041379095,-23.392419342656392
2734,34.772565464887954,43.005070518511154,-23.411315519883463
2735,34.767710889108116,43.009499786542555,-23.430214103654546
2736,34.76285577167999,43.01391822059437,-23.449115087453443
2737,34.75800011515014,43.01832582338176,-23.468018464769308
2738,34.75314392206271,43.0227225976258,-23.486924229096648
2739,34.748287194959396,43.02710854605349,-23.50583237393532
2740,34.74342993637944,43.031483671397744,-23.52474289279054
2741,34.738572148859646,43.03584797639736,-23.543655779172894
2742,34.73371383493435,43.04020146379704,-23.562571026598327
2743,34.72885499713545,43.044544136347334,-23.58148862858815
2744,34.72399563799238,43.04887599680469,-23.600408578669054
2745,34.71913576003211,43.0531970479314,-23.619330870373094
2746,34.71427536577915,43.0575072924956,-23.638255497237715
2747,34.70941445775556,43.061806733271276,-23.657182452805735
2748,34.704553038480896,43.06609537303822,-23.676111730625358
2749,34.69969111047227,43.07037321458206,-23.69504332425018
2750,34.69482867624433,43.07464026069422,-23.71397722723918
2751,34.68996573830921,43.078896514171916,-23.732913433156742
2752,34.685102299176606,43.083141977818165,-23.75185193557264
2753,34.6802383613537,43.087376654441755,-23.77079272806204
2754,34.675373927345206,43.09160054685724,-23.789735804205527
2755,34.67050899965335,43.09581365788492,-23.80868115758908
2756,34.66564358077787,43.100015990350855,-23.827628781804098
2757,34.660777673215996,43.104207547086844,-23.84657867044738
2758,34.65591127946249,43.1083883309304,-23.865530817121147
2759,34.65104440200959,43.11255834472476,-23.88448521543304
2760,34.64617704334705,43.11671759131887,-23.903441858996114
2761,34.64130920596212,43.120866073567356,-23.92240074142886
2762,34.63644089233954,43.12500379433055,-23.941361856355183
2763,34.63157210496155,43.12913075647445,-23.960325197404423
2764,34.626702846307865,43.13324696287073,-23.979290758211356
2765,34.621833118855704,43.1373524163967,-23.998258532416187
2766,34.61696292507976,43.141447119935336,-24.01722851366457
2767,34.61209226745221,43.14553107637524,-24.036200695607587
2768,34.60722114844272,43.14960428861065,-24.055175071901775
2769,34.60234957051841,43.1536667595414,-24.074151636209116
2770,34.597477536143906,43.15771849207296,-24.09313038219704
2771,34.59260504778128,43.16175948911636,-24.112111303538427
2772,34.587732107890076,43.16578975358826,-24.131094393911617
2773,34.582858718927326,43.169809288410846,-24.150079647000407
2774,34.577984883347504,43.173818096511916,-24.169067056494054
2775,34.57311060360256,43.1778161808248,-24.188056616087284
2776,34.56823588214189,43.18180354428837,-24.20704831948028
2777,34.56336072141237,43.18578018984706,-24.2260421603787
2778,34.55848512385831,43.18974612045079,-24.24503813249368
2779,34.55360909192148,43.19370133905504,-24.264036229541816
2780,34.5487326280411,43.197645848620766,-24.28303644524519
2781,34.54385573465384,43.20157965211443,-24.30203877333137
2782,34.53897841419381,43.20550275250798,-24.32104320753339
2783,34.53410066909256,43.209415152778845,-24.34004974158978
2784,34.529222501779095,43.213316855909916,-24.35905836924456
2785,34.52434391467985,43.21720786488954,-24.378069084247233
2786,34.51946491021869,43.221088182711505,-24.3970818803528
2787,34.51458549081692,43.224957812375045,-24.416096751321756
2788,34.509705658893274,43.22881675688482,-24.43511369092009
2789,34.50482541686392,43.232665019250895,-24.4541326929193
2790,34.49994476714245,43.236502602488756,-24.473153751096376
2791,34.495063712139874,43.24032950961928,-24.492176859233822
2792,34.49018225426463,43.24414574366873,-24.511202011119646
2793,34.48530039592257,43.24795130766875,-24.530229200547367
2794,34.48041813951698,43.25174620465634,-24.54925842131602
2795,34.47553548744853,43.255530437673876,-24.56828966723015
2796,34.470652442115345,43.25930400976906,-24.587322932099823
2797,34.46576900591292,43.26306692399495,-24.606358209740623
2798,34.460885181234175,43.26681918340991,-24.62539549397366
2799,34.45600097046945,43.270560791077635,-24.644434778625563
2800,34.45111637600646,43.274291750067135,-24.66347605752849
2801,34.44623140023035,43.2780120634527,-24.682519324520136
2802,34.44134604552365,43.28172173431392,-24.70156457344372
2803,34.436460314266284,43.28542076573565,-24.720611798147992
2804,34.43157420883558,43.289109160808025,-24.73966099248725
2805,34.42668773160625,43.29278692262643,-24.758712150321315
2806,34.42180088495041,43.296454054291516,-24.777765265515566
2807,34.41691367123755,43.30011055890914,-24.796820331940914
2808,34.41202609283456,43.30375643959041,-24.81587734347382
2809,34.4071381521057,43.30739169945164,-24.83493629399629
2810,34.40224985141263,43.311016341614376,-24.853997177395883
2811,34.39736119311436,43.31463036920533,-24.873059987565703
2812,34.39247217956731,43.318233785356426,-24.89212471840442
2813,34.387582813125256,43.321826593204754,-24.91119136381625
2814,34.38269309613936,43.325408795892585,-24.930259917710973
2815,34.37780303095816,43.32898039656733,-24.949330374003928
2816,34.37291261992754,43.33254139838157,-24.968402726616016
2817,34.36802186539077,43.336091804493016,-24.987476969473708
2818,34.36313076968848,43.3396316180645,-25.00655309650903
2819,34.358239335158665,43.343160842263984,-25.02563110165959
2820,34.353347564136676,43.34667948026454,-25.044710978868565
2821,34.348455458955236,43.35018753524434,-25.0637927220847
2822,34.34356302194441,43.353685010386634,-25.082876325262312
2823,34.33867025543163,43.35717190887977,-25.101961782361307
2824,34.33377716174167,43.36064823391715,-25.121049087347163
2825,34.32888374319667,43.364113988697255,-25.14013823419094
2826,34.323990002116105,43.36756917642359,-25.15922921686928
2827,34.3190959408168,43.37101380030473,-25.178322029364416
2828,34.31420156161294,43.37444786355426,-25.197416665664157
2829,34.30930686681603,43.377871369390796,-25.216513119761913
2830,34.30441185873493,43.38128432103796,-25.23561138565668
2831,34.29951653967584,43.38468672172438,-25.254711457353043
2832,34.294620911942296,43.388078574683675,-25.273813328861188
2833,34.289724977835164,43.39145988315445,-25.292916994196894
2834,34.284828739652646,43.394830650380264,-25.312022447381537
2835,34.27993219969028,43.398190879609665,-25.3311296824421
2836,34.27503536024093,43.40154057409613,-25.350238693411164
2837,34.27013822359479,43.40487973709809,-25.36934947432691
2838,34.26524079203938,43.408208371878914,-25.38846201923313
2839,34.26034306785954,43.41152648170688,-25.407576322179228
2840,34.25544505333743,43.41483406985519,-25.426692377220203
2841,34.250546750752555,43.41813113960195,-25.44581017841668
2842,34.2456481623817,43.42141769423015,-25.464929719834885
2843,34.24074929049899,43.42469373702768,-25.48405099554667
2844,34.23585013737586,43.42795927128729,-25.503173999629496
2845,34.23095070528107,43.4312143003066,-25.522298726166444
2846,34.22605099648066,43.434458827388085,-25.54142516924621
2847,34.221151013238014,43.43769285583906,-25.56055332296312
2848,34.2162507578138,43.44091638897168,-25.579683181417117
2849,34.21135023246601,43.444129430102926,-25.59881473871377
2850,34.20644943944992,43.4473319825546,-25.617947988964275
2851,34.20154838101812,43.4505240496533,-25.637082926285455
2852,34.1966470594205,43.453705634730426,-25.656219544799765
2853,34.191745476904245,43.45687674112216,-25.675357838635286
2854,34.18684363571384,43.46003737216947,-25.694497801925735
2855,34.181941538091074,43.463187531218075,-25.713639428810467
2856,34.17703918627501,43.46632722161847,-25.732782713434467
2857,34.17213658250201,43.469456446725886,-25.75192764994836
2858,34.16723372900574,43.4725752099003,-25.771074232508408
2859,34.16233062801712,43.47568351450641,-25.790222455276513
2860,34.157427281764406,43.47878136391363,-25.809372312420226
2861,34.152523692473096,43.4818687614961,-25.82852379811273
2862,34.14761986236599,43.484945710632644,-25.847676906532865
2863,34.14271579366317,43.48801221470678,-25.866831631865107
2864,34.137811488581995,43.4910682771067,-25.885987968299585
2865,34.1329069493371,43.494113901225276,-25.905145910032076
2866,34.12800217814039,43.497149090460034,-25.924305451264004
2867,34.12309717720107,43.50017384821316,-25.943466586202454
2868,34.11819194872559,43.50318817789146,-25.96262930906016
2869,34.11328649491768,43.5061920829064,-25.981793614055505
2870,34.10838081797836,43.50918556667405,-26.000959495412534
2871,34.10347492010588,43.512168632615094,-26.02012694736095
2872,34.098568803495795,43.51514128415482,-26.039295964136112
2873,34.093662470340895,43.51810352472312,-26.058466539979044
2874,34.088755922831254,43.52105535775444,-26.077638669136423
2875,34.0838491631542,43.52399678668784,-26.096812345860595
2876,34.07894219349432,43.52692781496691,-26.11598756440957
2877,34.07403501603346,43.529848446039814,-26.135164319047018
2878,34.06912763295074,43.532758683359255,-26.15434260404228
2879,34.064220046422506,43.53565853038247,-26.173522413670366
2880,34.05931225862238,43.53854799057122,-26.19270374221195
2881,34.054404271721225,43.54142706739178,-26.211886583953383
2882,34.049496087887164,43.544295764314946,-26.231070933186682
2883,34.044587709285565,43.54715408481599,-26.250256784209537
2884,34.03967913807905,43.5500020323747,-26.26944413132531
2885,34.03477037642748,43.5528396104753,-26.288632968843046
2886,34.02986142648796,43.555666822606526,-26.307823291077458
2887,34.02495229041485,43.558483672261545,-26.32701509234894
2888,34.02004297035975,43.56129016293798,-26.34620836698356
2889,34.015133468471475,43.56408629813789,-26.36540310931307
2890,34.01022378689612,43.56687208136777,-26.384599313674904
2891,34.00531392777699,43.56964751613853,-26.403796974412174
2892,34.000403893254635,43.5724126059655,-26.42299608587367
2893,33.99549368546684,43.57516735436841,-26.442196642413876
2894,33.99058330654862,43.57791176487136,-26.461398638392954
2895,33.985672758632234,43.580645841002855,-26.480602068176754
2896,33.98076204384716,43.583369586295774,-26.499806926136813
2897,33.9758511643201,43.58608300428734,-26.519013206650353
2898,33.970940122175,43.588786098519144,-26.53822090410029
2899,33.966028919533024,43.59147887253712,-26.557430012875223
2900,33.96111755851256,43.59416132989153,-26.576640527369445
2901,33.95620604122923,43.596833474136965,-26.595852441982945
2902,33.95129436979586,43.59949530883234,-26.615065751121396
2903,33.94638254632252,43.60214683754086,-26.634280449196172
2904,33.94147057291647,43.60478806383003,-26.653496530624338
2905,33.936558451682224,43.60741899127164,-26.672713989828654
2906,33.93164618472149,43.610039623441786,-26.69193282123758
2907,33.92673377413319,43.61264996392079,-26.711153019285263
2908,33.92182122201347,43.61525001629325,-26.73037457841156
2909,33.91690853045569,43.617839784148025,-26.749597493062023
2910,33.91199570155042,43.6204192710782,-26.7688217576879
2911,33.90708273738543,43.62298848068109,-26.78804736674614
2912,33.90216964004572,43.625547416558234,-26.807274314699402
2913,33.897256411613476,43.62809608231539,-26.826502596016034
2914,33.89234305416811,43.6306344815625,-26.845732205170098
2915,33.88742956978622,43.63316261791372,-26.86496313664135
2916,33.88251596054163,43.63568049498736,-26.884195384915255
2917,33.87760222850535,43.638188116405935,-26.903428944482986
2918,33.872688375745604,43.6406854857961,-26.922663809841417
2919,33.867774404327804,43.643172606788674,-26.941899975493133
2920,33.862860316314574,43.64564948301863,-26.961137435946423
2921,33.85794611376572,43.64811611812507,-26.980376185715283
2922,33.853031798738265,43.65057251575121,-26.99961621931942
2923,33.848117373286414,43.653018679544395,-27.018857531284254
2924,33.84320283946157,43.65545461315608,-27.038100116140907
2925,33.83828819931233,43.657880320241816,-27.057343968426213
2926,33.83337345488449,43.660295804461235,-27.076589082682723
2927,33.82845860822101,43.66270106947806,-27.095835453458697
2928,33.82354366136208,43.66509611896008,-27.115083075308107
2929,33.81862861634505,43.66748095657913,-27.134331942790634
2930,33.81371347520447,43.66985558601113,-27.15358205047168
2931,33.80879823997207,43.67222001093601,-27.17283339292236
2932,33.80388291267677,43.674574235037745,-27.1920859647195
2933,33.79896749534467,43.676918262004335,-27.21133976044564
2934,33.794051989999055,43.67925209552779,-27.23059477468904
2935,33.789136398660396,43.68157573930412,-27.24985100204368
2936,33.78422072334634,43.683889197033345,-27.26910843710925
2937,33.779304966071706,43.686192472419464,-27.288367074491156
2938,33.77438912884851,43.688485569170446,-27.30762690880053
2939,33.76947321368594,43.69076849099823,-27.326887934654213
2940,33.764557222590355,43.69304124161872,-27.346150146674773
2941,33.75964115756529,43.69530382475176,-27.365413539490497
2942,33.75472502061146,43.697556244121145,-27.384678107735382
2943,33.749808813726744,43.69979850345458,-27.403943846049156
2944,33.7448925389062,43.70203060648372,-27.423210749077263
2945,33.73997619814206,43.7042525569441,-27.44247881147087
2946,33.735059793423716,43.706464358575175,-27.46174802788686
2947,33.730143326737746,43.70866601512029,-27.481018392987842
2948,33.72522680006788,43.710857530326685,-27.500289901442148
2949,33.720310215395024,43.71303890794545,-27.51956254792383
2950,33.71539357469725,43.71521015173157,-27.538836327112662
2951,33.7104768799498,43.71737126544385,-27.558111233694145
2952,33.70556013312507,43.719522252844975,-27.5773872623595
2953,33.70064333619261,43.721663117701446,-27.596664407805672
2954,33.69572649111917,43.723793863783605,-27.615942664735332
2955,33.69080959986862,43.725914494865606,-27.635222027856873
2956,33.68589266440202,43.72802501472541,-27.65450249188441
2957,33.68097568667757,43.73012542714479,-27.673784051537794
2958,33.67605866865064,43.73221573590931,-27.693066701542588
2959,33.67114161227376,43.734295944808295,-27.712350436630086
2960,33.6662245194966,43.73636605763487,-27.731635251537305
2961,33.66130739226601,43.7384260781859,-27.750921141006994
2962,33.65639023252598,43.740476010262036,-27.77020809978762
2963,33.65147304221765,43.742515857667634,-27.789496122633384
2964,33.64655582327933,43.74454562421082,-27.808785204304204
2965,33.64163857764647,43.746565313703435,-27.828075339565732
2966,33.63672130725167,43.74857492996103,-27.847366523189343
2967,33.63180401402469,43.750574476802875,-27.86665874995214
2968,33.62688669989243,43.75256395805194,-27.885952014636953
2969,33.62196936677895,43.75454337753487,-27.905246312032336
2970,33.61705201660544,43.75651273908202,-27.924541636932574
2971,33.61213465129026,43.75847204652739,-27.94383798413768
2972,33.60721727274891,43.760421303708654,-27.963135348453388
2973,33.60229988289402,43.76236051446714,-27.982433724691166
2974,33.597382483635386,43.76428968264783,-28.001733107668205
2975,33.59246507687993,43.766208812099315,-28.021033492207422
2976,33.58754766453174,43.768117906673844,-28.040334873137468
2977,33.582630248492016,43.77001697022726,-28.059637245292716
2978,33.577712830659124,43.771906006619034,-28.078940603513267
2979,33.57279541292856,43.77378501971222,-28.098244942644953
2980,33.56787799719297,43.77565401337347,-28.117550257539328
2981,33.562960585342125,43.77751299147301,-28.13685654305368
2982,33.558043179262945,43.779361957884646,-28.156163794051015
2983,33.55312578083948,43.78120091648575,-28.175472005400078
2984,33.548208391952926,43.78302987115724,-28.194781171975333
2985,33.54329101448161,43.78484882578358,-28.214091288656974
2986,33.538373650301,43.78665778425277,-28.23340235033092
2987,33.533456301283685,43.788456750456334,-28.25271435188882
2988,33.52853896929941,43.79024572828933,-28.27202728822805
2989,33.52362165621504,43.7920247216503,-28.291341154251707
2990,33.51870436389457,43.79379373444131,-28.310655944868625
2991,33.51378709419913,43.795552770567895,-28.329971654993354
2992,33.50886984898699,43.797301833939095,-28.349288279546176
2993,33.50395263011354,43.7990409284674,-28.3686058134531
2994,33.4990354394313,43.80077005806877,-28.38792425164586
2995,33.494118278789934,43.80248922666264,-28.407243589061913
2996,33.48920115003621,43.80419843817185,-28.426563820644443
2997,33.48428405501405,43.80589769652272,-28.445884941342364
2998,33.47936699556449,43.807587005644976,-28.465206946110307
2999,33.47444997352569,43.80926636947176,-28.484529829908638
3000,33.46953299073294,43.81093579193963,-28.50385358770344
3001,33.46461604901866,43.812595276988546,-28.523178214466522
3002,33.459699150212394,43.814244828561854,-28.542503705175424
3003,33.454782296140806,43.81588445060629,-28.5618300548134
3004,33.44986548862769,43.81751414707197,-28.58115725836943
3005,33.444948729493944,43.81913392191235,-28.600485310838224
3006,33.440032020557624,43.820743779084275,-28.61981420722021
3007,33.43511536363387,43.82234372254791,-28.63914394252154
3008,33.43019876053497,43.823933756266776,-28.658474511754086
3009,33.425282213070325,43.82551388420771,-28.67780590993545
3010,33.42036572304645,43.827084110340884,-28.69713813208895
3011,33.41544929226699,43.82864443863977,-28.71647117324362
3012,33.4105329225327,43.83019487308115,-28.73580502843422
3013,33.40561661564146,43.83173541764509,-28.755139692701242
3014,33.40070037338827,43.833266076314956,-28.77447516109088
3015,33.395784197565234,43.83478685307738,-28.793811428655058
3016,33.390868089961586,43.83629775192227,-28.813148490451418
3017,33.38595205236368,43.837798776842774,-28.83248634154332
3018,33.381036086554964,43.83928993183531,-28.851824976999843
3019,33.37612019431603,43.840771220899526,-28.871164391895785
3020,33.371204377424576,43.84224264803831,-28.890504581311664
3021,33.3662886376554,43.84370421725776,-28.90984554033371
3022,33.36137297678043,43.845155932567195,-28.92918726405387
3023,33.3564573965687,43.84659779797915,-28.948529747569815
3024,33.351541898786365,43.84802981750934,-28.967872985984922
3025,33.34662648519669,43.84945199517668,-28.98721697440829
3026,33.341711157560034,43.85086433500326,-29.006561707954734
3027,33.3367959176339,43.852266841014334,-29.025907181744778
3028,33.331880767172876,43.85365951723833,-29.045253390904662
3029,33.32696570792868,43.85504236770681,-29.06460033056634
3030,33.32205074165012,43.8564153964545,-29.083947995867476
3031,33.31713587008314,43.85777860751926,-29.103296381951452
3032,33.31222109497077,43.859132004942055,-29.122645483967354
3033,33.307306418053166,43.860475592766996,-29.141995297069982
3034,33.302391841067575,43.86180937504128,-29.16134581641985
3035,33.29747736574837,43.86313335581522,-29.180697037183176
3036,33.292562993827026,43.86444753914221,-29.20004895453189
3037,33.28764872703213,43.86575192907873,-29.219401563643633
3038,33.282734567089356,43.86704652968434,-29.238754859701746
3039,33.277820515721515,43.86833134502165,-29.258108837895282
3040,33.27290657464851,43.869606379156345,-29.277463493419003
3041,33.26799274558734,43.87087163615715,-29.296818821473373
3042,33.263079030252136,43.872127120095826,-29.316174817264564
3043,33.25816543035411,43.873372835047164,-29.335531476004448
3044,33.25325194760159,43.87460878508899,-29.354888792910604
3045,33.248338583700004,43.87583497430212,-29.374246763206315
3046,33.2434253403519,43.8770514067704,-29.393605382120565
3047,33.238512219256904,43.87825808658065,-29.41296464488804
3048,33.23359922211177,43.87945501782269,-29.43232454674912
3049,33.228686350610346,43.88064220458932,-29.451685082949894
3050,33.22377360644359,43.881819650976304,-29.47104624874215
3051,33.21886099129954,43.88298736108237,-29.49040803938337
3052,33.213948506863375,43.884145339009194,-29.509770450136738
3053,33.20903615481734,43.8852935888614,-29.52913347627113
3054,33.20412393684081,43.88643211474655,-29.54849711306112
3055,33.19921185461024,43.88756092077512,-29.56786135578698
3056,33.194299909799206,43.88868001106053,-29.587226199734673
3057,33.18938810407837,43.88978938971908,-29.606591640195855
3058,33.18447643911551,43.89088906086999,-29.62595767246788
3059,33.17956491657549,43.89197902863536,-29.64532429185379
3060,33.17465353812028,43.8930592971402,-29.664691493662314
3061,33.16974230540897,43.89412987051235,-29.684059273207883
3062,33.16483122009771,43.89519075288256,-29.703427625810605
3063,33.15992028383979,43.89624194838443,-29.722796546796282
3064,33.15500949828558,43.89728346115438,-29.742166031496403
3065,33.150098865082555,43.898315295331706,-29.761536075248145
3066,33.14518838587529,43.899337455058514,-29.78090667339437
3067,33.14027806230545,43.90034994447975,-29.800277821283622
3068,33.13536789601181,43.90135276774316,-29.81964951427013
3069,33.13045788863024,43.90234592899932,-29.839021747713804
3070,33.125548041793714,43.90332943240157,-29.858394516980244
3071,33.1206383571323,43.90430328210607,-29.877767817440724
3072,33.11572883627316,43.90526748227175,-29.897141644472196
3073,33.110819480840576,43.906222037060324,-29.916515993457296
3074,33.105910292455896,43.90716695063625,-29.935890859784333
3075,33.10100127273759,43.908102227166765,-29.955266238847297
3076,33.09609242330122,43.90902787082183,-29.974642126045854
3077,33.091183745759444,43.90994388577416,-29.994018516785342
3078,33.08627524172202,43.9108502761992,-30.01339540647677
3079,33.0813669127958,43.91174704627511,-30.032772790536832
3080,33.076458760584735,43.91263420018278,-30.052150664387877
3081,33.07155078668988,43.91351174210578,-30.071529023457938
3082,33.06664299270938,43.9143796762304,-30.090907863180707
3083,33.06173538023848,43.91523800674562,-30.110287178995552
3084,33.056827950869526,43.916086737843074,-30.129666966347507
3085,33.05192070619195,43.91692587371709,-30.149047220687272
3086,33.04701364779229,43.91775541856465,-30.16842793747121
3087,33.04210677725418,43.91857537658541,-30.18780911216135
3088,33.03720009615836,43.919385751981636,-30.20719074022538
3089,33.032293606082646,43.92018654895826,-30.226572817136653
3090,33.027387308601966,43.92097777172285,-30.245955338374184
3091,33.022481205288344,43.92175942448557,-30.265338299422645
3092,33.0175752977109,43.92253151145922,-30.284721695772365
3093,33.012669587435845,43.92329403685918,-30.304105522919333
3094,33.0077640760265,43.92404700490346,-30.32348977636519
3095,33.00285876504326,43.924790419812624,-30.342874451617234
3096,32.99795365604364,43.925524285809836,-30.36225954418842
3097,32.99304875058225,43.92624860712083,-30.381645049597346
3098,32.98814405021078,43.9269633879739,-30.401030963368267
3099,32.983239556478026,43.92766863259989,-30.42041728103109
3100,32.97833527092989,43.928364345232204,-30.43980399812136
3101,32.973431195109356,43.92905053010677,-30.45919111018028
3102,32.96852733055652,43.92972719146206,-30.4785786127547
3103,32.96362367880856,43.93039433353905,-30.4979665013971
3104,32.95872024139976,43.93105196058124,-30.517354771665623
3105,32.953817019861496,43.931700076834645,-30.536743419124036
3106,32.94891401572225,43.93233868654776,-30.556132439341756
3107,32.94401123050759,43.93296779397157,-30.575521827893837
3108,32.93910866574019,43.93358740335955,-30.594911580360975
3109,32.93420632293982,43.93419751896765,-30.614301692329498
3110,32.929304203623346,43.93479814505427,-30.633692159391373
3111,32.924402309304725,43.935389285880284,-30.653082977144198
3112,32.91950064149502,43.93597094570899,-30.672474141191202
3113,32.91459920170239,43.93654312880614,-30.69186564714125
3114,32.90969799143209,43.93710583943992,-30.711257490608833
3115,32.90479701218648,43.93765908188094,-30.730649667214074
3116,32.899896265465,43.93820286040221,-30.750042172582724
3117,32.89499575276422,43.93873717927915,-30.769435002346153
3118,32.890095475577766,43.9392620427896,-30.78882815214136
3119,32.8851954353964,43.939777455213765,-30.80822161761097
3120,32.88029563370796,43.94028342083425,-30.827615394403217
3121,32.87539607199739,43.94077994393602,-30.847009478171973
3122,32.87049675174674,43.941267028806415,-30.866403864576718
3123,32.86559767443516,43.94174467973513,-30.885798549282548
3124,32.86069884153887,43.94221290101421,-30.905193527960176
3125,32.855800254531225,43.94267169693804,-30.92458879628593
3126,32.85090191488266,43.94312107180334,-30.943984349941754
3127,32.84600382406072,43.943561029909155,-30.963380184615197
3128,32.84110598353004,43.94399157555685,-30.98277629599942
3129,32.83620839475237,43.94441271305009,-31.0021726797932
3130,32.83131105918653,43.94482444669486,-31.021569331700906
3131,32.82641397828848,43.945226780799416,-31.04096624743252
3132,32.82151715351125,43.94561971967431,-31.06036342270363
3133,32.81662058630499,43.94600326763237,-31.079760853235424
3134,32.81172427811694,43.94637742898869,-31.099158534754686
3135,32.806828230391446,43.946742208060634,-31.118556462993805
3136,32.80193244456995,43.947097609167805,-31.13795463369076
3137,32.797036922091,43.94744363663206,-31.157353042589136
3138,32.79214166439026,43.94778029477749,-31.176751685438106
3139,32.787246672900466,43.948107587930416,-31.196150557992436
3140,32.782351949051474,43.94842552041938,-31.21554965601248
3141,32.77745749427025,43.94873409657513,-31.23494897526419
3142,32.77256330998085,43.949033320730635,-31.254348511519094
3143,32.76766939760444,43.94932319722104,-31.273748260554314
3144,32.76277575855929,43.94960373038369,-31.293148218152556
3145,32.75788239426077,43.949874924558124,-31.312548380102108
3146,32.75298930612135,43.95013678408602,-31.331948742196836
3147,32.74809649555061,43.95038931331125,-31.35134930023619
3148,32.743203963955246,43.95063251657983,-31.370750050025197
3149,32.73831171273904,43.95086639823993,-31.390150987374458
3150,32.73341974330289,43.95109096264186,-31.409552108100147
3151,32.72852805704479,43.95130621413805,-31.428953408024014
3152,32.723636655359854,43.95151215708309,-31.448354882973383
3153,32.718745539640295,43.951708795833646,-31.467756528781138
3154,32.71385471127544,43.951896134748516,-31.48715834128574
3155,32.7089641716517,43.9520741781886,-31.506560316331207
3156,32.704073922152624,43.95224293051689,-31.52596244976713
3157,32.69918396415885,43.95240239609845,-31.545364737448654
3158,32.694294299048124,43.952552579300445,-31.564767175236494
3159,32.68940492819531,43.95269348449209,-31.584169758996914
3160,32.68451585297237,43.95282511604467,-31.60357248460174
3161,32.67962707474838,43.95294747833153,-31.622975347928357
3162,32.67473859488953,43.95306057572805,-31.642378344859694
3163,32.66985041475912,43.95316441261166,-31.66178147128424
3164,32.66496253571755,43.953258993361814,-31.68118472309603
3165,32.66007495912234,43.95334432235998,-31.70058809619465
3166,32.65518768632811,43.95342040398967,-31.719991586485225
3167,32.65030071868661,43.95348724263636,-31.739395189878433
3168,32.64541405754668,43.95354484268758,-31.75879890229049
3169,32.640527704254296,43.953593208532794,-31.778202719643154
3170,32.63564166015253,43.953632344563495,-31.79760663786372
3171,32.630755926581564,43.95366225517313,-31.81701065288502
3172,32.62587050487871,43.95368294475712,-31.83641476064543
3173,32.62098539637838,43.953694417712846,-31.855818957088843
3174,32.61610060241211,43.95369667843964,-31.875223238164697
3175,32.61121612430854,43.953689731338784,-31.894627599827952
3176,32.60633196339344,43.95367358081349,-31.9140320380391
3177,32.60144812098967,43.953648231268915,-31.933436548764156
3178,32.596564598417245,43.95361368711212,-31.95284112797466
3179,32.59168139699326,43.95356995275208,-31.972245771647675
3180,32.58679851803195,43.9535170325997,-31.991650475765777
3181,32.58191596284465,43.95345493106776,-32.01105523631707
3182,32.57703373273983,43.95338365257094,-32.030460049295165
3183,32.57215182902307,43.953303201525806,-32.04986491069919
3184,32.567270252997076,43.95321358235079,-32.06926981653379
3185,32.56238900596166,43.953114799466206,-32.08867476280911
3186,32.557508089213776,43.95300685729421,-32.10807974554082
3187,32.55262750404747,43.952889760258834,-32.12748476075008
3188,32.54774725175393,43.95276351278594,-32.146889804463555
3189,32.542867333621466,43.952628119303235,-32.16629487271342
3190,32.53798775093549,43.95248358424024,-32.185699961537345
3191,32.533108504978564,43.95232991202832,-32.2051050669785
3192,32.528229597030354,43.95216710710064,-32.22451018508555
3193,32.52335102836766,43.951995173892186,-32.24391531191265
3194,32.51847280026439,43.95181411683972,-32.26332044351946
3195,32.513594913991604,43.95162394038182,-32.28272557597112
3196,32.508717370817465,43.951424648958834,-32.30213070533826
3197,32.503840172007266,43.951216247012894,-32.321535827696984
3198,32.498963318823435,43.9509987389879,-32.3409409391289
3199,32.49408681252552,43.95077212932951,-32.360346035721086
3200,32.4892106543702,43.950536422485136,-32.3797511135661
3201,32.48433484561127,43.95029162290394,-32.399156168761984
3202,32.47945938749968,43.95003773503682,-32.418561197412245
3203,32.47458428128349,43.949774763336414,-32.43796619562587
3204,32.46970952820789,43.94950271225707,-32.457371159517315
3205,32.46483512951521,43.949221586254865,-32.4767760852065
3206,32.4599610864449,43.948931389787575,-32.496180968818834
3207,32.455087400233545,43.94863212731468,-32.51558580648516
3208,32.450214072114875,43.94832380329736,-32.53499059434181
3209,32.44534110331974,43.94800642219848,-32.554395328530546
3210,32.440468495076125,43.94767998848258,-32.57380000519862
3211,32.43559624860915,43.947344506615856,-32.59320462049872
3212,32.430724365141074,43.946999981066206,-32.612609170588996
3213,32.425852845891285,43.94664641630315,-32.63201365163305
3214,32.42098169207632,43.94628381679788,-32.65141805979993
3215,32.41611090490983,43.94591218702321,-32.67082239126413
3216,32.411240485602626,43.945531531453604,-32.6902266422056
3217,32.40637043536265,43.945141854565136,-32.70963080880972
3218,32.401500755394984,43.94474316083552,-32.72903488726731
3219,32.39663144690184,43.94433545474408,-32.74843887377464
3220,32.39176251108258,43.94391874077172,-32.767842764533405
3221,32.38689394913371,43.94349302340097,-32.78724655575074
3222,32.38202576224886,43.943058307115926,-32.80665024363922
3223,32.37715795161882,43.94261459640229,-32.826053824416825
3224,32.37229051843152,43.94216189574732,-32.84545729430698
3225,32.36742346387203,43.941700209639855,-32.86486064953854
3226,32.362556789122564,43.941229542570284,-32.88426388634578
3227,32.35769049536248,43.94074989903056,-32.90366700096837
3228,32.352824583768296,43.94026128351417,-32.92306998965143
3229,32.34795905551365,43.939763700516146,-32.94247284864549
3230,32.343093911769344,43.939257154533045,-32.96187557420647
3231,32.33822915370333,43.93874165006296,-32.981278162595736
3232,32.3333647824807,43.93821719160549,-33.00068061008003
3233,32.32850079926371,43.93768378366175,-33.02008291293153
3234,32.32363720521174,43.93714143073434,-33.03948506742779
3235,32.31877400148135,43.936590137327386,-33.05888706985179
3236,32.31391118922623,43.93602990794647,-33.07828891649189
3237,32.30904876959724,43.935460747098666,-33.097690603641865
3238,32.30418674374238,43.934882659292526,-33.11709212760087
3239,32.299325112806805,43.93429564903806,-33.13649348467346
3240,32.294463877932834,43.93369972084675,-33.15589467116958
3241,32.289603040259934,43.9330948792315,-33.175295683404556
3242,32.28474260092472,43.93248112870669,-33.19469651769911
3243,32.279882561060994,43.93185847378812,-33.21409717037933
3244,32.275022921799675,43.93122691899302,-33.23349763777671
3245,32.27016368426887,43.93058646884005,-33.25289791622809
3246,32.265304849593846,43.92993712784927,-33.27229800207572
3247,32.260446418897004,43.929278900542165,-33.2916978916672
3248,32.255588393297934,43.92861179144161,-33.3110975813555
3249,32.250730773913375,43.92793580507188,-33.33049706749896
3250,32.24587356185723,43.92725094595863,-33.34989634646131
3251,32.24101675824057,43.9265572186289,-33.36929541461161
3252,32.23616036417162,43.925854627611095,-33.38869426832429
3253,32.23130438075577,43.92514317743499,-33.40809290397916
3254,32.22644880909561,43.924422872631716,-33.42749131796136
3255,32.22159365029084,43.923693717733755,-33.44688950666139
3256,32.216738905438376,43.92295571727493,-33.466287466475116
3257,32.211884575632276,43.92220887579041,-33.485685193803725
3258,32.20703066196378,43.92145319781668,-33.50508268505377
3259,32.202177165521285,43.920688687891555,-33.52447993663715
3260,32.19732408739038,43.91991535055416,-33.543876944971096
3261,32.1924714286538,43.919133190344944,-33.56327370647818
3262,32.18761919039148,43.91834221180563,-33.582670217586305
3263,32.18276737368051,43.917542419479254,-33.602066474728716
3264,32.17791597959516,43.91673381791014,-33.62146247434398
3265,32.17306500920688,43.915916411643884,-33.640858212876
3266,32.168214463584285,43.91509020522735,-33.660253686774
3267,32.16336434379318,43.91425520320868,-33.67964889249254
3268,32.15851465089653,43.91341141013727,-33.699043826491476
3269,32.153665385954504,43.91255883056377,-33.71843848523601
3270,32.148816550024435,43.911697469040064,-33.73783286519663
3271,32.143968144160844,43.91082733011929,-33.75722696284917
3272,32.13912016941543,43.9099484183558,-33.77662077467474
3273,32.13427262683707,43.90906073830519,-33.796014297159786
3274,32.12942551747183,43.908164294524255,-33.81540752679605
3275,32.12457884236297,43.907259091571,-33.834800460080565
3276,32.11973260255092,43.90634513400464,-33.85419309351568
3277,32.114886799073304,43.905422426385584,-33.87358542360904
3278,32.11004143296493,43.904490973275436,-33.89297744687357
3279,32.105196505257794,43.90355077923698,-33.912369159827506
3280,32.10035201698109,43.90260184883416,-33.931760558994355
3281,32.0955079691612,43.901644186632105,-33.95115164090293
3282,32.090664362821684,43.900677797197105,-33.97054240208731
3283,32.08582119898331,43.89970268509659,-33.98993283908687
3284,32.080978478664036,43.89871885489916,-34.009322948446254
3285,32.076136202879006,43.89772631117453,-34.02871272671539
3286,32.071294372640565,43.896725058493566,-34.048102170449475
3287,32.066452988958254,43.89571510142826,-34.067491276208976
3288,32.06161205283881,43.89469644455171,-34.08688004055963
3289,32.05677156528617,43.89366909243815,-34.106268460072435
3290,32.05193152730147,43.892633049662905,-34.125656531323656
3291,32.047091939883046,43.8915883208024,-34.14504425089483
3292,32.04225280402643,43.89053491043415,-34.16443161537272
3293,32.03741412072437,43.889472823136764,-34.183818621349374
3294,32.032575890966804,43.88840206348993,-34.20320526542208
3295,32.027738115740874,43.8873226360744,-34.22259154419337
3296,32.02290079603093,43.88623454547201,-34.24197745427104
3297,32.018063932818535,43.88513779626562,-34.261362992268104
3298,32.013227527082456,43.88403239303917,-34.28074815480284
3299,32.00839157979866,43.88291834037765,-34.300132938498756
3300,32.00355609194033,43.88179564286707,-34.319517339984586
3301,31.998721064477866,43.88066430509447,-34.33890135589431
3302,31.993886498378867,43.87952433164793,-34.35828498286713
3303,31.989052394608148,43.878375727116534,-34.37766821754749
3304,31.984218754127745,43.87721849609039,-34.39705105658503
3305,31.9793855778969,43.87605264316061,-34.41643349663463
3306,31.974552866872074,43.874878172919296,-34.435815534356394
3307,31.969720622006946,43.87369508995953,-34.45519716641563
3308,31.96488884425241,43.87250339887541,-34.474578389482865
3309,31.96005753455658,43.87130310426198,-34.49395920023383
3310,31.95522669386479,43.87009421071529,-34.51333959534948
3311,31.950396323119598,43.86887672283231,-34.532719571515955
3312,31.945566423260782,43.86765064521101,-34.552099125424604
3313,31.94073699522534,43.86641598245028,-34.57147825377198
3314,31.9359080399475,43.86517273914997,-34.590856953259824
3315,31.93107955835871,43.86392091991087,-34.61023522059508
3316,31.92625155138765,43.86266052933469,-34.62961305248987
3317,31.921424019960227,43.861391572024075,-34.64899044566152
3318,31.91659696499957,43.86011405258259,-34.668367396832515
3319,31.911770387426046,43.858827975614695,-34.68774390273055
3320,31.90694428815725,43.85753334572577,-34.70711996008849
3321,31.902118668108006,43.856230167522085,-34.72649556564437
3322,31.897293528190374,43.85491844561081,-34.7458707161414
3323,31.892468869313653,43.85359818459998,-34.76524540832796
3324,31.88764469238437,43.852269389098545,-34.7846196389576
3325,31.882820998306297,43.85093206371629,-34.80399340478904
3326,31.877997787980433,43.84958621306389,-34.82336670258615
3327,31.873175062305027,43.848231841752856,-34.842739529117964
3328,31.86835282217556,43.846868954395575,-34.862111881158675
3329,31.863531068484757,43.84549755560526,-34.88148375548763
3330,31.85870980212259,43.84411764999598,-34.90085514888931
3331,31.85388902397627,43.84272924218263,-34.92022605815337
3332,31.84906873493025,43.84133233678092,-34.93959648007458
3333,31.844248935866233,43.8399269384074,-34.95896641145287
3334,31.839429627663172,43.83851305167941,-34.978335849093305
3335,31.834610811197265,43.83709068121512,-34.997704789806086
3336,31.829792487341958,43.83565983163349,-35.01707323040654
3337,31.82497465696795,43.83422050755427,-35.036441167715125
3338,31.820157320943192,43.832772713598004,-35.055808598557434
3339,31.81534048013289,43.831316454386005,-35.07517551976417
3340,31.810524135399497,43.82985173454038,-35.09454192817117
3341,31.80570828760273,43.82837855868398,-35.113907820619374
3342,31.80089293759956,43.826896931440444,-35.13327319395485
3343,31.79607808624421,43.825406857434146,-35.152638045028766
3344,31.791263734388174,43.82390834129022,-35.172002370697406
3345,31.7864498828802,43.82240138763453,-35.19136616782216
3346,31.781636532566292,43.82088600109369,-35.21072943326951
3347,31.776823684289727,43.81936218629503,-35.23009216391106
3348,31.772011338891044,43.81782994786662,-35.24945435662348
3349,31.76719949720804,43.81628929043723,-35.26881600828855
3350,31.762388160075787,43.81474021863635,-35.288177115793154
3351,31.75757732832662,43.81318273709417,-35.30753767602923
3352,31.752767002790144,43.81161685044159,-35.32689768589382
3353,31.747957184293238,43.81004256331017,-35.34625714228905
3354,31.74314787366005,43.808459880332194,-35.36561604212212
3355,31.738339071711998,43.8068688061406,-35.3849743823053
3356,31.733530779267777,43.805269345369005,-35.404332159755945
3357,31.728722997143358,43.80366150265169,-35.423689371396456
3358,31.723915726151986,43.80204528262361,-35.443046014154326
3359,31.719108967104187,43.800420689920344,-35.46240208496209
3360,31.714302720807765,43.79878772917815,-35.48175758075736
3361,31.709496988067805,43.79714640503391,-35.50111249848278
3362,31.704691769686676,43.79549672212514,-35.520466835086076
3363,31.699887066464022,43.79383868508999,-35.539820587520005
3364,31.695082879196782,43.79217229856723,-35.55917375274238
3365,31.690279208679172,43.790497567196255,-35.578526327716055
3366,31.6854760557027,43.78881449561705,-35.59787830940893
3367,31.68067342105616,43.78712308847023,-35.61722969479393
3368,31.675871305525636,43.78542335039698,-35.63658048084903
3369,31.671069709894507,43.7837152860391,-35.65593066455722
3370,31.666268634943435,43.78199890003895,-35.67528024290654
3371,31.661468081450387,43.78027419703949,-35.694629212890035
3372,31.656668050190614,43.77854118168424,-35.71397757150579
3373,31.651868541936672,43.7767998586173,-35.733325315756886
3374,31.64706955745841,43.77505023248332,-35.752672442651445
3375,31.642271097522972,43.773292307927505,-35.77201894920258
3376,31.637473162894814,43.77152608959561,-35.791364832428435
3377,31.632675754335683,43.76975158213393,-35.81071008935214
3378,31.627878872604633,43.76796879018929,-35.83005471700185
3379,31.623082518458023,43.76617771840906,-35.8493987124107
3380,31.618286692649516,43.764378371441126,-35.86874207261682
3381,31.61349139593008,43.762570753933886,-35.88808479466335
3382,31.608696629047994,43.76075487053625,-35.90742687559842
3383,31.603902392748846,43.75893072589764,-35.92676831247513
3384,31.599108687775537,43.75709832466798,-35.946109102351585
3385,31.59431551486828,43.75525767149767,-35.96544924229085
3386,31.5895228747646,43.753408771037606,-35.98478872936099
3387,31.584730768199336,43.75155162793918,-36.00412756063503
3388,31.579939195904643,43.74968624685424,-36.02346573319096
3389,31.575148158610002,43.7478126324351,-36.04280324411175
3390,31.570357657042205,43.74593078933455,-36.06214009048534
3391,31.565567691925366,43.74404072220584,-36.08147626940462
3392,31.560778263980925,43.742142435702654,-36.10081177796743
3393,31.55598937392764,43.74023593447913,-36.12014661327659
3394,31.5512010224816,43.73832122318984,-36.13948077243985
3395,31.546413210356214,43.736398306489804,-36.158814252569925
3396,31.541625938262225,43.73446718903445,-36.17814705078446
3397,31.5368392069077,43.73252787547963,-36.19747916420606
3398,31.53205301699804,43.730580370481626,-36.21681058996224
3399,31.52726736923598,43.72862467869711,-36.236141325185486
3400,31.522482264321578,43.726660804783165,-36.255471367013186
3401,31.517697702952237,43.724688753397274,-36.27480071258768
3402,31.512913685822696,43.722708529197305,-36.294129359056214
3403,31.508130213625027,43.720720136841514,-36.31345730357097
3404,31.50334728704864,43.71872358098853,-36.332784543289044
3405,31.49856490678029,43.71671886629737,-36.35211107537245
3406,31.49378307350408,43.71470599742741,-36.37143689698811
3407,31.48900178790144,43.71268497903838,-36.39076200530786
3408,31.484221050651158,43.710655815790375,-36.410086397508444
3409,31.479440862429364,43.70861851234384,-36.429410070771496
3410,31.474661223909536,43.706573073359564,-36.44873302228356
3411,31.469882135762504,43.704519503498666,-36.46805524923608
3412,31.465103598656444,43.702457807422604,-36.48737674882538
3413,31.460325613256888,43.70038798979316,-36.506697518252686
3414,31.45554818022672,43.69831005527243,-36.5260175547241
3415,31.45077130022618,43.69622400852284,-36.54533685545061
3416,31.44599497391286,43.69412985420711,-36.564655417648076
3417,31.44121920194172,43.692027596988275,-36.583973238537254
3418,31.436443984965074,43.68991724152966,-36.603290315343756
3419,31.43166932363259,43.68779879249489,-36.62260664529806
3420,31.426895218591312,43.68567225454785,-36.641922225635525
3421,31.42212167048564,43.68353763235274,-36.66123705359636
3422,31.417348679957342,43.68139493057401,-36.68055112642564
3423,31.412576247645553,43.67924415387638,-36.69986444137329
3424,31.407804374186775,43.67708530692485,-36.71917699569409
3425,31.403033060214877,43.674918394384655,-36.73848878664767
3426,31.39826230636111,43.67274342092129,-36.75779981149851
3427,31.39349211325409,43.6705603912005,-36.77711006751592
3428,31.38872248151981,43.66836930988827,-36.79641955197406
3429,31.383953411781636,43.666170181650806,-36.81572826215192
3430,31.379184904660317,43.66396301115456,-36.83503619533332
3431,31.374416960773974,43.661747803066184,-36.85434334880692
3432,31.36964958073812,43.65952456205257,-36.873649719866194
3433,31.36488276516564,43.6572932927808,-36.89295530580944
3434,31.360116514666803,43.65505399991819,-36.91226010393977
3435,31.35535082984927,43.65280668813222,-36.93156411156513
3436,31.350585711318086,43.650551362090596,-36.95086732599825
3437,31.345821159675683,43.64828802646119,-36.97016974455669
3438,31.341057175521886,43.64601668591206,-36.9894713645628
3439,31.336293759453905,43.643737345111454,-37.008772183343744
3440,31.331530912066352,43.64145000872778,-37.02807219823147
3441,31.32676863395123,43.63915468142962,-37.04737140656274
3442,31.32200692569793,43.63685136788571,-37.06666980567908
3443,31.317245787893256,43.63454007276494,-37.08596739292683
3444,31.3124852211214,43.632220800736356,-37.1052641656571
3445,31.307725225963956,43.62989355646914,-37.12456012122578
3446,31.30296580299993,43.62755834463262,-37.14385525699353
3447,31.298206952805717,43.625215169896244,-37.163149570325814
3448,31.29344867595513,43.6228640369296,-37.18244305859283
3449,31.288690973019385,43.620504950402385,-37.20173571916957
3450,31.283933844567105,43.61813791498442,-37.22102754943577
3451,31.279177291164327,43.61576293534564,-37.24031854677593
3452,31.274421313374496,43.61338001615608,-37.25960870857932
3453,31.269665911758473,43.610989162085865,-37.278898032239944
3454,31.264911086874534,43.60859037780523,-37.298186515156566
3455,31.26015683927837,43.60618366798448,-37.31747415473269
3456,31.255403169523092,43.60376903729402,-37.33676094837657
3457,31.250650078159232,43.601346490404325,-37.356046893501194
3458,31.245897565734744,43.59891603198594,-37.37533198752428
3459,31.241145632795,43.59647766670947,-37.39461622786828
3460,31.236394279882802,43.594031399245594,-37.41389961196039
3461,31.23164350753838,43.591577234265046,-37.43318213723251
3462,31.226893316299385,43.5891151764386,-37.45246380112126
3463,31.2221437067009,43.58664523043707,-37.471744601068
3464,31.217394679275447,43.584167400931335,-37.49102453451879
3465,31.21264623455297,43.58168169259228,-37.51030359892441
3466,31.207898373060853,43.57918811009082,-37.52958179174032
3467,31.203151095323918,43.57668665809791,-37.54885911042671
3468,31.198404401864423,43.57417734128452,-37.56813555244847
3469,31.193658293202063,43.571660164321614,-37.58741111527516
3470,31.188912769853975,43.569135131880174,-37.606685796381065
3471,31.184167832334744,43.566602248631185,-37.62595959324514
3472,31.17942348115639,43.56406151924563,-37.64523250335104
3473,31.17467971682839,43.561512948394466,-37.66450452418708
3474,31.16993653985766,43.55895654074866,-37.68377565324628
3475,31.16519395074857,43.55639230097914,-37.70304588802632
3476,31.16045195000294,43.55382023375682,-37.722315226029544
3477,31.15571053812004,43.55124034375256,-37.741583664762985
3478,31.1509697155966,43.54865263563722,-37.760851201738326
3479,31.1462294829268,43.546057114081584,-37.780117834471916
3480,31.141489840602283,43.54345378375642,-37.799383560484756
3481,31.13675078911215,43.54084264933242,-37.8186483773025
3482,31.13201232894296,43.53822371548022,-37.83791228245547
3483,31.12727446057874,43.53559698687042,-37.85717527347861
3484,31.122537184500974,43.53296246817351,-37.87643734791152
3485,31.117800501188622,43.53032016405994,-37.89569850329843
3486,31.113064411118103,43.52767007920007,-37.91495873718822
3487,31.10832891476331,43.52501221826418,-37.934218047134394
3488,31.103594012595604,43.52234658592245,-37.953476430695076
3489,31.098859705083825,43.519673186844976,-37.97273388543304
3490,31.094125992694284,43.51699202570176,-37.99199040891565
3491,31.089392875890766,43.51430310716268,-38.011245998714905
3492,31.084660355134538,43.51160643589753,-38.03050065240742
3493,31.079928430884344,43.50890201657596,-38.04975436757441
3494,31.07519710359641,43.506189853867525,-38.069007141801706
3495,31.070466373724447,43.50346995244164,-38.08825897267974
3496,31.065736241719648,43.50074231696759,-38.10750985780354
3497,31.061006708030696,43.49800695211453,-38.12675979477273
3498,31.056277773103762,43.495263862551475,-38.14600878119153
3499,31.051549437382505,43.49251305294729,-38.16525681466875
3500,31.046821701308076,43.48975452797069,-38.18450389281778
3501,31.04209456531912,43.48698829229023,-38.20375001325659
3502,31.037368029851773,43.484214350574305,-38.22299517360773
3503,31.032642095339682,43.48143270749116,-38.24223937149832
3504,31.027916762213977,43.47864336770884,-38.261482604560065
3505,31.023192030903296,43.475846335895234,-38.28072487042922
3506,31.018467901833777,43.473041616718035,-38.29996616674661
3507,31.013744375429063,43.47022921484476,-38.319206491157615
3508,31.009021452110304,43.46740913494273,-38.33844584131218
3509,31.004299132296154,43.46458138167907,-38.35768421486479
3510,30.999577416402783,43.4617459597207,-38.376921609474486
3511,30.994856304843864,43.45890287373434,-38.396158022804855
3512,30.990135798030586,43.45605212838649,-38.41539345252402
3513,30.985415896371652,43.45319372834343,-38.43462789630464
3514,30.980696600273284,43.45032767827123,-38.45386135182392
3515,30.97597791013922,43.447453982835725,-38.47309381676357
3516,30.97125982637072,43.44457264670252,-38.49232528880986
3517,30.96654234936656,43.441683674536975,-38.51155576565355
3518,30.961825479523043,43.43878707100422,-38.530785244989936
3519,30.957109217234,43.43588284076913,-38.55001372451883
3520,30.95239356289078,43.43297098849633,-38.56924120194454
3521,30.947678516882274,43.430051518850185,-38.58846767497591
3522,30.942964079594894,43.4271244364948,-38.60769314132626
3523,30.938250251412587,43.424189746094015,-38.62691759871342
3524,30.93353703271683,43.42124745231139,-38.646141044859725
3525,30.928824423886645,43.41829755981022,-38.665363477491994
3526,30.924112425298585,43.41534007325351,-38.68458489434153
3527,30.91940103732674,43.41237499730398,-38.703805293144136
3528,30.91469026034275,43.409402336624055,-38.72302467164008
3529,30.909980094715788,43.40642209587587,-38.742243027574126
3530,30.905270540812584,43.40343427972125,-38.761460358695494
3531,30.900561598997403,43.400438892821725,-38.78067666275789
3532,30.895853269632063,43.3974359398385,-38.799891937519476
3533,30.891145553075933,43.39442542543247,-38.819106180742885
3534,30.886438449685937,43.39140735426422,-38.8383193901952
3535,30.88173195981655,43.388381730993984,-38.85753156364797
3536,30.877026083819796,43.38534856028169,-38.87674269887718
3537,30.87232082204527,43.382307846786915,-38.895952793663284
3538,30.86761617484012,43.3792595951689,-38.91516184579117
3539,30.86291214254905,43.37620381008654,-38.93436985305016
3540,30.858208725514334,43.37314049619838,-38.953576813234015
3541,30.85350592407581,43.37006965816262,-38.97278272414094
3542,30.848803738570883,43.36699130063708,-38.99198758357356
3543,30.844102169334523,43.36390542827923,-39.01119138933893
3544,30.839401216699272,43.360812045746165,-39.03039413924852
3545,30.834700880995246,43.35771115769461,-39.049595831118225
3546,30.830001162550136,43.35460276878091,-39.06879646276835
3547,30.825302061689207,43.351486883661025,-39.08799603202361
3548,30.8206035787353,43.34836350699052,-39.10719453671313
3549,30.815905714008842,43.34523264342459,-39.12639197467044
3550,30.811208467827832,43.342094297618,-39.14558834373346
3551,30.806511840507863,43.338948474225134,-39.164783641744506
3552,30.801815832362102,43.33579517789996,-39.1839778665503
3553,30.797120443701314,43.33263441329604,-39.20317101600193
3554,30.792425674833847,43.329466185066515,-39.22236308795489
3555,30.78773152606564,43.32629049786411,-39.24155408026903
3556,30.78303799770023,43.323107356341104,-39.260743990808606
3557,30.778345090038737,43.31991676514937,-39.27993281744222
3558,30.77365280337989,43.316718728940344,-39.29912055804286
3559,30.768961138020007,43.313513252365,-39.31830721048786
3560,30.764270094253014,43.31030034007389,-39.33749277265893
3561,30.759579672370435,43.3070799967171,-39.356677242442146
3562,30.754889872661398,43.30385222694427,-39.375860617727916
3563,30.750200695412637,43.300617035404585,-39.395042896411006
3564,30.745512140908495,43.29737442674676,-39.41422407639053
3565,30.740824209430922,43.29412440561904,-39.43340415556995
3566,30.736136901259485,43.2908669766692,-39.452583131857054
3567,30.731450216671355,43.28760214454454,-39.47176100316397
3568,30.72676415594133,43.28432991389189,-39.490937767407154
3569,30.722078719341813,43.28105028935756,-39.510113422507395
3570,30.717393907142835,43.2777632755874,-39.529287966389795
3571,30.712709719612047,43.274468877226745,-39.54846139698379
3572,30.70802615701472,43.27116709892045,-39.56763371222311
3573,30.703343219613753,43.26785794531285,-39.58680491004582
3574,30.698660907669666,43.26454142104777,-39.60597498839428
3575,30.693979221440614,43.261217530768526,-39.62514394521515
3576,30.68929816118238,43.257886279117926,-39.6443117784594
3577,30.684617727148378,43.25454767073823,-39.66347848608228
3578,30.679937919589662,43.2512017102712,-39.68264406604336
3579,30.675258738754913,43.24784840235804,-39.70180851630647
3580,30.670580184890458,43.244487751639426,-39.720971834839744
3581,30.665902258240262,43.2411197627555,-39.74013401961558
3582,30.661224959045935,43.237744440345864,-39.75929506861067
3583,30.656548287546723,43.23436178904955,-39.778454979805964
3584,30.651872243979525,43.23097181350504,-39.797613751186695
3585,30.647196828578885,43.22757451835028,-39.81677138074235
3586,30.642522041576996,43.22416990822263,-39.83592786646668
3587,30.637847883203708,43.22075798775888,-39.855083206357705
3588,30.63317435368652,43.217338761595265,-39.87423739841768
3589,30.628501453250585,43.21391223436743,-39.89339044065311
3590,30.62382918211872,43.210478410710444,-39.91254233107477
3591,30.61915754051139,43.20703729525879,-39.93169306769765
3592,30.61448652864674,43.203588892646366,-39.950842648541
3593,30.60981614674056,43.20013320750646,-39.969991071628286
3594,30.605146395006315,43.19667024447178,-39.98913833498722
3595,30.600477273655137,43.19320000817443,-40.008284436649724
3596,30.595808782895823,43.18972250324589,-40.027429374651966
3597,30.591140922934844,43.18623773431704,-40.04657314703431
3598,30.586473693976348,43.182745706018146,-40.06571575184134
3599,30.58180709622215,43.17924642297885,-40.08485718712186
3600,30.577141129871748,43.175739889828165,-40.10399745092888
3601,30.572475795122315,43.17222611119448,-40.1231365413196
3602,30.56781109216871,43.168705091705554,-40.14227445635544
3603,30.563147021203473,43.1651768359885,-40.16141119410199
3604,30.558483582416827,43.16164134866978,-40.18054675262905
3605,30.553820775996684,43.15809863437524,-40.19968113001061
3606,30.549158602128642,43.15454869773006,-40.21881432432483
3607,30.544497060995997,43.15099154335874,-40.237946333654065
3608,30.53983615277973,43.14742717588516,-40.25707715608483
3609,30.53517587765852,43.14385559993252,-40.276206789707835
3610,30.530516235808744,43.14027682012335,-40.29533523261793
3611,30.525857227404476,43.1366908410795,-40.314462482914145
3612,30.521198852617495,43.133097667422156,-40.33358853869967
3613,30.516541111617276,43.12949730377183,-40.35271339808185
3614,30.511884004571,43.12588975474833,-40.37183705917219
3615,30.507227531643565,43.12227502497078,-40.39095952008631
3616,30.502571692997563,43.11865311905763,-40.41008077894403
3617,30.497916488793305,43.11502404162661,-40.42920083386927
3618,30.493261919188814,43.11138779729475,-40.448319682990096
3619,30.48860798433983,43.10774439067839,-40.46743732443871
3620,30.4839546843998,43.10409382639315,-40.486553756351455
3621,30.479302019519906,43.10043610905392,-40.505668976868776
3622,30.474649989849034,43.09677124327491,-40.52478298413525
3623,30.469998595533802,43.09309923366957,-40.54389577629957
3624,30.465347836718554,43.089420084850644,-40.56300735151455
3625,30.460697713545358,43.08573380143014,-40.5821177079371
3626,30.45604822615401,43.08204038801932,-40.601226843728256
3627,30.451399374682037,43.078339849228726,-40.62033475705313
3628,30.446751159264704,43.074632189668144,-40.639441446080944
3629,30.442103580035003,43.07091741394662,-40.65854690898502
3630,30.437456637123667,43.067195526672435,-40.67765114394277
3631,30.432810330659166,43.06346653245313,-40.69675414913567
3632,30.428164660767713,43.059730435895474,-40.715855922749306
3633,30.423519627573267,43.055987241605486,-40.73495646297332
3634,30.418875231197525,43.0522369541884,-40.75405576800145
3635,30.414231471759937,43.048479578248696,-40.77315383603148
3636,30.4095883493777,43.044715118390066,-40.79225066526528
3637,30.404945864165757,43.04094357921542,-40.811346253908766
3638,30.400304016236817,43.037164965326895,-40.830440600171926
3639,30.395662805701328,43.03337928132583,-40.84953370226879
3640,30.391022232667506,43.029586531812775,-40.86862555841746
3641,30.386382297241326,43.02578672138748,-40.887716166840065
3642,30.38174299952652,43.021979854648905,-40.90680552576277
3643,30.377104339624587,43.018165936195196,-40.9258936334158
3644,30.37246631763479,43.01434497062369,-40.944980488033394
3645,30.367828933654156,43.010516962530914,-40.964066087853844
3646,30.363192187777486,43.00668191651259,-40.98315043111945
3647,30.35855608009735,43.0028398371636,-41.002233516076544
3648,30.353920610704098,42.99899072907802,-41.02131534097547
3649,30.349285779685843,42.99513459684908,-41.04039590407059
3650,30.34465158712849,42.99127144506918,-41.05947520362029
3651,30.34001803311571,42.987401278329905,-41.078553237886936
3652,30.33538511772897,42.98352410122198,-41.09763000513692
3653,30.330752841047506,42.979639918335295,-41.116705503640624
3654,30.326121203148354,42.97574873425888,-41.13577973167242
3655,30.321490204106325,42.97185055358093,-41.15485268751068
3656,30.316859843994035,42.967945380888764,-41.17392436943776
3657,30.312230122881875,42.96403322076886,-41.19299477574
3658,30.307601040838044,42.96011407780683,-41.212063904707705
3659,30.302972597928534,42.95618795658741,-41.231131754635186
3660,30.29834479421713,42.952254861694456,-41.2501983238207
3661,30.29371762976542,42.94831479771098,-41.26926361056647
3662,30.2890911046328,42.94436776921908,-41.288327613178694
3663,30.284465218876463,42.94041378079999,-41.30739032996753
3664,30.27983997255141,42.93645283703406,-41.326451759247085
3665,30.275215365710455,42.932484942500736,-41.34551189933542
3666,30.27059139840422,42.92851010177858,-41.36457074855454
3667,30.26596807068114,42.92452831944525,-41.383628305230395
3668,30.261345382587464,42.920539600077504,-41.40268456769288
3669,30.256723334167262,42.916543948251196,-41.421739534275815
3670,30.25210192546242,42.91254136854126,-41.44079320331696
3671,30.24748115651264,42.90853186552174,-41.45984557315799
3672,30.242861027355463,42.90451544376573,-41.47889664214453
3673,30.238241538026237,42.90049210784543,-41.497946408626085
3674,30.23362268855815,42.896461862332096,-41.51699487095611
3675,30.229004478982212,42.89242471179607,-41.53604202749196
3676,30.224386909327272,42.888380660806746,-41.55508787659489
3677,30.219769979620008,42.8843297139326,-41.57413241663007
3678,30.215153689884932,42.88027187574116,-41.59317564596656
3679,30.2105380401444,42.876207150799,-41.61221756297732
3680,30.205923030418603,42.87213554367175,-41.6312581660392
3681,30.20130866072558,42.868057058924116,-41.65029745353294
3682,30.196694931081208,42.86397170111981,-41.669335423843165
3683,30.192081841499213,42.859879474821604,-41.68837207535837
3684,30.187469391991172,42.855780384591306,-41.70740740647094
3685,30.18285758256651,42.85167443498976,-41.72644141557712
3686,30.1782464132325,42.84756163057684,-41.74547410107702
3687,30.17363588399428,42.843441975911446,-41.764505461374625
3688,30.169025994854838,42.839315475551494,-41.78353549487777
3689,30.164416745815025,42.83518213405392,-41.802564199998145
3690,30.15980813687355,42.83104195597469,-41.8215915751513
3691,30.155200168026987,42.826894945868766,-41.84061761875664
3692,30.150592839269773,42.822741108290124,-41.85964232923738
3693,30.14598615059422,42.81858044779175,-41.878665705020616
3694,30.1413801019905,42.81441296892562,-41.897687744537244
3695,30.13677469344666,42.81023867624272,-41.91670844622202
3696,30.132169924948627,42.806057574293014,-41.9357278085135
3697,30.127565796480198,42.80186966762547,-41.95474582985409
3698,30.122962308023048,42.79767496078804,-41.97376250869
3699,30.118359459556732,42.79347345832765,-41.99277784347126
3700,30.113757251058693,42.78926516479021,-42.0117918326517
3701,30.109155682504255,42.785050084720616,-42.030804474688985
3702,30.104554753866626,42.78082822266272,-42.04981576804455
3703,30.09995446511691,42.77659958315935,-42.068825711183656
3704,30.09535481622409,42.77236417075231,-42.087834302575345
3705,30.09075580715506,42.76812198998235,-42.10684154069245
3706,30.086157437874594,42.763873045389175,-42.1258474240116
3707,30.081559708345367,42.75961734151146,-42.14485195101321
3708,30.076962618527958,42.75535488288681,-42.16385512018145
3709,30.072366168380846,42.75108567405181,-42.1828569300043
3710,30.06777035786041,42.74680971954196,-42.20185737897348
3711,30.06317518692094,42.742527023891704,-42.2208564655845
3712,30.05858065551463,42.73823759163444,-42.239854188336615
3713,30.053986763591585,42.733941427302476,-42.258850545732855
3714,30.04939351109983,42.72963853542707,-42.27784553628
3715,30.044800897985294,42.7253289205384,-42.296839158488574
3716,30.040208924191827,42.72101258716557,-42.31583141087286
3717,30.0356175896612,42.71668953983658,-42.33482229195087
3718,30.031026894333102,42.712359783078384,-42.35381180024437
3719,30.02643683814515,42.70802332141682,-42.37279993427886
3720,30.021847421032877,42.703680159376646,-42.39178669258355
3721,30.017258642929754,42.699330301481524,-42.410772073691405
3722,30.012670503767175,42.69497375225402,-42.4297560761391
3723,30.00808300347447,42.6906105162156,-42.448738698467025
3724,30.003496141978903,42.686240597886616,-42.46771993921929
3725,29.99890991920567,42.68186400178632,-42.486699796943725
3726,29.994324335077906,42.67748073243286,-42.505678270191844
3727,29.98973938951669,42.67309079434326,-42.52465535751888
3728,29.98515508244104,42.66869419203342,-42.54363105748377
3729,29.980571413767926,42.66429093001813,-42.56260536864914
3730,29.975988383412258,42.659881012811056,-42.58157828958129
3731,29.971405991286893,42.655464444924725,-42.60054981885023
3732,29.96682423730265,42.65104123087054,-42.61951995502965
3733,29.96224312136829,42.64661137515876,-42.63848869669691
3734,29.957662643390538,42.64217488229853,-42.65745604243305
3735,29.953082803274075,42.63773175679781,-42.676421990822774
3736,29.948503600921537,42.633282003163465,-42.695386540454464
3737,29.94392503623353,42.62882562590118,-42.714349689920155
3738,29.939347109108617,42.624362629515495,-42.733311437815544
3739,29.934769819443336,42.619893018509806,-42.75227178273998
3740,29.930193167132185,42.61541679738634,-42.77123072329647
3741,29.92561715206764,42.61093397064615,-42.79018825809166
3742,29.921041774140146,42.606444542789156,-42.80914438573584
3743,29.916467033238128,42.60194851831409,-42.82809910484294
3744,29.91189292924798,42.59744590171851,-42.84705241403053
3745,29.907319462054083,42.59293669749881,-42.866004311919795
3746,29.9027466315388,42.5884209101502,-42.88495479713556
3747,29.898174437582476,42.583898544166715,-42.90390386830627
3748,29.893602880063444,42.5793696040412,-42.922851524063994
3749,29.88903195885802,42.57483409426531,-42.94179776304439
3750,29.884461673840516,42.57029201932952,-42.96074258388676
3751,29.879892024883237,42.5657433837231,-42.97968598523399
3752,29.87532301185648,42.561188191934136,-42.998627965732574
3753,29.870754634628543,42.5566264484495,-43.017568524032605
3754,29.866186893065723,42.552058157754864,-43.03650765878777
3755,29.861619787032314,42.5474833243347,-43.05544536865535
3756,29.85705331639062,42.54290195267226,-43.0743816522962
3757,29.852487481000946,42.53831404724959,-43.09331650837478
3758,29.84792228072161,42.53371961254753,-43.11224993555909
3759,29.84335771540893,42.52911865304568,-43.13118193252075
3760,29.838793784917257,42.52451117322242,-43.150112497934906
3761,29.834230489098935,42.519897177554924,-43.16904163048031
3762,29.82966782780434,42.51527667051912,-43.187969328839245
3763,29.82510580088186,42.51064965658971,-43.20689559169757
3764,29.82054440817791,42.50601614024016,-43.225820417744686
3765,29.81598364953692,42.5013761259427,-43.24474380567355
3766,29.811423524801356,42.4967296181683,-43.26366575418067
3767,29.806864033811703,42.49207662138672,-43.28258626196608
3768,29.802305176406485,42.487417140066455,-43.30150532773337
3769,29.79774695242225,42.48275117867474,-43.32042295018965
3770,29.793189361693592,42.47807874167757,-43.339339128045566
3771,29.788632404053132,42.47339983353968,-43.35825386001529
3772,29.78407607933153,42.46871445872454,-43.377167144816504
3773,29.779520387357497,42.46402262169437,-43.396078981170426
3774,29.774965327957776,42.45932432691011,-43.41498936780177
3775,29.770410900957167,42.454619578831434,-43.43389830343878
3776,29.765857106178508,42.44990838191675,-43.45280578681319
3777,29.761303943442694,42.44519074062319,-43.47171181666023
3778,29.756751412568672,42.4404666594066,-43.490616391718646
3779,29.752199513373437,42.43573614272156,-43.50951951073066
3780,29.74764824567205,42.43099919502135,-43.528421172441995
3781,29.743097609277626,42.42625582075797,-43.54732137560185
3782,29.738547604001347,42.42150602438214,-43.56622011896291
3783,29.73399822965245,42.41674981034327,-43.585117401281344
3784,29.729449486038245,42.41198718308948,-43.60401322131678
3785,29.724901372964105,42.407218147067596,-43.62290757783232
3786,29.72035389023348,42.402442706723136,-43.64180046959454
3787,29.715807037647885,42.39766086650032,-43.66069189537347
3788,29.711260815006913,42.39287263084204,-43.679581853942594
3789,29.706715222108237,42.388078004189914,-43.69847034407885
3790,29.702170258747607,42.383276990984214,-43.71735736456263
3791,29.697625924718853,42.37846959566391,-43.736242914177765
3792,29.69308221981389,42.37365582266664,-43.755126991711535
3793,29.688539143822716,42.368835676428745,-43.774009595954645
3794,29.683996696533423,42.36400916138521,-43.79289072570125
3795,29.67945487773219,42.35917628196972,-43.81177037974891
3796,29.67491368720329,42.354337042614596,-43.83064855689863
3797,29.67037312472909,42.34949144775086,-43.84952525595483
3798,29.66583319009005,42.34463950180817,-43.86840047572534
3799,29.66129388306474,42.339781209214856,-43.88727421502141
3800,29.65675520342982,42.33491657439791,-43.90614647265769
3801,29.652217150960066,42.33004560178297,-43.92501724745225
3802,29.647679725428347,42.32516829579433,-43.94388653822655
3803,29.643142926605652,42.320284660854924,-43.96275434380544
3804,29.638606754261072,42.315394701386346,-43.98162066301718
3805,29.634071208161814,42.31049842180882,-44.00048549469341
3806,29.6295362880732,42.30559582654123,-44.01934883766914
3807,29.625001993758673,42.30068692000106,-44.03821069078279
3808,29.62046832497979,42.29577170660447,-44.057071052876125
3809,29.61593528149623,42.29085019076622,-44.07592992279431
3810,29.611402863065802,42.28592237689973,-44.09478729938586
3811,29.606871069444438,42.28098826941701,-44.11364318150265
3812,29.602339900386195,42.27604787272872,-44.13249756799994
3813,29.597809355643264,42.27110119124413,-44.15135045773633
3814,29.59327943496597,42.26614822937113,-44.170201849573765
3815,29.588750138102778,42.261188991516235,-44.18905174237755
3816,29.584221464800276,42.25622348208455,-44.20790013501633
3817,29.579693414803206,42.25125170547981,-44.22674702636209
3818,29.575165987854447,42.246273666104344,-44.245592415290155
3819,29.57063918369502,42.24128936835909,-44.26443630067918
3820,29.5661130020641,42.23629881664359,-44.28327868141115
3821,29.561587442699,42.23130201535598,-44.30211955637136
3822,29.557062505335193,42.22629896889299,-44.32095892444844
3823,29.5525381897063,42.22128968164996,-44.339796784534336
3824,29.548014495544106,42.21627415802079,-44.3586331355243
3825,29.54349142257854,42.21125240239799,-44.3774679763169
3826,29.538968970537706,42.206224419172656,-44.39630130581399
3827,29.534447139147858,42.20119021273445,-44.41513312292075
3828,29.529925928133423,42.19614978747164,-44.43396342654563
3829,29.525405337216995,42.19110314777104,-44.45279221560039
3830,29.52088536611933,42.18605029801805,-44.47161948900006
3831,29.516366014559363,42.18099124259666,-44.490445245662976
3832,29.511847282254198,42.17592598588941,-44.50926948451074
3833,29.507329168919117,42.170854532277396,-44.52809220446823
3834,29.50281167426758,42.16577688614031,-44.5469134044636
3835,29.498294798011226,42.16069305185637,-44.56573308342828
3836,29.493778539859882,42.15560303380238,-44.58455124029694
3837,29.489262899521556,42.150506836353685,-44.603367874007525
3838,29.48474787670244,42.14540446388419,-44.62218298350124
3839,29.48023347110692,42.14029592076635,-44.64099656772253
3840,29.47571968243758,42.135181211371155,-44.6598086256191
3841,29.47120651039518,42.13006034006816,-44.678619156141885
3842,29.466693954678696,42.124933311225455,-44.697428158245074
3843,29.462182014985295,42.119800129209665,-44.71623563088608
3844,29.45767069101034,42.114660798385955,-44.735041573025555
3845,29.453159982447403,42.10951532311803,-44.75384598362737
3846,29.44864988898826,42.10436370776813,-44.77264886165863
3847,29.4441404103229,42.09920595669701,-44.79145020608965
3848,29.43963154613951,42.09404207426397,-44.81025001589397
3849,29.435123296124498,42.088872064826816,-44.829048290048334
3850,29.430615659962488,42.0836959327419,-44.8478450275327
3851,29.426108637336313,42.07851368236407,-44.86664022733022
3852,29.421602227927032,42.073325318046706,-44.885433888427265
3853,29.417096431413924,42.068130844141706,-44.90422600981337
3854,29.41259124747449,42.062930264999466,-44.92301659048129
3855,29.408086675784464,42.057723584968905,-44.94180562942696
3856,29.403582716017794,42.052510808397436,-44.96059312564949
3857,29.39907936784667,42.04729193963099,-44.979379078151176
3858,29.394576630941515,42.04206698301399,-44.99816348593749
3859,29.39007450497098,42.03683594288937,-45.01694634801707
3860,29.385572989601954,42.03159882359854,-45.03572766340173
3861,29.381072084499575,42.02635562948144,-45.05450743110644
3862,29.376571789327212,42.02110636487647,-45.07328565014933
3863,29.372072103746486,42.01585103412054,-45.0920623195517
3864,29.36757302741726,42.010589641549025,-45.11083743833798
3865,29.36307455999765,42.005322191495814,-45.129611005535764
3866,29.358576701144017,42.000048688293255,-45.14838302017578
3867,29.35407945051098,41.99476913627219,-45.16715348129189
3868,29.34958280775141,41.989483539761935,-45.18592238792111
3869,29.345086772516442,41.984191903090284,-45.20468973910357
3870,29.340591344455465,41.9788942305835,-45.22345553388254
3871,29.33609652321613,41.97359052656631,-45.24221977130441
3872,29.33160230844436,41.96828079536193,-45.260982450418695
3873,29.32710869978434,41.962965041292016,-45.279743570278
3874,29.322615696878522,41.957643268676705,-45.29850312993808
3875,29.318123299367635,41.952315481834596,-45.31726112845776
3876,29.31363150689068,41.94698168508273,-45.336017564898995
3877,29.309140319084932,41.94164188273663,-45.35477243832683
3878,29.304649735585947,41.93629607911025,-45.37352574780942
3879,29.30015975602756,41.930944278516,-45.392277492417975
3880,29.295670380041894,41.92558648526475,-45.411027671226826
3881,29.29118160725935,41.920222703665814,-45.42977628331338
3882,29.28669343730862,41.91485293802694,-45.448523327758124
3883,29.28220586981669,41.90947719265433,-45.467268803644615
3884,29.27771890440883,41.90409547185262,-45.486012710059484
3885,29.273232540708605,41.89870777992489,-45.504755046092434
3886,29.26874677833789,41.893314121172644,-45.52349581083622
3887,29.26426161691684,41.88791449989583,-45.54223500338668
3888,29.25977705606393,41.88250892039282,-45.56097262284268
3889,29.25529309539592,41.87709738696043,-45.579708668306154
3890,29.250809734527895,41.87167990389387,-45.59844313888208
3891,29.246326973073234,41.86625647548681,-45.61717603367849
3892,29.24184481064363,41.860827106031316,-45.63590735180644
3893,29.237363246849096,41.85539179981789,-45.65463709238003
3894,29.23288228129795,41.84995056113544,-45.67336525451639
3895,29.228401913596834,41.84450339427129,-45.69209183733568
3896,29.223922143350702,41.8390503035112,-45.71081683996108
3897,29.21944297016284,41.8335912931393,-45.7295402615188
3898,29.214964393634858,41.82812636743816,-45.74826210113805
3899,29.210486413366684,41.82265553068874,-45.76698235795107
3900,29.20600902895658,41.81717878717041,-45.78570103109309
3901,29.20153224000114,41.811696141160944,-45.80441811970236
3902,29.197056046095287,41.80620759693651,-45.823133622920125
3903,29.192580446832288,41.80071315877168,-45.84184753989062
3904,29.18810544180374,41.795212830939406,-45.86055986976108
3905,29.18363103059958,41.789706617711055,-45.87927061168173
3906,29.1791572128081,41.78419452335637,-45.897979764805775
3907,29.17468398801592,41.77867655214349,-45.91668732828939
3908,29.17021135580802,41.77315270833893,-45.93539330129175
3909,29.165739315767727,41.76762299620759,-45.95409768297498
3910,29.161267867476713,41.762087420012776,-45.9728004725042
3911,29.15679701051501,41.75654598401614,-45.99150166904746
3912,29.152326744461007,41.750998692477744,-46.0102012717758
3913,29.14785706889145,41.745445549656,-46.0288992798632
3914,29.143387983381448,41.739886559807694,-46.047595692486595
3915,29.13891948750447,41.734321727188004,-46.06629050882589
3916,29.134451580832355,41.72875105605046,-46.0849837280639
3917,29.129984262935302,41.72317455064698,-46.1036753493864
3918,29.125517533381892,41.71759221522782,-46.122365371982106
3919,29.12105139173907,41.71200405404161,-46.14105379504266
3920,29.116585837572156,41.70641007133534,-46.15974061776264
3921,29.112120870444855,41.70081027135437,-46.17842583933953
3922,29.107656489919243,41.695204658342405,-46.19710945897376
3923,29.10319269555578,41.689593236541505,-46.21579147586867
3924,29.098729486913314,41.68397601019209,-46.2344718892305
3925,29.094266863549073,41.678352983532925,-46.25315069826841
3926,29.08980482501868,41.672724160801124,-46.271827902194474
3927,29.08534337087614,41.66708954623215,-46.29050350022365
3928,29.080882500673862,41.6614491440598,-46.309177491573806
3929,29.076422213962644,41.65580295851623,-46.327849875465695
3930,29.071962510291687,41.65015099383193,-46.346520651122965
3931,29.067503389208586,41.64449325423572,-46.365189817772155
3932,29.06304485025934,41.638829743954766,-46.38385737464268
3933,29.05858689298836,41.633160467214566,-46.40252332096683
3934,29.054129516938453,41.62748542823895,-46.42118765597977
3935,29.049672721650843,41.62180463125008,-46.439850378919544
3936,29.045216506665163,41.61611808046844,-46.45851148902705
3937,29.04076087151946,41.61042578011285,-46.47717098554606
3938,29.036305815750197,41.60472773440045,-46.49582886772319
3939,29.03185133889226,41.5990239475467,-46.51448513480793
3940,29.02739744047895,41.59331442376538,-46.5331397860526
3941,29.022944120041995,41.58759916726859,-46.551792820712386
3942,29.018491377111545,41.58187818226676,-46.5704442380453
3943,29.014039211216183,41.57615147296861,-46.5890940373122
3944,29.009587621882915,41.57041904358119,-46.60774221777678
3945,29.005136608637187,41.56468089830985,-46.62638877870557
3946,29.000686171002876,41.55893704135826,-46.64503371936791
3947,28.996236308502297,41.5531874769284,-46.66367703903598
3948,28.9917870206562,41.54743220922053,-46.682318736984776
3949,28.987338306983787,41.54167124243324,-46.700958812492104
3950,28.982890167002694,41.5359045807634,-46.71959726483858
3951,28.978442600229005,41.5301322284062,-46.73823409330764
3952,28.973995606177258,41.52435418955512,-46.75686929718551
3953,28.969549184360435,41.51857046840192,-46.77550287576122
3954,28.965103334289978,41.51278106913667,-46.7941348283266
3955,28.960658055475776,41.50698599594774,-46.81276515417627
3956,28.956213347426186,41.50118525302176,-46.83139385260763
3957,28.951769209648017,41.49537884454368,-46.85002092292088
3958,28.947325641646543,41.48956677469671,-46.868646364419
3959,28.942882642925504,41.48374904766237,-46.887270176407725
3960,28.938440212987107,41.47792566762044,-46.90589235819557
3961,28.933998351332026,41.47209663874899,-46.92451290909384
3962,28.92955705745941,41.46626196522436,-46.94313182841658
3963,28.925116330866878,41.46042165122119,-46.961749115480615
3964,28.920676171050527,41.45457570091237,-46.9803647696055
3965,28.916236577504932,41.44872411846908,-46.998978790113576
3966,28.911797549723154,41.442866908060765,-47.01759117632991
3967,28.90735908719673,41.437004073855135,-47.03620192758232
3968,28.902921189415686,41.43113562001817,-47.05481104320137
3969,28.898483855868534,41.42526155071412,-47.07341852252036
3970,28.894047086042278,41.4193818701055,-47.09202436487533
3971,28.889610879422413,41.41349658235308,-47.110628569605026
3972,28.88517523549293,41.407605691615906,-47.12923113605095
3973,28.880740153736316,41.401709202051265,-47.1478320635573
3974,28.876305633633557,41.39580711781471,-47.16643135147102
3975,28.871871674664142,41.38989944306005,-47.18502899914174
3976,28.86743827630606,41.38398618193935,-47.20362500592183
3977,28.863005438035813,41.37806733860291,-47.22221937116633
3978,28.858573159328408,41.372142917199305,-47.24081209423302
3979,28.85414143965736,41.36621292187534,-47.25940317448235
3980,28.8497102784947,41.36027735677607,-47.27799261127749
3981,28.845279675310977,41.354336226044815,-47.29658040398428
3982,28.840849629575253,41.3483895338231,-47.31516655197125
3983,28.836420140755113,41.34243728425073,-47.333751054609635
3984,28.831991208316662,41.33647948146572,-47.35233391127332
3985,28.82756283172453,41.330516129604355,-47.37091512133889
3986,28.823135010441877,41.32454723280112,-47.389494684185586
3987,28.81870774393039,41.318572795188764,-47.40807259919532
3988,28.814281031650285,41.312592820898246,-47.42664886575268
3989,28.80985487306032,41.30660731405877,-47.4452234832449
3990,28.805429267617782,41.300616278797776,-47.46379645106188
3991,28.801004214778498,41.29461971924091,-47.48236776859617
3992,28.796579713996834,41.288617639512076,-47.50093743524296
3993,28.792155764725702,41.28261004373337,-47.5195054504001
3994,28.78773236641656,41.276596936025136,-47.53807181346808
3995,28.78330951851941,41.270578320505926,-47.55663652385001
3996,28.778887220482808,41.26455420129251,-47.57519958095165
3997,28.774465471753864,41.25852458249989,-47.59376098418138
3998,28.770044271778232,41.252489468241265,-47.61232073295022
3999,28.765623620000135,41.24644886262807,-47.6308788266718
4000,28.76120351586235,41.24040276976994,-47.64943526476237
4001,28.756783958806214,41.23435119377473,-47.66799004664079
4002,28.75236494827163,41.22829413874849,-47.686543171728545
4003,28.74794648369707,41.2222316087955,-47.70509463944972
4004,28.74352856451957,41.21616360801822,-47.723644449230996
4005,28.739111190174732,41.210090140517345,-47.74219260050166
4006,28.734694360096743,41.204011210391755,-47.7607390926936
4007,28.73027807371836,41.197926821738534,-47.77928392524127
4008,28.725862330470914,41.19183697865297,-47.79782709758175
4009,28.72144712978432,41.18574168522856,-47.81636860915468
4010,28.717032471087073,41.17964094555697,-47.83490845940227
4011,28.712618353806253,41.17353476372809,-47.85344664776934
4012,28.708204777367527,41.16742314383,-47.87198317370325
4013,28.703791741195154,41.16130608994896,-47.890518036653944
4014,28.69937924471198,41.15518360616942,-47.90905123607393
4015,28.69496728733945,41.149055696574045,-47.92758277141827
4016,28.690555868497597,41.142922365243656,-47.946112642144605
4017,28.686144987605058,41.13678361625728,-47.9646408477131
4018,28.68173464407907,41.13063945369213,-47.983167387586484
4019,28.677324837335476,41.1244898816236,-48.00169226123004
4020,28.672915566788717,41.11833490412526,-48.02021546811158
4021,28.668506831851847,41.11217452526886,-48.03873700770146
4022,28.66409863193653,41.10600874912434,-48.05725687947256
4023,28.659690966453034,41.099837579759814,-48.075775082900314
4024,28.655283834810255,41.093661021241566,-48.09429161746266
4025,28.650877236415695,41.08747907763406,-48.112806482640075
4026,28.64647117067548,41.081291752999924,-48.13131967791554
4027,28.642065636994353,41.075099051399974,-48.14983120277457
4028,28.637660634775685,41.06890097689319,-48.16834105670518
4029,28.63325616342147,41.06269753353671,-48.18684923919789
4030,28.628852222332334,41.05648872538586,-48.205355749745735
4031,28.62444881090753,41.05027455649411,-48.22386058784425
4032,28.620045928544943,41.04405503091311,-48.24236375299145
4033,28.615643574641098,41.03783015269266,-48.26086524468787
4034,28.61124174859115,41.03159992588075,-48.27936506243651
4035,28.6068404497889,41.02536435452349,-48.29786320574287
4036,28.60243967762679,41.019123442665176,-48.31635967411493
4037,28.598039431495906,41.012877194348256,-48.33485446706313
4038,28.593639710785975,41.00662561361333,-48.35334758410042
4039,28.589240514885383,41.00036870449916,-48.37183902474219
4040,28.58484184318116,40.99410647104265,-48.3903287885063
4041,28.58044369505899,40.987838917278864,-48.40881687491309
4042,28.576046069903214,40.98156604724102,-48.42730328348535
4043,28.57164896709683,40.975287864960464,-48.44578801374831
4044,28.5672523860215,40.96900437446672,-48.46427106522968
4045,28.562856326057545,40.96271557978744,-48.4827524374596
4046,28.55846078658395,40.95642148494843,-48.50123212997067
4047,28.554065766978372,40.950122093973626,-48.519710142297896
4048,28.549671266617132,40.94381741088512,-48.53818647397876
4049,28.545277284875226,40.93750743970313,-48.55666112455316
4050,28.54088382112632,40.93119218444603,-48.57513409356342
4051,28.536490874742768,40.92487164913033,-48.593605380554294
4052,28.532098445095585,40.91854583777067,-48.612074985072965
4053,28.527706531554482,40.912214754379825,-48.63054290666902
4054,28.523315133487845,40.90587840296871,-48.64900914489447
4055,28.51892425026275,40.89953678754637,-48.667473699303734
4056,28.514533881244954,40.89318991211997,-48.68593656945364
4057,28.510144025798915,40.88683778069484,-48.70439775490341
4058,28.505754683287776,40.8804803972744,-48.722857255214684
4059,28.501365853073374,40.87411776586021,-48.74131506995148
4060,28.496977534516244,40.86774989045198,-48.75977119868023
4061,28.492589726975623,40.86137677504751,-48.778225640969715
4062,28.488202429809448,40.85499842364275,-48.796678396391144
4063,28.483815642374356,40.84861484023175,-48.81512946451808
4064,28.479429364025698,40.8422260288067,-48.83357884492647
4065,28.475043594117526,40.8358319933579,-48.85202653719464
4066,28.470658332002603,40.82943273787378,-48.870472540903286
4067,28.466273577032414,40.82302826634087,-48.88891685563546
4068,28.46188932855715,40.816618582743835,-48.90735948097658
4069,28.457505585925716,40.81020369106544,-48.92580041651444
4070,28.45312234848575,40.803783595286575,-48.94423966183916
4071,28.4487396155836,40.79735829938624,-48.96267721654324
4072,28.444357386564352,40.79092780734154,-48.981113080221505
4073,28.439975660771804,40.78449212312769,-48.99954725247113
4074,28.435594437548488,40.77805125071803,-49.01797973289165
4075,28.43121371623567,40.77160519408398,-49.036410521084896
4076,28.426833496173348,40.765153957195096,-49.05483961665507
4077,28.422453776700255,40.75869754401902,-49.0732670192087
4078,28.41807455715386,40.75223595852151,-49.091692728354616
4079,28.413695836870378,40.745769204666416,-49.11011674370398
4080,28.40931761518476,40.7392972864157,-49.12853906487029
4081,28.40493989143071,40.73282020772941,-49.146959691469334
4082,28.400562664940672,40.72633797256571,-49.165378623119224
4083,28.39618593504584,40.71985058488085,-49.18379585944038
4084,28.39180970107616,40.71335804862919,-49.20221140005552
4085,28.387433962360337,40.70686036776317,-49.22062524458966
4086,28.383058718225826,40.70035754623334,-49.23903739267013
4087,28.378683967998846,40.69384958798833,-49.25744784392652
4088,28.374309711004372,40.68733649697488,-49.275856597990746
4089,28.369935946566144,40.680818277137796,-49.29426365449698
4090,28.365562674006668,40.67429493242,-49.312669013081695
4091,28.361189892647214,40.66776646676248,-49.33107267338364
4092,28.35681760180783,40.66123288410433,-49.34947463504382
4093,28.352445800807327,40.65469418838273,-49.36787489770553
4094,28.348074488963295,40.64815038353293,-49.38627346101434
4095,28.343703665592102,40.64160147348828,-49.40467032461805
4096,28.33933333000889,40.635047462180204,-49.423065488166756
4097,28.334963481527588,40.62848835353821,-49.44145895131278
4098,28.330594119460905,40.6219241514899,-49.45985071371072
4099,28.326225243120334,40.61535485996094,-49.47824077501741
4100,28.32185685181616,40.608780482875076,-49.49662913489194
4101,28.31748894485746,40.60220102415414,-49.51501579299563
4102,28.313121521552095,40.59561648771805,-49.53340074899204
4103,28.30875458120673,40.58902687748477,-49.551784002546974
4104,28.304388123126824,40.582432197370366,-49.57016555332846
4105,28.300022146616634,40.57583245128897,-49.58854540100675
4106,28.29565665097922,40.56922764315277,-49.606923545254325
4107,28.29129163551644,40.56261777687206,-49.62529998574589
4108,28.28692709952897,40.55600285635517,-49.64367472215836
4109,28.282563042316287,40.54938288550853,-49.66204775417086
4110,28.278199463176676,40.54275786823661,-49.68041908146473
4111,28.273836361407245,40.536127808441975,-49.698788703723515
4112,28.269473736303905,40.52949271002523,-49.71715662063296
4113,28.26511158716139,40.522852576885064,-49.73552283188101
4114,28.260749913273255,40.51620741291822,-49.75388733715781
4115,28.256388713931877,40.50955722201951,-49.77225013615569
4116,28.252027988428456,40.502902008081804,-49.79061122856916
4117,28.247667736053018,40.496241774996044,-49.80897061409493
4118,28.24330795609442,40.48957652665122,-49.82732829243188
4119,28.238948647840346,40.48290626693439,-49.845684263281065
4120,28.23458981057732,40.47623099973067,-49.86403852634573
4121,28.230231443590693,40.46955072892322,-49.88239108133127
4122,28.22587354616466,40.46286545839327,-49.900741927945255
4123,28.221516117582254,40.456175192020105,-49.91909106589742
4124,28.217159157125348,40.44947993368106,-49.93743849489965
4125,28.212802664074665,40.44277968725153,-49.955784214666004
4126,28.20844663770977,40.43607445660495,-49.974128224912675
4127,28.20409107730908,40.42936424561282,-49.99247052535801
4128,28.19973598214986,40.42264905814468,-50.0108111157225
4129,28.195381351508235,40.41592889806813,-50.029149995728766
4130,28.191027184659177,40.40920376924882,-50.04748716510159
4131,28.18667348087652,40.40247367555043,-50.06582262356788
4132,28.182320239432965,40.395738620834706,-50.08415637085667
4133,28.177967459600065,40.38899860896143,-50.102488406699116
4134,28.17361514064824,40.38225364378844,-50.12081873082851
4135,28.169263281846785,40.3755037291716,-50.13914734298025
4136,28.16491188246385,40.36874886896483,-50.157474242891865
4137,28.160560941766473,40.36198906702009,-50.17579943030299
4138,28.156210459020556,40.355224327187386,-50.194122904955364
4139,28.151860433490878,40.348454653314754,-50.212444666592845
4140,28.147510864441095,40.341680049248275,-50.230764714961374
4141,28.14316175113375,40.33490051883207,-50.24908304980901
4142,28.13881309283026,40.328116065908304,-50.2673996708859
4143,28.134464888790934,40.32132669431717,-50.285714577944276
4144,28.130117138274965,40.3145324078969,-50.30402777073847
4145,28.125769840540435,40.307733210483754,-50.32233924902489
4146,28.12142299484432,40.30092910591204,-50.340649012562025
4147,28.117076600442488,40.2941200980141,-50.358957061110445
4148,28.112730656589704,40.287306190620285,-50.377263394432795
4149,28.108385162539633,40.280487387559006,-50.395568012293786
4150,28.104040117544837,40.27366369265669,-50.4138709144602
4151,28.099695520856784,40.2668351097378,-50.432172100700875
4152,28.095351371725844,40.26000164262482,-50.450471570786725
4153,28.0910076694013,40.253163295138286,-50.46876932449071
4154,28.086664413131338,40.246320071096726,-50.48706536158784
4155,28.08232160216306,40.23947197431672,-50.505359681855175
4156,28.07797923574248,40.23261900861287,-50.52365228507183
4157,28.073637313114528,40.2257611777978,-50.54194317101896
4158,28.069295833523057,40.21889848568215,-50.56023233947974
4159,28.064954796210838,40.21203093607461,-50.57851979023941
4160,28.06061420041956,40.205158532781866,-50.59680552308523
4161,28.05627404538985,40.19828127960863,-50.61508953780648
4162,28.05193433036124,40.19139918035765,-50.63337183419448
4163,28.04759505457222,40.18451223882968,-50.65165241204255
4164,28.04325621726019,40.177620458823505,-50.669931271146055
4165,28.038917817661495,40.17072384413592,-50.688208411302355
4166,28.034579855011412,40.16382239856174,-50.70648383231083
4167,28.03024232854416,40.1569161258938,-50.72475753397286
4168,28.02590523749289,40.15000502992295,-50.743029516091845
4169,28.021568581089706,40.143089114438055,-50.761299778473166
4170,28.017232358565657,40.136168383226,-50.77956832092422
4171,28.012896569150733,40.129242840071676,-50.79783514325438
4172,28.00856121207388,40.12231248875799,-50.81610024527503
4173,28.004226286562986,40.11537733306587,-50.83436362679952
4174,27.999891791844906,40.10843737677425,-50.85262528764319
4175,27.995557727145442,40.101492623660064,-50.870885227623376
4176,27.99122409168936,40.09454307749829,-50.889143446559366
4177,27.986890884700387,40.08758874206187,-50.907399944272434
4178,27.982558105401207,40.080629621121794,-50.925654720585825
4179,27.978225753013472,40.073665718447046,-50.943907775324746
4180,27.973893826757802,40.06669703780461,-50.96215910831637
4181,27.96956232585379,40.05972358295949,-50.98040871938983
4182,27.965231249519995,40.052745357674695,-50.99865660837621
4183,27.960900596973953,40.04576236571123,-51.01690277510855
4184,27.956570367432178,40.038774610828106,-51.03514721942184
4185,27.952240560110155,40.03178209678235,-51.053389941153014
4186,27.947911174222362,40.024784827328986,-51.071630940140956
4187,27.94358220898225,40.01778280622104,-51.08987021622647
4188,27.939253663602255,40.010776037209546,-51.10810776925232
4189,27.934925537293804,40.003764524043525,-51.12634359906318
4190,27.930597829267317,39.996748270470015,-51.14457770550567
4191,27.926270538732197,39.98972728023404,-51.162810088428316
4192,27.921943664896848,39.98270155707864,-51.181040747681585
4193,27.917617206968668,39.97567110474485,-51.19926968311786
4194,27.91329116415405,39.968635926971686,-51.21749689459143
4195,27.908965535658393,39.961596027496185,-51.235722381958496
4196,27.904640320686095,39.95455141005336,-51.25394614507717
4197,27.90031551844056,39.947502078376246,-51.27216818380748
4198,27.895991128124198,39.940448036195846,-51.29038849801134
4199,27.89166714893843,39.93338928724118,-51.30860708755256
4200,27.88734358008369,39.92632583523924,-51.32682395229686
4201,27.88302042075942,39.919257683915035,-51.34503909211185
4202,27.87869767016408,39.91218483699156,-51.363252506867006
4203,27.874375327495155,39.90510729818979,-51.38146419643371
4204,27.870053391949142,39.898025071228716,-51.39967416068522
4205,27.865731862721564,39.8909381598253,-51.417882399496676
4206,27.861410739006967,39.883846567694505,-51.436088912745085
4207,27.857090019998925,39.876750298549275,-51.45429370030933
4208,27.85276970489004,39.86964935610056,-51.47249676207015
4209,27.84844979287195,39.86254374405728,-51.49069809791017
4210,27.844130283135318,39.85543346612635,-51.50889770771386
4211,27.839811174869848,39.84831852601268,-51.52709559136755
4212,27.83549246726428,39.84119892741917,-51.545291748759425
4213,27.8311741595064,39.8340746740467,-51.563486179779524
4214,27.826856250783027,39.82694576959412,-51.581678884319736
4215,27.82253874028003,39.81981221775829,-51.599869862273785
4216,27.81822162718232,39.81267402223405,-51.61805911353724
4217,27.813904910673863,39.80553118671422,-51.63624663800751
4218,27.809588589937672,39.79838371488961,-51.65443243558384
4219,27.80527266415581,39.791231610449,-51.67261650616731
4220,27.800957132509403,39.78407487707917,-51.6907988496608
4221,27.79664199417863,39.77691351846487,-51.70897946596905
4222,27.792327248342726,39.76974753828884,-51.72715835499861
4223,27.788012894179996,39.762576940231796,-51.745335516657825
4224,27.783698930867804,39.75540172797243,-51.76351095085689
4225,27.779385357582576,39.748221905187435,-51.78168465750779
4226,27.77507217349982,39.74103747555146,-51.79985663652431
4227,27.770759377794096,39.73384844273714,-51.818026887822064
4228,27.766446969639052,39.7266548104151,-51.83619541131845
4229,27.762134948207404,39.719456582253926,-51.85436220693267
4230,27.757823312670943,39.7122537619202,-51.872527274585714
4231,27.753512062200546,39.70504635307847,-51.89069061420037
4232,27.749201195966165,39.697834359391265,-51.90885222570122
4233,27.74489071313684,39.69061778451909,-51.927012109014605
4234,27.74058061288069,39.68339663212042,-51.94517026406867
4235,27.73627089436493,39.67617090585171,-51.96332669079334
4236,27.731961556755863,39.6689406093674,-51.98148138912029
4237,27.72765259921888,39.661705746319875,-51.999634358983
4238,27.72334402091847,39.654466320359525,-52.0177856003167
4239,27.719035821018217,39.64722233513471,-52.03593511305838
4240,27.714727998680804,39.639973794291734,-52.0540828971468
4241,27.710420553068012,39.632720701474916,-52.07222895252247
4242,27.70611348334073,39.62546306032652,-52.090373279127675
4243,27.70180678865895,39.618200874486774,-52.108515876906424
4244,27.69750046818177,39.61093414759391,-52.126656745804496
4245,27.693194521067397,39.603662883284095,-52.144795885769405
4246,27.688888946473156,39.596387085191495,-52.16293329675041
4247,27.68458374355548,39.589106756948226,-52.18106897869851
4248,27.680278911469912,39.58182190218439,-52.19920293156644
4249,27.675974449371125,39.57453252452804,-52.21733515530866
4250,27.671670356412907,39.567238627605214,-52.23546564988137
4251,27.667366631748166,39.559940215039916,-52.25359441524249
4252,27.663063274528934,39.55263729045411,-52.27172145135165
4253,27.658760283906375,39.54532985746772,-52.28984675817023
4254,27.65445765903078,39.53801791969867,-52.307970335661295
4255,27.650155399051567,39.53070148076281,-52.32609218378964
4256,27.64585350311729,39.523380544273984,-52.34421230252176
4257,27.64155197037564,39.516055113844,-52.36233069182587
4258,27.637250799973444,39.50872519308261,-52.38044735167187
4259,27.632949991056666,39.50139078559756,-52.39856228203137
4260,27.628649542770415,39.494051894994534,-52.416675482877686
4261,27.624349454258937,39.4867085248772,-52.43478695418581
4262,27.620049724665634,39.479360678847186,-52.45289669593243
4263,27.61575035313305,39.47200836050408,-52.471004708095926
4264,27.611451338802876,39.46465157344543,-52.48911099065635
4265,27.607152680815965,39.457290321266754,-52.50721554359545
4266,27.602854378312315,39.44992460756153,-52.52531836689664
4267,27.59855643043109,39.442554435921195,-52.543419460545024
4268,27.5942588363106,39.43517980993516,-52.561518824527354
4269,27.58996159508833,39.42780073319078,-52.579616458832064
4270,27.585664705900914,39.42041720927338,-52.59771236344925
4271,27.58136816788416,39.41302924176625,-52.61580653837066
4272,27.577071980173045,39.40563683425064,-52.633898983589724
4273,27.572776141901706,39.398239990305754,-52.6519896991015
4274,27.56848065220346,39.39083871350875,-52.67007868490272
4275,27.56418551021079,39.38343300743476,-52.688165940991745
4276,27.559890715055364,39.37602287565687,-52.706251467368595
4277,27.55559626586802,39.36860832174613,-52.724335264034934
4278,27.55130216177878,39.361189349271534,-52.74241733099405
4279,27.547008401916845,39.35376596180005,-52.760497668250885
4280,27.542714985410605,39.34633816289659,-52.778576275812
4281,27.538421911387633,39.33890595612404,-52.7966531536856
4282,27.53412917897469,39.331469345043224,-52.814728301881495
4283,27.52983678729773,39.324028333212944,-52.83280172041113
4284,27.52554473548189,39.316582924189944,-52.85087340928759
4285,27.521253022651518,39.30913312152893,-52.868943368525535
4286,27.516961647930145,39.301678928782565,-52.88701159814128
4287,27.512670610440512,39.29422034950146,-52.905078098152714
4288,27.50837990930455,39.28675738723419,-52.92314286857937
4289,27.504089543643403,39.27929004552729,-52.94120590944235
4290,27.49979951257741,39.271818327925246,-52.959267220764396
4291,27.49550981522613,39.26434223797049,-52.97732680256981
4292,27.49122045070832,39.25686177920342,-52.99538465488452
4293,27.486931418141953,39.24937695516238,-53.013440777736015
4294,27.48264271664422,39.24188776938368,-53.0314951711534
4295,27.478354345331525,39.23439422540157,-53.04954783516735
4296,27.474066303319482,39.22689632674827,-53.06759876981014
4297,27.469778589722935,39.219394076953925,-53.0856479751156
4298,27.465491203655947,39.21188747954667,-53.10369545111915
4299,27.461204144231807,39.204376538052564,-53.12174119785779
4300,27.456917410563026,39.196861255995636,-53.13978521537007
4301,27.452631001761347,39.189341636897865,-53.157827503696126
4302,27.44834491693774,39.181817684279174,-53.17586806287765
4303,27.44405915520241,39.17428940165744,-53.19390689295789
4304,27.4397737156648,39.1667567925485,-53.21194399398167
4305,27.43548859743358,39.15921986046613,-53.22997936599535
4306,27.431203799616668,39.151678608922076,-53.24801300904684
4307,27.426919321321222,39.144133041426024,-53.26604492318562
4308,27.422635161653638,39.1365831614856,-53.28407510846269
4309,27.418351319719562,39.129028972606406,-53.302103564930604
4310,27.414067794623882,39.121470478291975,-53.320130292643455
4311,27.409784585470742,39.1139076820438,-53.338155291656875
4312,27.405501691363533,39.106340587361316,-53.35617856202803
4313,27.4012191114049,39.098769197741916,-53.374200103815596
4314,27.396936844696743,39.091193516680946,-53.39221991707981
4315,27.39265489034022,39.08361354767169,-53.4102380018824
4316,27.38837324743575,39.07602929420539,-53.42825435828663
4317,27.38409191508301,39.068440759771235,-53.44626898635729
4318,27.37981089238095,39.06084794785636,-53.46428188616067
4319,27.37553017842777,39.053250861945855,-53.48229305776458
4320,27.371249772320954,39.04564950552276,-53.50030250123833
4321,27.366969673157246,39.03804388206807,-53.51831021665274
4322,27.36268988003267,39.0304339950607,-53.536316204080144
4323,27.35841039204251,39.022819847977544,-53.55432046359435
4324,27.35413120828135,39.01520144429343,-53.57232299527069
4325,27.349852327843024,39.007578787481144,-53.59032379918597
4326,27.34557374982067,38.99995188101141,-53.60832287541849
4327,27.341295473306694,38.99232072835291,-53.626320224048044
4328,27.337017497392793,38.984685332972255,-53.64431584515591
4329,27.332739821169948,38.977045698334024,-53.66230973882484
4330,27.32846244372843,38.96940182790074,-53.68030190513906
4331,27.324185364157803,38.961753725132866,-53.69829234418429
4332,27.319908581546915,38.95410139348881,-53.716281056047706
4333,27.31563209498392,38.946444836424945,-53.73426804081796
4334,27.311355903556258,38.93878405739557,-53.75225329858517
4335,27.307080006350677,38.93111905985295,-53.770236829440904
4336,27.302804402453223,38.92344984724729,-53.788218633478216
4337,27.298529090949245,38.91577642302673,-53.80619871079159
4338,27.294254070923394,38.90809879063737,-53.82417706147699
4339,27.28997934145963,38.90041695352325,-53.84215368563181
4340,27.285704901641225,38.892730915126364,-53.86012858335489
4341,27.281430750550758,38.885040678886654,-53.878101754746545
4342,27.27715688727012,38.87734624824199,-53.8960731999085
4343,27.272883310880527,38.869647626628215,-53.914042918943935
4344,27.2686100204625,38.8619448174791,-53.932010911957455
4345,27.264337015095887,38.85423782422636,-53.94997717905512
4346,27.260064293859855,38.846526650299666,-53.96794172034439
4347,27.255791855832896,38.83881129912664,-53.98590453593418
4348,27.251519700092825,38.83109177413283,-54.003865625934814
4349,27.247247825716784,38.82336807874175,-54.02182499045804
4350,27.24297623178125,38.81564021637485,-54.03978262961703
4351,27.238704917362025,38.807908190451535,-54.057738543526355
4352,27.234433881534247,38.80017200438914,-54.075692732302024
4353,27.230163123372392,38.792431661602954,-54.09364519606143
4354,27.225892641950274,38.78468716550621,-54.11159593492339
4355,27.22162243634104,38.776938519510104,-54.12954494900812
4356,27.217352505617185,38.769185727023746,-54.14749223843724
4357,27.213082848850547,38.76142879145422,-54.16543780333375
4358,27.208813465112307,38.753667716206536,-54.18338164382207
4359,27.204544353472997,38.74590250468366,-54.20132376002799
4360,27.200275513002495,38.73813316028651,-54.2192641520787
4361,27.196006942770037,38.73035968641393,-54.23720282010278
4362,27.191738641844207,38.722582086462715,-54.25513976423019
4363,27.187470609292948,38.71480036382762,-54.273074984592256
4364,27.18320284418356,38.707014521901336,-54.291008481321704
4365,27.178935345582698,38.6992245640745,-54.308940254552624
4366,27.17466811255639,38.69143049373569,-54.32687030442047
4367,27.170401144170018,38.683632314271435,-54.34479863106207
4368,27.166134439488335,38.67583002906621,-54.362725234615624
4369,27.16186799757546,38.66802364150244,-54.38065011522069
4370,27.157601817494882,38.66021315496047,-54.39857327301818
4371,27.153335898309464,38.65239857281863,-54.416494708150374
4372,27.149070239081443,38.64457989845317,-54.434414420760895
4373,27.144804838872428,38.63675713523829,-54.45233241099472
4374,27.14053969674341,38.62893028654613,-54.47024867899818
4375,27.13627481175476,38.621099355746786,-54.48816322491895
4376,27.132010182966226,38.6132643462083,-54.50607604890604
4377,27.127745809436945,38.605425261296645,-54.52398715110981
4378,27.12348169022544,38.59758210437576,-54.54189653168194
4379,27.11921782438962,38.58973487880752,-54.559804190775466
4380,27.11495421098678,38.581883587951744,-54.57771012854474
4381,27.11069084907362,38.574028235166196,-54.595614345145435
4382,27.106427737706223,38.56616882380659,-54.613516840734576
4383,27.10216487594007,38.55830535722659,-54.63141761547048
4384,27.097902262830036,38.55043783877779,-54.64931666951281
4385,27.093639897430407,38.54256627180975,-54.66721400302252
4386,27.089377778794862,38.53469065966996,-54.6851096161619
4387,27.085115905976487,38.52681100570387,-54.70300350909454
4388,27.080854278027772,38.51892731325486,-54.72089568198534
4389,27.07659289400062,38.51103958566428,-54.738786135000495
4390,27.072331752946333,38.503147826271395,-54.75667486830752
4391,27.06807085391564,38.49525203841344,-54.774561882075226
4392,27.06381019595867,38.48735222542559,-54.79244717647371
4393,27.05954977812498,38.47944839064096,-54.810330751674364
4394,27.05528959946353,38.47154053739063,-54.82821260784988
4395,27.051029659022717,38.46362866900361,-54.84609274517423
4396,27.046769955850348,38.45571278880686,-54.86397116382268
4397,27.042510488993656,38.44779290012529,-54.88184786397178
4398,27.0382512574993,38.43986900628176,-54.89972284579934
4399,27.03399226041337,38.431941110597066,-54.917596109484464
4400,27.02973349678138,38.42400921638996,-54.93546765520753
4401,27.02547496564828,38.41607332697714,-54.95333748315018
4402,27.02121666605845,38.40813344567325,-54.97120559349533
4403,27.016958597055712,38.40018957579089,-54.98907198642715
4404,27.01270075768332,38.39224172064059,-55.006936662131096
4405,27.008443146983964,38.38428988353085,-55.024799620793864
4406,27.004185763999786,38.37633406776809,-55.04266086260341
4407,26.999928607772365,38.36837427665671,-55.06052038774895
4408,26.995671677342724,38.36041051349903,-55.07837819642095
4409,26.991414971751333,38.35244278159535,-55.096234288811125
4410,26.987158490038116,38.34447108424388,-55.11408866511243
4411,26.982902231242445,38.336495424740804,-55.13194132551908
4412,26.978646194403147,38.32851580638025,-55.149792270226506
4413,26.974390378558503,38.3205322324543,-55.1676414994314
4414,26.97013478274625,38.312544706252964,-55.18548901333167
4415,26.965879406003587,38.304553231064226,-55.20333481212647
4416,26.961624247367173,38.29655781017401,-55.22117889601618
4417,26.957369305873122,38.28855844686618,-55.239021265202396
4418,26.953114580557028,38.28055514442257,-55.25686191988796
4419,26.94886007045394,38.272547906122945,-55.274700860276916
4420,26.94460577459838,38.26453673524503,-55.29253808657453
4421,26.94035169202434,38.256521635064495,-55.31037359898729
4422,26.936097821765284,38.24850260885496,-55.328207397722885
4423,26.93184416285415,38.240479659888,-55.34603948299023
4424,26.92759071432336,38.23245279143314,-55.363869854999436
4425,26.923337475204804,38.224422006757855,-55.38169851396182
4426,26.919084444529854,38.21638730912757,-55.39952546008991
4427,26.914831621329373,38.208348701805654,-55.41735069359743
4428,26.9105790046337,38.200306188053446,-55.43517421469928
4429,26.90632659347266,38.19225977113022,-55.45299602361158
4430,26.90207438687557,38.1842094542932,-55.47081612055164
4431,26.897822383871233,38.176155240797584,-55.488634505737934
4432,26.893570583487953,38.168097133896495,-55.50645117939015
4433,26.889318984753515,38.160035136841024,-55.524266141729136
4434,26.88506758669521,38.15196925288021,-55.54207939297694
4435,26.88081638833982,38.143899485261045,-55.55989093335677
4436,26.876565388713633,38.135825837228474,-55.57770076309302
4437,26.872314586842432,38.127748312025396,-55.59550888241126
4438,26.868063981751504,38.11966691289267,-55.613315291538214
4439,26.86381357246565,38.11158164306909,-55.631119990701784
4440,26.85956335800917,38.103492505791415,-55.648922980131026
4441,26.85531333740587,38.09539950429437,-55.66672426005617
4442,26.85106350967908,38.087302641810616,-55.6845238307086
4443,26.84681387385163,38.07920192157077,-55.70232169232085
4444,26.842564428945874,38.07109734680342,-55.720117845126616
4445,26.83831517398368,38.06298892073509,-55.737912289360736
4446,26.83406610798643,38.05487664659026,-55.7557050252592
4447,26.829817229975035,38.04676052759138,-55.773496053059155
4448,26.82556853896992,38.03864056695885,-55.791285372998864
4449,26.821320033991043,38.03051676791101,-55.80907298531775
4450,26.81707171405788,38.022389133664184,-55.82685889025637
4451,26.81282357818944,38.01425766743263,-55.84464308805641
4452,26.808575625404263,38.00612237242857,-55.862425578960696
4453,26.80432785472042,37.99798325186219,-55.880206363213176
4454,26.80008026515551,37.989840308941616,-55.89798544105893
4455,26.79583285572668,37.98169354687295,-55.915762812744155
4456,26.791585625450605,37.97354296886024,-55.933538478516176
4457,26.7873385733435,37.96538857810549,-55.95131243862343
4458,26.78309169842113,37.95723037780867,-55.96908469331549
4459,26.778844999698794,37.94906837116771,-55.986855242843006
4460,26.77459847619134,37.94090256137849,-56.00462408745777
4461,26.77035212691316,37.93273295163486,-56.02239122741267
4462,26.766105950878202,37.92455954512861,-56.0401566629617
4463,26.761859947099957,37.916382345049506,-56.057920394359954
4464,26.757614114591476,37.90820135458527,-56.07568242186364
4465,26.753368452365358,37.900016576921594,-56.093442745730044
4466,26.749122959433763,37.891828015242105,-56.111201366217564
4467,26.744877634808407,37.88363567272841,-56.12895828358568
4468,26.74063247750057,37.875439552560074,-56.14671349809497
4469,26.73638748652109,37.867239657914624,-56.16446701000708
4470,26.73214266088037,37.85903599196754,-56.18221881958477
4471,26.72789799958838,37.85082855789227,-56.19996892709186
4472,26.723653501654656,37.84261735886023,-56.217717332793256
4473,26.719409166088308,37.834402398040794,-56.235464036954944
4474,26.71516499189801,37.82618367860129,-56.25320903984398
4475,26.710920978092016,37.81796120370702,-56.270952341728496
4476,26.706677123678155,37.80973497652125,-56.288693942877686
4477,26.702433427663827,37.801505000205196,-56.30643384356181
4478,26.698189889056017,37.79327127791805,-56.32417204405221
4479,26.693946506861288,37.78503381281697,-56.34190854462127
4480,26.689703280085784,37.77679260805707,-56.35964334554243
4481,26.68546020773524,37.768547666791434,-56.37737644709021
4482,26.68121728881497,37.76029899217111,-56.395107849540146
4483,26.676974522329882,37.75204658734511,-56.41283755316887
4484,26.67273190728447,37.74379045546042,-56.43056555825403
4485,26.66848944268282,37.735530599661985,-56.44829186507433
4486,26.664247127528615,37.727267023092715,-56.46601647390952
4487,26.66000496082513,37.718999728893486,-56.48373938504039
4488,26.65576294157524,37.71072872020315,-56.50146059874876
4489,26.651521068781417,37.702454000158525,-56.519180115317496
4490,26.647279341445735,37.69417557189439,-56.536897935030495
4491,26.643037758569875,37.685893438543495,-56.55461405817268
4492,26.638796319155116,37.67760760323656,-56.572328485030006
4493,26.634555022202345,37.669318069102275,-56.59004121588946
4494,26.63031386671206,37.66102483926729,-56.60775225103903
4495,26.626072851684373,37.65272791685624,-56.625461590767756
4496,26.621831976119,37.64442730499173,-56.64316923536567
4497,26.617591239015276,37.636123006794314,-56.66087518512383
4498,26.613350639372147,37.62781502538254,-56.6785794403343
4499,26.60911017618818,37.619503363872916,-56.69628200129018
4500,26.604869848461565,37.611188025379924,-56.71398286828554
4501,26.600629655190104,37.60286901301602,-56.731682041615485
4502,26.59638959537123,37.59454632989162,-56.74937952157611
4503,26.592149668002,37.586219979115135,-56.76707530846451
4504,26.5879098720791,37.577889963792934,-56.78476940257879
4505,26.583670206598832,37.56955628702936,-56.80246180421803
4506,26.57943067055714,37.56121895192673,-56.82015251368232
4507,26.5751912629496,37.552877961585345,-56.83784153127272
4508,26.570951982771412,37.544533319103465,-56.85552885729132
4509,26.566712829017426,37.53618502757734,-56.87321449204115
4510,26.56247380068212,37.52783309010118,-56.890898435826244
4511,26.558234896759615,37.51947750976719,-56.908580688951616
4512,26.55399611624367,37.51111828966553,-56.926261251723254
4513,26.54975745812769,37.502755432884356,-56.943940124448126
4514,26.545518921404724,37.49438894250979,-56.96161730743417
4515,26.541280505067466,37.486018821625926,-56.979292800990294
4516,26.53704220810826,37.477645073314854,-56.99696660542638
4517,26.532804029519102,37.46926770065662,-57.01463872105327
4518,26.528565968291634,37.46088670672927,-57.03230914818277
4519,26.52432802341716,37.45250209460882,-57.049977887127646
4520,26.52009019388663,37.44411386736925,-57.06764493820163
4521,26.515852478690665,37.43572202808255,-57.0853103017194
4522,26.51161487681953,37.42732657981867,-57.1029739779966
4523,26.50737738726316,37.41892752564554,-57.120635967349806
4524,26.503140009011148,37.41052486862909,-57.13829627009656
4525,26.498902741052756,37.40211861183321,-57.15595488655534
4526,26.494665582376914,37.39370875831978,-57.17361181704558
4527,26.490428531972213,37.38529531114867,-57.19126706188764
4528,26.486191588826916,37.37687827337771,-57.20892062140283
4529,26.48195475192896,37.368457648062744,-57.22657249591339
4530,26.477718020265957,37.360033438257574,-57.24422268574249
4531,26.47348139282519,37.351605647014004,-57.261871191214254
4532,26.469244868593616,37.34317427738182,-57.27951801265371
4533,26.46500844655788,37.33473933240878,-57.29716315038683
4534,26.460772125704306,37.32630081514064,-57.3148066047405
4535,26.456535905018892,37.31785872862114,-57.33244837604252
4536,26.45229978348733,37.309413075891996,-57.350088464621635
4537,26.44806376009499,37.30096385999293,-57.367726870807495
4538,26.44382783382693,37.29251108396164,-57.38536359493065
4539,26.439592003667904,37.28405475083381,-57.40299863732259
4540,26.435356268602355,37.275594863643114,-57.42063199831569
4541,26.431120627614412,37.26713142542122,-57.43826367824325
4542,26.426885079687906,37.25866443919777,-57.45589367743948
4543,26.422649623806365,37.250193908000426,-57.473521996239455
4544,26.418414258953007,37.241719834854806,-57.4911486349792
4545,26.41417898411076,37.23324222278454,-57.508773593995606
4546,26.409943798262244,37.22476107481124,-57.526396873626474
4547,26.40570870038979,37.216276393954516,-57.54401847421049
4548,26.401473689475434,37.20778818323196,-57.56163839608724
4549,26.397238764500916,37.199296445659165,-57.57925663959719
4550,26.39300392444768,37.190801184249715,-57.5968732050817
4551,26.38876916829689,37.18230240201519,-57.61448809288301
4552,26.384534495029417,37.17380010196516,-57.632101303344236
4553,26.380299903625847,37.165294287107194,-57.64971283680939
4554,26.37606539306648,37.15678496044685,-57.66732269362335
4555,26.371830962331334,37.14827212498768,-57.68493087413186
4556,26.367596610400145,37.13975578373124,-57.702537378681555
4557,26.363362336252376,37.13123593967708,-57.72014220761992
4558,26.359128138867202,37.12271259582275,-57.73774536129533
4559,26.354894017223536,37.11418575516378,-57.755346840057015
4560,26.350659970300004,37.10565542069372,-57.77294664425506
4561,26.346425997074967,37.09712159540411,-57.79054477424041
4562,26.342192096526514,37.08858428228449,-57.80814123036489
4563,26.337958267632462,37.08004348432239,-57.82573601298116
4564,26.333724509370366,37.071499204503354,-57.843329122442746
4565,26.329490820717513,37.06295144581092,-57.86092055910402
4566,26.325257200650928,37.05440021122662,-57.87851032332019
4567,26.321023648147374,37.04584550373001,-57.89609841544734
4568,26.316790162183352,37.03728732629862,-57.913684835842375
4569,26.312556741735104,37.028725681908,-57.931269584863045
4570,26.308323385778618,37.020160573531705,-57.94885266286796
4571,26.304090093289624,37.01159200414128,-57.966434070216536
4572,26.2998568632436,37.003019976706284,-57.98401380726905
4573,26.295623694615774,36.994444494194276,-58.0015918743866
4574,26.291390586381123,36.985865559570826,-58.019168271931115
4575,26.287157537514375,36.977283175799506,-58.03674300026536
4576,26.28292454699001,36.968697345841896,-58.054316059752914
4577,26.278691613782268,36.960108072657576,-58.0718874507582
4578,26.274458736865142,36.951515359204144,-58.08945717364643
4579,26.270225915212386,36.942919208437196,-58.10702522878367
4580,26.265993147797513,36.934319623310344,-58.12459161653678
4581,26.261760433593796,36.925716606775204,-58.142156337273455
4582,26.257527771574278,36.91711016178141,-58.15971939136218
4583,26.253295160711758,36.90850029127659,-58.17728077917227
4584,26.24906259997881,36.8998869982064,-58.194840501073834
4585,26.244830088347776,36.891270285514494,-58.212398557437794
4586,26.240597624790762,36.882650156142546,-58.22995494863587
4587,26.236365208279654,36.87402661303024,-58.24750967504059
4588,26.232132837786107,36.865399659115276,-58.265062737025275
4589,26.227900512281554,36.85676929733336,-58.28261413496404
4590,26.223668230737204,36.848135530618215,-58.30016386923182
4591,26.219435992124044,36.83949836190158,-58.317711940204305
4592,26.215203795412844,36.830857794113214,-58.335258348258
4593,26.210971639574154,36.82221383018088,-58.35280309377019
4594,26.20673952357831,36.81356647303036,-58.37034617711895
4595,26.202507446395433,36.804915725585474,-58.38788759868312
4596,26.198275406995432,36.796261590768026,-58.40542735884236
4597,26.194043404347997,36.78760407149786,-58.42296545797707
4598,26.189811437422623,36.77894317069283,-58.44050189646845
4599,26.185579505188585,36.77027889126881,-58.45803667469846
4600,26.181347606614956,36.7616112361397,-58.47556979304985
4601,26.177115740670608,36.75294020821742,-58.49310125190612
4602,26.172883906324202,36.74426581041189,-58.51063105165155
4603,26.168652102544208,36.73558804563108,-58.52815919267119
4604,26.164420328298892,36.726906916780976,-58.54568567535084
4605,26.16018858255632,36.71822242676557,-58.563210500077076
4606,26.155956864284363,36.70953457848689,-58.58073366723722
4607,26.1517251724507,36.700843374844986,-58.59825517721936
4608,26.147493506022816,36.692148818737934,-58.61577503041233
4609,26.143261863968,36.68345091306183,-58.63329322720573
4610,26.139030245253362,36.67474966071081,-58.65080976798991
4611,26.134798648845816,36.66604506457701,-58.66832465315595
4612,26.13056707371209,36.65733712755062,-58.685837883095694
4613,26.12633551881873,36.648625852519835,-58.70334945820172
4614,26.122103983132103,36.6399112423709,-58.72085937886735
4615,26.117872465618383,36.63119329998807,-58.738367645486655
4616,26.113640965243576,36.62247202825364,-58.75587425845443
4617,26.109409480973504,36.61374743004793,-58.77337921816622
4618,26.105178011773813,36.60501950824929,-58.79088252501829
4619,26.100946556609976,36.59628826573411,-58.80838417940764
4620,26.096715114447296,36.5875537053768,-58.825884181732
4621,26.092483684250894,36.5788158300498,-58.843382532389825
4622,26.088252264985734,36.570074642623595,-58.8608792317803
4623,26.0840208556166,36.56133014596671,-58.87837428030333
4624,26.07978945510812,36.552582342945676,-58.895867678359544
4625,26.07555806242475,36.543831236425085,-58.913359426350276
4626,26.071326676530784,36.53507682926756,-58.93084952467758
4627,26.067095296390356,36.526319124333746,-58.948337973744245
4628,26.062863920967438,36.517558124482335,-58.96582477395375
4629,26.058632549225845,36.50879383257006,-58.98330992571028
4630,26.054401180129236,36.50002625145169,-59.00079342941875
4631,26.050169812641112,36.491255383980025,-59.01827528548476
4632,26.045938445724822,36.482481233005906,-59.03575549431463
4633,26.041707078343563,36.47370380137822,-59.05323405631537
4634,26.03747570946038,36.4649230919439,-59.070710971894684
4635,26.033244338038173,36.456139107547905,-59.08818624146099
4636,26.029012963039687,36.44735185103324,-59.10565986542339
4637,26.02478158342753,36.43856132524096,-59.12313184419168
4638,26.020550198164162,36.429767533010164,-59.14060217817635
4639,26.016318806211903,36.42097047717798,-59.15807086778858
4640,26.012087406532928,36.41217016057959,-59.17553791344023
4641,26.007855998089276,36.40336658604823,-59.19300331554385
4642,26.003624579842846,36.39455975641516,-59.210467074512664
4643,25.999393150755406,36.38574967450971,-59.22792919076059
4644,25.995161709788583,36.376936343159244,-59.245389664702216
4645,25.990930255903873,36.36811976518917,-59.26284849675281
4646,25.986698788062647,36.359299943422954,-59.28030568732831
4647,25.982467305226137,36.35047688068211,-59.297761236845325
4648,25.978235806355453,36.34165057978619,-59.31521514572115
4649,25.974004290411575,36.33282104355282,-59.332667414373724
4650,25.96977275635536,36.32398827479765,-59.35011804322166
4651,25.965541203147545,36.315152276334395,-59.367567032684256
4652,25.961309629748737,36.30631305097483,-59.38501438318144
4653,25.95707803511943,36.297470601528765,-59.40246009513382
4654,25.95284641822,36.28862493080408,-59.41990416896265
4655,25.948614778010693,36.2797760416067,-59.43734660508986
4656,25.94438311345166,36.27092393674061,-59.454787403938
4657,25.940151423502925,36.26206861900784,-59.472226565930306
4658,25.9359197071244,36.2532100912085,-59.489664091490646
4659,25.931687963275888,36.24434835614073,-59.50709998104353
4660,25.927456190917084,36.23548341660075,-59.52453423501414
4661,25.92322438900758,36.22661527538282,-59.541966853828264
4662,25.91899255650685,36.217743935279266,-59.559397837912364
4663,25.914760692374273,36.20886939908048,-59.576827187693524
4664,25.91052879556912,36.199991669574906,-59.59425490359948
4665,25.906296865050567,36.19111074954906,-59.61168098605858
4666,25.902064899777685,36.18222664178751,-59.62910543549983
4667,25.897832898709442,36.17333934907288,-59.64652825235285
4668,25.89360086080472,36.16444887418589,-59.663949437047904
4669,25.889368785022302,36.155555219905274,-59.681368990015876
4670,25.885136670320875,36.146658389007875,-59.69878691168827
4671,25.880904515659036,36.13775838426858,-59.716203202497226
4672,25.87667231999529,36.128855208460344,-59.73361786287549
4673,25.87244008228805,36.11994886435419,-59.75103089325644
4674,25.868207801495654,36.11103935471922,-59.76844229407407
4675,25.863975476576336,36.102126682322584,-59.78585206576299
4676,25.85974310648826,36.09321084992951,-59.80326020875841
4677,25.8555106901895,36.08429186030331,-59.820666723496174
4678,25.851278226638055,36.07536971620534,-59.83807161041272
4679,25.847045714791836,36.06644442039504,-59.8554748699451
4680,25.84281315360868,36.05751597562992,-59.872876502530964
4681,25.83858054204635,36.04858438466557,-59.89027650860858
4682,25.83434787906253,36.03964965025565,-59.9076748886168
4683,25.83011516361483,36.03071177515188,-59.92507164299509
4684,25.82588239466079,36.021770762104076,-59.942466772183515
4685,25.821649571157877,36.01282661386011,-59.95986027662272
4686,25.817416692063492,36.003879333165955,-59.977252156753956
4687,25.81318375633497,35.99492892276563,-59.994642413019065
4688,25.80895076292957,35.985975385401254,-60.01203104586048
4689,25.8047177108045,35.97701872381302,-60.02941805572122
4690,25.800484598916896,35.96805894073918,-60.046803443044894
4691,25.796251426223833,35.9590960389161,-60.06418720827568
4692,25.79201819168233,35.9501300210782,-60.08156935185836
4693,25.78778489424935,35.941160889958,-60.098949874238286
4694,25.783551532881784,35.93218864828608,-60.11632877586139
4695,25.779318106536486,35.923213298791126,-60.13370605717417
4696,25.775084614170247,35.91423484419989,-60.15108171862372
4697,25.770851054739804,35.905253287237215,-60.168455760657686
4698,25.76661742720185,35.896268630626025,-60.1858281837243
4699,25.762383730513022,35.887280877087335,-60.20319898827235
4700,25.75814996362991,35.87829002934025,-60.2205681747512
4701,25.75391612550906,35.86929609010195,-60.23793574361078
4702,25.749682215106972,35.860299062087705,-60.255301695301576
4703,25.745448231380102,35.851298948010886,-60.27266603027464
4704,25.741214173284863,35.842295750582934,-60.290028748981584
4705,25.73698003977763,35.8332894725134,-60.307389851874575
4706,25.732745829814743,35.82428011650992,-60.32474933940634
4707,25.728511542352493,35.81526768527821,-60.34210721203014
4708,25.72427717634714,35.80625218152208,-60.35946347019983
4709,25.720042730754916,35.797233607943454,-60.37681811436977
4710,25.71580820453201,35.78821196724233,-60.39417114499489
4711,25.71157359663459,35.77918726211681,-60.41152256253067
4712,25.707338906018784,35.77015949526307,-60.42887236743312
4713,25.703104131640696,35.761128669375424,-60.44622056015881
4714,25.698869272456403,35.75209478714624,-60.46356714116483
4715,25.69463432742195,35.74305785126601,-60.480912110908825
4716,25.69039929549337,35.734017864423315,-60.49825546984897
4717,25.686164175626665,35.724974829304834,-60.51559721844398
4718,25.681928966777814,35.715928748595346,-60.53293735715309
4719,25.677693667902783,35.70687962497774,-60.55027588643608
4720,25.673458277957515,35.697827461132995,-60.56761280675326
4721,25.669222795897937,35.6887722597402,-60.58494811856546
4722,25.664987220679958,35.679714023476535,-60.602281822334035
4723,25.66075155125948,35.6706527550173,-60.61961391852087
4724,25.656515786592383,35.66158845703589,-60.636944407588366
4725,25.652279925634545,35.6525211322038,-60.65427328999945
4726,25.648043967341827,35.643450783190644,-60.67160056621757
4727,25.64380791067009,35.634377412664136,-60.68892623670668
4728,25.63957175457518,35.6253010232901,-60.70625030193125
4729,25.63533549801294,35.616221617732464,-60.72357276235627
4730,25.631099139939213,35.60713919865327,-60.740893618447245
4731,25.626862679309838,35.59805376871267,-60.75821287067018
4732,25.62262611508065,35.58896533056892,-60.77553051949158
4733,25.618389446207484,35.57987388687839,-60.792846565378476
4734,25.61415267164618,35.57077944029557,-60.81016100879839
4735,25.609915790352584,35.56168199347305,-60.82747385021934
4736,25.605678801282544,35.55258154906156,-60.844785090109866
4737,25.60144170339191,35.5434781097099,-60.862094728938985
4738,25.597204495636543,35.534371678065035,-60.87940276717622
4739,25.59296717697232,35.52526225677201,-60.89670920529158
4740,25.588729746355114,35.516149848474,-60.914014043755586
4741,25.584492202740822,35.507034455812295,-60.931317283039235
4742,25.580254545085353,35.49791608142631,-60.94861892361401
4743,25.576016772344623,35.48879472795358,-60.9659189659519
4744,25.571778883474572,35.479670398029754,-60.98321741052536
4745,25.567540877431156,35.470543094288594,-61.000514257807346
4746,25.563302753170348,35.461412819362,-61.01780950827128
4747,25.55906450964814,35.45227957588,-61.03510316239107
4748,25.554826145820556,35.443143366470714,-61.05239522064111
4749,25.55058766064363,35.434004193760416,-61.06968568349627
4750,25.546349053073424,35.42486206037349,-61.08697455143189
4751,25.542110322066033,35.41571696893246,-61.104261824923775
4752,25.537871466577574,35.40656892205795,-61.12154750444822
4753,25.533632485564194,35.397417922368746,-61.138831590481985
4754,25.52939337798207,35.38826397248174,-61.15611408350229
4755,25.525154142787414,35.37910707501195,-61.173394983986825
4756,25.520914778936465,35.36994723257254,-61.190674292413746
4757,25.516675285385503,35.3607844477748,-61.207952009261675
4758,25.512435661090837,35.351618723228135,-61.225228135009694
4759,25.508195905008822,35.3424500615401,-61.242502670137334
4760,25.50395601609584,35.33327846531638,-61.259775615124596
4761,25.499715993308328,35.32410393716079,-61.27704697045194
4762,25.49547583560275,35.314926479675286,-61.294316736600265
4763,25.491235541935623,35.30574609545995,-61.31158491405094
4764,25.486995111263504,35.29656278711301,-61.32885150328577
4765,25.482754542542995,35.28737655723083,-61.34611650478701
4766,25.478513834730748,35.2781874084079,-61.36337991903738
4767,25.47427298678346,35.26899534323687,-61.38064174652002
4768,25.470031997657884,35.259800364308504,-61.397901987718534
4769,25.46579086631082,35.250602474211725,-61.41516064311696
4770,25.461549591699114,35.241401675533595,-61.43241771319978
4771,25.457308172779676,35.23219797085931,-61.44967319845191
4772,25.45306660850947,35.22299136277222,-61.466927099358706
4773,25.448824897845512,35.21378185385381,-61.48417941640596
4774,25.444583039744877,35.20456944668371,-61.50143015007989
4775,25.440341033164707,35.19535414383971,-61.51867930086717
4776,25.436098877062193,35.18613594789772,-61.53592686925487
4777,25.431856570394594,35.17691486143181,-61.553172855730516
4778,25.427614112119237,35.16769088701421,-61.570417260782044
4779,25.423371501193504,35.15846402721529,-61.58766008489783
4780,25.41912873657485,35.14923428460356,-61.604901328566655
4781,25.4148858172208,35.140001661745686,-61.62214099227774
4782,25.41064274208894,35.130766161206495,-61.639379076520726
4783,25.406399510136932,35.121527785548956,-61.65661558178565
4784,25.40215612032251,35.11228653733419,-61.67385050856299
4785,25.397912571603474,35.103042419121486,-61.691083857343635
4786,25.39366886293771,35.093795433468266,-61.70831562861887
4787,25.389424993283168,35.08454558293012,-61.72554582288041
4788,25.385180961597882,35.07529287006079,-61.74277444062038
4789,25.380936766839962,35.06603729741219,-61.760001482331305
4790,25.3766924079676,35.05677886753437,-61.777226948506126
4791,25.372447883939067,35.04751758297555,-61.79445083963817
4792,25.368203193712716,35.03825344628211,-61.811673156221204
4793,25.363958336246984,35.02898645999859,-61.82889389874936
4794,25.359713310500396,35.019716626667694,-61.846113067717184
4795,25.35546811543156,35.01044394883028,-61.86333066361963
4796,25.351222749999174,35.00116842902537,-61.88054668695203
4797,25.346977213162024,34.99189006979016,-61.89776113821013
4798,25.342731503878984,34.98260887366,-61.91497401789006
4799,25.338485621109022,34.97332484316841,-61.932185326488344
4800,25.334239563811202,34.96403798084709,-61.9493950645019
4801,25.329993330944678,34.954748289225876,-61.96660323242803
4802,25.325746921468703,34.9454557708328,-61.983809830764415
4803,25.321500334342623,34.93616042819406,-62.00101486000914
4804,25.31725356852589,34.926862263834,-62.01821832066067
4805,25.31300662297804,34.917561280275166,-62.03542021321785
4806,25.30875949665873,34.90825748003826,-62.052620538179895
4807,25.304512188527706,34.89895086564215,-62.06981929604641
4808,25.300264697544822,34.88964143960389,-62.08701648731738
4809,25.296017022670036,34.880329204438716,-62.10421211249316
4810,25.29176916286341,34.87101416266001,-62.12140617207448
4811,25.287521117085117,34.86169631677936,-62.138598666562444
4812,25.28327288429544,34.85237566930651,-62.15578959645853
4813,25.279024463454768,34.84305222274939,-62.17297896226459
4814,25.274775853523604,34.833725979614115,-62.190166764482825
4815,25.270527053462562,34.82439694240497,-62.20735300361582
4816,25.26627806223237,34.815065113624414,-62.22453768016653
4817,25.262028878793874,34.805730495773105,-62.24172079463824
4818,25.257779502108033,34.79639309134988,-62.25890234753464
4819,25.253529931135926,34.78705290285174,-62.276082339359746
4820,25.249280164838755,34.777709932773895,-62.29326077061796
4821,25.245030202177833,34.76836418360972,-62.310437641814026
4822,25.240780042114604,34.75901565785079,-62.327612953453034
4823,25.23652968361063,34.74966435798685,-62.34478670604045
4824,25.2322791256276,34.74031028650585,-62.36195890008208
4825,25.228028367127322,34.730953445893924,-62.37912953608407
4826,25.22377740707174,34.72159383863538,-62.39629861455295
4827,25.219526244422923,34.71223146721273,-62.413466135995556
4828,25.215274878143067,34.70286633410668,-62.4306321009191
4829,25.211023307194502,34.693498441796116,-62.447796509831115
4830,25.206771530539687,34.684127792758126,-62.4649593632395
4831,25.202519547141215,34.674754389467985,-62.48212066165249
4832,25.198267355961814,34.665378234399164,-62.499280405578645
4833,25.19401495596435,34.655999330023334,-62.516438595526886
4834,25.18976234611182,34.64661767881036,-62.53359523200645
4835,25.18550952536737,34.6372332832283,-62.55075031552692
4836,25.18125649269427,34.627846145743405,-62.567903846598206
4837,25.177003247055946,34.61845626882015,-62.585055825730564
4838,25.17274978741596,34.60906365492117,-62.60220625343457
4839,25.168496112738016,34.59966830650734,-62.61935513022112
4840,25.164242221985962,34.59027022603771,-62.63650245660147
4841,25.159988114123795,34.580869415969545,-62.65364823308717
4842,25.155733788115658,34.5714658787583,-62.67079246019011
4843,25.15147924292584,34.56205961685766,-62.68793513842249
4844,25.147224477518787,34.552650632719484,-62.70507626829685
4845,25.142969490859084,34.543238928793855,-62.72221585032604
4846,25.13871428191148,34.53382450752906,-62.73935388502323
4847,25.13445884964087,34.524407371371595,-62.7564903729019
4848,25.130203193012303,34.51498752276616,-62.773625314475865
4849,25.12594731099099,34.50556496415567,-62.79075871025923
4850,25.121691202542298,34.496139697981235,-62.80789056076644
4851,25.117434866631744,34.4867117266822,-62.825020866512226
4852,25.113178302225013,34.477281052696114,-62.84214962801164
4853,25.108921508287946,34.467847678458725,-62.85927684578004
4854,25.10466448378655,34.458411606404006,-62.876402520333095
4855,25.100407227686993,34.44897283896415,-62.89352665218677
4856,25.09614973895561,34.43953137856956,-62.91064924185735
4857,25.091892016558898,34.430087227648855,-62.92777028986141
4858,25.08763405946352,34.42064038862887,-62.94488979671582
4859,25.083375866636317,34.41119086393466,-62.962007762937766
4860,25.07911743704428,34.4017386559895,-62.979124189044725
4861,25.074858769654593,34.39228376721489,-62.99623907555446
4862,25.070599863434598,34.38282620003055,-63.01335242298505
4863,25.06634071735181,34.37336595685441,-63.03046423185485
4864,25.062081330373925,34.36390304010263,-63.047574502682515
4865,25.05782170146881,34.3544374521896,-63.06468323598698
4866,25.053561829604508,34.34496919552794,-63.08179043228749
4867,25.04930171374924,34.33549827252847,-63.09889609210356
4868,25.04504135287141,34.32602468560026,-63.116000215955
4869,25.040780745939603,34.3165484371506,-63.1331028043619
4870,25.036519891922577,34.30706952958501,-63.15020385784463
4871,25.032258789789278,34.29758796530723,-63.16730337692386
4872,25.027997438508837,34.28810374671925,-63.18440136212052
4873,25.023735837050566,34.27861687622128,-63.201497813955825
4874,25.019473984383968,34.26912735621175,-63.21859273295128
4875,25.01521187947873,34.25963518908734,-63.235686119628646
4876,25.01094952130473,34.250140377242964,-63.252777974509975
4877,25.006686908832037,34.24064292307176,-63.269868298117586
4878,25.002424041030906,34.231142828965105,-63.28695709097407
4879,24.998160916871786,34.221640097312616,-63.30404435360229
4880,24.99389753532532,34.21213473050215,-63.32113008652538
4881,24.98963389536235,34.202626730919796,-63.338214290266734
4882,24.985369995953903,34.19311610094989,-63.35529696535002
4883,24.981105836071215,34.18360284297499,-63.372378112299174
4884,24.976841414685712,34.17408695937593,-63.38945773163838
4885,24.97257673076902,34.164568452531746,-63.406535823892106
4886,24.96831178329297,34.15504732481975,-63.42361238958507
4887,24.964046571229595,34.145523578615474,-63.44068742924223
4888,24.959781093551122,34.135997216292715,-63.45776094338884
4889,24.95551534922999,34.1264682402235,-63.47483293255039
4890,24.951249337238842,34.11693665277811,-63.49190339725262
4891,24.946983056550526,34.10740245632507,-63.508972338021536
4892,24.942716506138094,34.09786565323116,-63.52603975538339
4893,24.938449684974813,34.0883262458614,-63.54310564986468
4894,24.93418259203416,34.078784236579075,-63.560170021992164
4895,24.929915226289815,34.06923962774571,-63.577232872292846
4896,24.925647586715677,34.05969242172108,-63.59429420129398
4897,24.921379672285855,34.05014262086323,-63.61135400952305
4898,24.917111481974676,34.040590227528426,-63.6284122975078
4899,24.912843014756678,34.031035244071234,-63.64546906577622
4900,24.90857426960662,34.02147767284444,-63.662524314856526
4901,24.90430524549948,34.011917516199105,-63.67957804527718
4902,24.900035941410444,34.00235477648454,-63.696630257566895
4903,24.895766356314933,33.992789456048314,-63.7136809522546
4904,24.89149648918858,33.98322155723626,-63.73073012986947
4905,24.887226339007242,33.97365108239248,-63.74777779094092
4906,24.882955904747,33.96407803385932,-63.7648239359986
4907,24.87868518538416,33.9545024139774,-63.78186856557238
4908,24.874414179895258,33.9449242250856,-63.79891168019237
4909,24.87014288725705,33.935343469521065,-63.815953280388904
4910,24.86587130644652,33.92576014961921,-63.83299336669255
4911,24.861599436440894,33.91617426771371,-63.85003193963409
4912,24.85732727621761,33.90658582613651,-63.86706899974455
4913,24.85305482475435,33.89699482721781,-63.88410454755517
4914,24.84878208102902,33.88740127328611,-63.90113858359741
4915,24.844509044019773,33.87780516666815,-63.91817110840295
4916,24.840235712704985,33.86820650968896,-63.93520212250371
4917,24.83596208606327,33.858605304671826,-63.952231626431804
4918,24.83168816307348,33.84900155393832,-63.96925962071957
4919,24.82741394271471,33.83939525980829,-63.98628610589957
4920,24.82313942396629,33.829786424599845,-64.00331108250458
4921,24.818864605807786,33.82017505062937,-64.02033455106758
4922,24.814589487219017,33.81056114021155,-64.03735651212176
4923,24.810314067180034,33.80094469565931,-64.05437696620055
4924,24.806038344671137,33.7913257192839,-64.07139591383755
4925,24.80176231867287,33.781704213394804,-64.0884133555666
4926,24.797485988166024,33.77208018029981,-64.10542929192172
4927,24.793209352131633,33.76245362230499,-64.12244372343717
4928,24.788932409550988,33.75282454171469,-64.13945665064738
4929,24.78465515940562,33.743192940831534,-64.15646807408699
4930,24.780377600677316,33.73355882195644,-64.17347799429085
4931,24.776099732348108,33.723922187388624,-64.19048641179403
4932,24.77182155340029,33.71428303942555,-64.20749332713176
4933,24.767543062816404,33.70464138036301,-64.2244987408395
4934,24.76326425957925,33.69499721249505,-64.24150265345287
4935,24.758985142671875,33.68535053811404,-64.25850506550773
4936,24.754705711077598,33.6757013595106,-64.27550597754012
4937,24.750425963779982,33.66604967897367,-64.29250539008625
4938,24.74614589976286,33.65639549879048,-64.30950330368253
4939,24.741865518010314,33.64673882124654,-64.32649971886559
4940,24.737584817506697,33.63707964862566,-64.34349463617222
4941,24.733303797236623,33.62741798320994,-64.3604880561394
4942,24.729022456184964,33.617753827279785,-64.37747997930431
4943,24.724740793336863,33.60808718311389,-64.3944704062043
4944,24.720458807677723,33.598418052989246,-64.41145933737691
4945,24.716176498193217,33.58874643918115,-64.42844677335987
4946,24.71189386386929,33.57907234396319,-64.44543271469108
4947,24.707610903692142,33.56939576960726,-64.46241716190863
4948,24.70332761664826,33.559716718383555,-64.47940011555079
4949,24.69904400172439,33.550035192560564,-64.496381576156
4950,24.694760057907555,33.54035119440509,-64.51336154426288
4951,24.69047578418505,33.53066472618224,-64.53034002041022
4952,24.686191179544444,33.52097579015541,-64.547317005137
4953,24.681906242973582,33.511284388586326,-64.56429249898237
4954,24.677620973460588,33.501590523735,-64.58126650248562
4955,24.673335369993854,33.49189419785976,-64.59823901618624
4956,24.669049431562062,33.48219541321725,-64.61521004062391
4957,24.664763157154166,33.47249417206242,-64.63217957633842
4958,24.6604765457594,33.46279047664852,-64.64914762386977
4959,24.656189596367287,33.45308432922713,-64.66611418375813
4960,24.651902307967624,33.443375732048125,-64.68307925654379
4961,24.647614679550497,33.4336646873597,-64.70004284276726
4962,24.643326710106276,33.42395119740838,-64.71700494296917
4963,24.639038398625615,33.41423526443897,-64.73396555769033
4964,24.634749744099455,33.40451689069464,-64.7509246874717
4965,24.630460745519027,33.39479607841683,-64.76788233285441
4966,24.626171401875848,33.38507282984533,-64.78483849437974
4967,24.621881712161727,33.375347147218235,-64.80179317258913
4968,24.61759167536876,33.36561903277197,-64.81874636802416
4969,24.613301290489343,33.355888488741265,-64.83569808122658
4970,24.609010556516157,33.34615551735919,-64.8526483127383
4971,24.60471947244218,33.33642012085714,-64.86959706310134
4972,24.600428037260688,33.326682301464814,-64.88654433285792
4973,24.596136249965248,33.31694206141025,-64.90349012255038
4974,24.591844109549726,33.307199402919814,-64.92043443272122
4975,24.587551615008287,33.297454328218194,-64.93737726391308
4976,24.583258765335394,33.287706839528404,-64.95431861666874
4977,24.578965559525813,33.2779569390718,-64.97125849153115
4978,24.574671996574605,33.26820462906805,-64.98819688904337
4979,24.57037807547714,33.25844991173517,-65.00513380974861
4980,24.56608379522909,33.24869278928949,-65.02206925419026
4981,24.561789154826425,33.23893326394569,-65.03900322291177
4982,24.557494153265427,33.22917133791677,-65.05593571645682
4983,24.55319878954268,33.21940701341408,-65.07286673536915
4984,24.548903062655082,33.209640292647286,-65.08979628019267
4985,24.54460697159983,33.19987117782441,-65.10672435147144
4986,24.540310515374436,33.190099671151806,-65.12365094974963
4987,24.53601369297672,33.18032577483416,-65.14057607557154
4988,24.531716503404816,33.1705494910745,-65.15749972948163
4989,24.527418945657168,33.16077082207421,-65.17442191202446
4990,24.52312101873253,33.15098977003299,-65.19134262374472
4991,24.51882272162998,33.14120633714891,-65.20826186518725
4992,24.5145240533489,33.131420525618346,-65.22517963689701
4993,24.510225012888995,33.12163233763606,-65.24209593941907
4994,24.505925599250286,33.111841775395135,-65.25901077329864
4995,24.50162581143311,33.102048841087004,-65.27592413908106
4996,24.497325648438128,33.09225353690145,-65.29283603731176
4997,24.493025109266316,33.08245586502662,-65.30974646853632
4998,24.488724192918973,33.07265582764897,-65.32665543330044
4999,24.48442289839772,33.06285342695335,-65.34356293214994
5000,24.480121224704504,33.05304866512294,-65.36046896563073
5001,24.47581917084159,33.04324154433926,-65.37737353428886
5002,24.471516735811573,33.03343206678222,-65.3942766386705
5003,24.467213918617375,33.023620234630044,-65.41117827932193
5004,24.46291071826224,33.013806050059344,-65.42807845678954
5005,24.458607133749744,33.00398951524507,-65.44497717161981
5006,24.45430316408379,32.99417063236052,-65.46187442435938
5007,24.44999880826861,32.98434940357738,-65.47877021555496
5008,24.44569406530877,32.97452583106568,-65.49566454575339
5009,24.44138893420917,32.96469991699379,-65.5125574155016
5010,24.43708341397503,32.95487166352847,-65.52944882534665
5011,24.432777503611923,32.94504107283484,-65.5463387758357
5012,24.42847120212574,32.93520814707637,-65.56322726751598
5013,24.424164508522715,32.925372888414884,-65.58011430093488
5014,24.419857421809418,32.9155352990106,-65.59699987663984
5015,24.415549940992758,32.905695381022085,-65.61388399517844
5016,24.411242065079982,32.89585313660628,-65.63076665709835
5017,24.406933793078675,32.88600856791848,-65.64764786294732
5018,24.40262512399676,32.876161677112364,-65.66452761327324
5019,24.398316056842507,32.86631246633997,-65.68140590862403
5020,24.394006590624524,32.85646093775172,-65.69828274954777
5021,24.38969672435177,32.846607093496395,-65.71515813659262
5022,24.385386457033533,32.836750935721156,-65.73203207030681
5023,24.381075787679464,32.82689246657153,-65.7489045512387
5024,24.376764715299547,32.81703168819143,-65.76577557993669
5025,24.372453238904118,32.80716860272313,-65.7826451569493
5026,24.368141357503863,32.7973032123073,-65.79951328282516
5027,24.363829070109812,32.78743551908297,-65.81637995811296
5028,24.35951637573335,32.777565525187555,-65.83324518336148
5029,24.35520327338621,32.767693232756855,-65.85010895911961
5030,24.350889762080474,32.75781864392504,-65.86697128593629
5031,24.34657584082858,32.74794176082467,-65.88383216436057
5032,24.342261508643322,32.73806258558669,-65.90069159494158
5033,24.337946764537843,32.728181120340416,-65.91754957822852
5034,24.333631607525646,32.71829736721356,-65.93440611477068
5035,24.32931603662059,32.70841132833221,-65.95126120511743
5036,24.325000050836884,32.69852300582086,-65.96811484981822
5037,24.320683649189107,32.688632401802366,-65.98496704942258
5038,24.316366830692186,32.67873951839798,-66.0018178044801
5039,24.312049594361415,32.66884435772736,-66.01866711554047
5040,24.30773193921245,32.65894692190853,-66.03551498315345
5041,24.3034138642613,32.64904721305792,-66.05236140786886
5042,24.29909536852435,32.63914523329035,-66.0692063902366
5043,24.294776451018333,32.62924098471903,-66.08604993080665
5044,24.290457110760357,32.61933446945557,-66.10289203012906
5045,24.286137346767894,32.60942568960998,-66.11973268875393
5046,24.281817158058782,32.59951464729064,-66.13657190723144
5047,24.277496543651228,32.58960134460436,-66.15340968611187
5048,24.273175502563802,32.57968578365633,-66.17024602594552
5049,24.268854033815444,32.569767966550145,-66.18708092728276
5050,24.26453213642547,32.5598478953878,-66.20391439067406
5051,24.26020980941356,32.54992557226968,-66.22074641666993
5052,24.255887051799768,32.540000999294584,-66.23757700582094
5053,24.251563862604524,32.530074178559715,-66.25440615867772
5054,24.247240240848626,32.52014511216068,-66.271233875791
5055,24.24291618555325,32.51021380219148,-66.2880601577115
5056,24.238591695739945,32.50028025074453,-66.30488500499006
5057,24.23426677043064,32.49034445991066,-66.32170841817754
5058,24.229941408647637,32.480406431779095,-66.33853039782488
5059,24.225615609413616,32.470466168437476,-66.35535094448308
5060,24.22128937175164,32.46052367197185,-66.37217005870318
5061,24.21696269468515,32.45057894446668,-66.38898774103626
5062,24.212635577237965,32.44063198800483,-66.40580399203348
5063,24.208308018434284,32.4306828046676,-66.42261881224604
5064,24.203980017298694,32.42073139653467,-66.4394322022252
5065,24.199651572856162,32.410777765684166,-66.45624416252227
5066,24.19532268413204,32.40082191419261,-66.47305469368858
5067,24.190993350152066,32.39086384413496,-66.48986379627554
5068,24.18666356994236,32.380903557584574,-66.5066714708346
5069,24.182333342529436,32.37094105661323,-66.52347771791726
5070,24.178002666940184,32.36097634329114,-66.54028253807505
5071,24.17367154220189,32.351009419686925,-66.55708593185955
5072,24.169339967342232,32.34104028786763,-66.57388789982238
5073,24.16500794138927,32.331068949898714,-66.59068844251523
5074,24.16067546337146,32.32109540784408,-66.6074875604898
5075,24.15634253231765,32.31111966376605,-66.62428525429785
5076,24.152009147257083,32.30114171972536,-66.64108152449116
5077,24.147675307219387,32.291161577781175,-66.65787637162155
5078,24.143341011234593,32.2811792399911,-66.6746697962409
5079,24.139006258333122,32.27119470841115,-66.69146179890112
5080,24.134671047545794,32.261207985095794,-66.70825238015414
5081,24.130335377903823,32.25121907209791,-66.72504154055193
5082,24.125999248438823,32.241227971468824,-66.7418292806465
5083,24.121662658182807,32.23123468525828,-66.75861560098988
5084,24.117325606168187,32.22123921551446,-66.77540050213418
5085,24.112988091427773,32.21124156428398,-66.79218398463146
5086,24.10865011299478,32.2012417336119,-66.80896604903388
5087,24.104311669902824,32.19123972554171,-66.8257466958936
5088,24.099972761185917,32.181235542115346,-66.8425259257628
5089,24.095633385878486,32.171229185373164,-66.8593037391937
5090,24.091293543015354,32.16122065735397,-66.87608013673855
5091,24.086953231631753,32.15120996009502,-66.89285511894963
5092,24.082612450763317,32.14119709563199,-66.90962868637921
5093,24.078271199446096,32.13118206599901,-66.92640083957963
5094,24.073929476716536,32.12116487322867,-66.94317157910322
5095,24.0695872816115,32.11114551935198,-66.95994090550235
5096,24.065244613168257,32.1011240063984,-66.9767088193294
5097,24.060901470424486,32.09110033639585,-66.99347532113678
5098,24.05655785241828,32.08107451137068,-67.01024041147693
5099,24.05221375818814,32.071046533347705,-67.02700409090227
5100,24.047869186772985,32.06101640435017,-67.04376635996525
5101,24.04352413721214,32.05098412639979,-67.06052721921836
5102,24.039178608545352,32.040949701516716,-67.07728666921409
5103,24.034832599812773,32.03091313171956,-67.09404471050495
5104,24.030486110054984,32.02087441902538,-67.11080134364346
5105,24.02613913831297,32.01083356544971,-67.12755656918215
5106,24.02179168362814,32.000790573006505,-67.14431038767356
5107,24.017443745042325,31.9907454437082,-67.16106279967025
5108,24.013095321597767,31.980698179565678,-67.1778138057248
5109,24.008746412337135,31.970648782588288,-67.19456340638976
5110,24.004397016303514,31.96059725478383,-67.21131160221773
5111,24.00004713254041,31.950543598158575,-67.2280583937613
5112,23.995696760091754,31.94048781471724,-67.24480378157307
5113,23.9913458980019,31.930429906463015,-67.26154776620564
5114,23.986994545315625,31.920369875397547,-67.27829034821161
5115,23.98264270107813,31.910307723520955,-67.29503152814361
5116,23.97829036433504,31.900243452831816,-67.31177130655425
5117,23.973937534132414,31.89017706532718,-67.32850968399615
5118,23.96958420951673,31.880108563002555,-67.34524666102193
5119,23.965230389534895,31.870037947851923,-67.36198223818421
5120,23.960876073234246,31.859965221867736,-67.37871641603562
5121,23.95652125966255,31.84989038704091,-67.39544919512876
5122,23.952165947868007,31.839813445360843,-67.41218057601627
5123,23.94781013689924,31.82973439881539,-67.42891055925075
5124,23.94345382580531,31.81965324939089,-67.44563914538483
5125,23.93909701363571,31.809569999072153,-67.46236633497111
5126,23.93473969944036,31.799484649842466,-67.47909212856217
5127,23.93038188226962,31.78939720368359,-67.49581652671064
5128,23.92602356117429,31.77930766257576,-67.51253952996909
5129,23.921664735205592,31.7692160284977,-67.5292611388901
5130,23.917305403415195,31.759122303426594,-67.54598135402625
5131,23.912945564855203,31.749026489338124,-67.5627001759301
5132,23.908585218578153,31.738928588206445,-67.5794176051542
5133,23.904224363637024,31.728828602004192,-67.5961336422511
5134,23.899862999085236,31.718726532702487,-67.61284828777333
5135,23.89550112397665,31.70862238227093,-67.6295615422734
5136,23.891138737365562,31.69851615267762,-67.6462734063038
5137,23.886775838306715,31.688407845889124,-67.66298388041706
5138,23.88241242585529,31.678297463870507,-67.67969296516561
5139,23.878048499066917,31.668185008585315,-67.69640066110193
5140,23.873684056997664,31.65807048199559,-67.71310696877846
5141,23.869319098704047,31.64795388606186,-67.72981188874762
5142,23.86495362324303,31.637835222743142,-67.74651542156181
5143,23.860587629672015,31.627714493996947,-67.76321756777342
5144,23.856221117048857,31.61759170177928,-67.77991832793482
5145,23.85185408443186,31.607466848044638,-67.79661770259834
5146,23.84748653087977,31.59733993474601,-67.81331569231631
5147,23.843118455451787,31.587210963834888,-67.83001229764103
5148,23.83874985720756,31.577079937261253,-67.84670751912478
5149,23.834380735207187,31.566946856973587,-67.8634013573198
5150,23.83001108851122,31.55681172491887,-67.88009381277833
5151,23.82564091618066,31.54667454304258,-67.89678488605256
5152,23.821270217276965,31.536535313288702,-67.91347457769467
5153,23.81689899086204,31.526394037599715,-67.93016288825682
5154,23.81252723599825,31.516250717916602,-67.9468498182911
5155,23.808154951748413,31.506105356178853,-67.96353536834962
5156,23.8037821371758,31.49595795432446,-67.98021953898444
5157,23.799408791344145,31.485808514289925,-67.99690233074759
5158,23.795034913317636,31.475657038010247,-68.01358374419107
5159,23.790660502160915,31.465503527418942,-68.03026377986683
5160,23.786285556939085,31.45534798444803,-68.04694243832682
5161,23.78191007671771,31.44519041102804,-68.06361972012294
5162,23.777534060562814,31.435030809088012,-68.08029562580705
5163,23.77315750754088,31.4248691805555,-68.09697015593099
5164,23.76878041671885,31.414705527356567,-68.11364331104654
5165,23.764402787164137,31.40453985141579,-68.13031509170547
5166,23.76002461794461,31.394372154656264,-68.14698549845949
5167,23.755645908128596,31.38420243899959,-68.16365453186029
5168,23.7512666567849,31.374030706365897,-68.18032219245951
5169,23.74688686298278,31.363856958673825,-68.19698848080876
5170,23.742506525791967,31.353681197840533,-68.2136533974596
5171,23.738125644282658,31.343503425781698,-68.23031694296354
5172,23.73374421752551,31.333323644411518,-68.24697911787207
5173,23.729362244591655,31.323141855642717,-68.26363992273663
5174,23.724979724552693,31.312958061386535,-68.2802993581086
5175,23.720596656480687,31.302772263552736,-68.29695742453934
5176,23.716213039448178,31.29258446404961,-68.31361412258015
5177,23.71182887252817,31.282394664783972,-68.33026945278229
5178,23.707444154794143,31.272202867661164,-68.34692341569696
5179,23.703058885320047,31.262009074585052,-68.36357601187534
5180,23.69867306318031,31.25181328745803,-68.38022724186854
5181,23.69428668744982,31.24161550818103,-68.39687710622762
5182,23.68989975720396,31.231415738653503,-68.41352560550361
5183,23.685512271518565,31.221213980773435,-68.43017274024747
5184,23.68112422946996,31.211010236437343,-68.44681851101012
5185,23.676735630134942,31.20080450754028,-68.46346291834243
5186,23.67234647259078,31.19059679597583,-68.48010596279521
5187,23.66795675591523,31.18038710363611,-68.49674764491921
5188,23.66356647918652,31.170175432411785,-68.51338796526514
5189,23.659175641483355,31.159961784192042,-68.53002692438365
5190,23.654784241884922,31.149746160864613,-68.54666452282534
5191,23.65039227947089,31.139528564315768,-68.56330076114074
5192,23.645999753321405,31.129308996430314,-68.57993563988035
5193,23.6416066625171,31.119087459091602,-68.59656915959458
5194,23.637213006139078,31.10886395418153,-68.6132013208338
5195,23.632818783268938,31.098638483580526,-68.62983212414832
5196,23.628423992988758,31.088411049167572,-68.64646157008839
5197,23.624028634381098,31.07818165282019,-68.66308965920419
5198,23.619632706529007,31.067950296414452,-68.67971639204586
5199,23.615236208516013,31.05771698182497,-68.69634176916345
5200,23.610839139426133,31.047481710924913,-68.71296579110698
5201,23.606441498343873,31.03724448558599,-68.72958845842638
5202,23.602043284354227,31.02700530767846,-68.74620977167152
5203,23.59764449654267,31.016764179071142,-68.76282973139222
5204,23.593245133995172,31.006521101631396,-68.77944833813821
5205,23.58884519579819,30.99627607722514,-68.79606559245919
5206,23.584444681038672,30.986029107716845,-68.81268149490477
5207,23.580043588804056,30.975780194969534,-68.82929604602448
5208,23.57564191818227,30.96552934084479,-68.84590924636782
5209,23.571239668261736,30.955276547202747,-68.86252109648419
5210,23.566836838131366,30.9450218159021,-68.87913159692293
5211,23.562433426880567,30.9347651488001,-68.89574074823331
5212,23.55802943359924,30.924506547752564,-68.91234855096452
5213,23.553624857377784,30.914246014613862,-68.9289550056657
5214,23.549219697307084,30.903983551236927,-68.9455601128859
5215,23.544813952478528,30.893719159473253,-68.9621638731741
5216,23.540407621983995,30.883452841172904,-68.97876628707922
5217,23.536000704915864,30.8731845981845,-68.9953673551501
5218,23.531593200367016,30.862914432355236,-69.01196707793547
5219,23.52718510743082,30.85264234553086,-69.02856545598404
5220,23.522776425201155,30.842368339555698,-69.0451624898444
5221,23.51836715277239,30.83209241627264,-69.0617581800651
5222,23.513957289239404,30.82181457752315,-69.07835252719458
5223,23.509546833697563,30.81153482514725,-69.09494553178124
5224,23.505135785242746,30.801253160983546,-69.11153719437334
5225,23.50072414297133,30.79096958686921,-69.12812751551913
5226,23.496311905980193,30.780684104639988,-69.14471649576673
5227,23.49189907336672,30.7703967161302,-69.16130413566421
5228,23.487485644228798,30.76010742317274,-69.17789043575954
5229,23.483071617664816,30.749816227599084,-69.1944753966006
5230,23.478656992773672,30.739523131239274,-69.21105901873521
5231,23.474241768654768,30.72922813592194,-69.2276413027111
5232,23.469825944408008,30.718931243474284,-69.24422224907592
5233,23.46540951913381,30.708632455722093,-69.26080185837722
5234,23.460992491933098,30.69833177448973,-69.27738013116247
5235,23.4565748619073,30.68802920160015,-69.29395706797906
5236,23.452156628158352,30.677724738874872,-69.3105326693743
5237,23.447737789788707,30.667418388134017,-69.32710693589539
5238,23.44331834590132,30.65711015119628,-69.34367986808945
5239,23.438898295599664,30.64680002987895,-69.36025146650354
5240,23.434477637987715,30.636488025997892,-69.3768217316846
5241,23.430056372169965,30.626174141367567,-69.39339066417948
5242,23.425634497251416,30.615858377801022,-69.40995826453495
5243,23.421212012337584,30.605540737109894,-69.4265245332977
5244,23.4167889165345,30.59522122110441,-69.44308947101429
5245,23.41236520894871,30.58489983159339,-69.45965307823123
5246,23.407940888687268,30.57457657038424,-69.47621535549492
5247,23.40351595485775,30.564251439282973,-69.49277630335165
5248,23.399090406568245,30.553924440094182,-69.50933592234765
5249,23.39466424292736,30.54359557462106,-69.52589421302902
5250,23.390237463044212,30.533264844665403,-69.54245117594179
5251,23.385810066028444,30.522932252027594,-69.5590068116319
5252,23.38138205099022,30.512597798506622,-69.57556112064518
5253,23.376953417040205,30.50226148590007,-69.59211410352734
5254,23.372524163289604,30.49192331600413,-69.60866576082401
5255,23.36809428885013,30.48158329061358,-69.62521609308075
5256,23.36366379283402,30.471241411521817,-69.64176510084299
5257,23.359232674354033,30.460897680520826,-69.65831278465606
5258,23.354800932523442,30.45055209940121,-69.6748591450652
5259,23.35036856645605,30.440204669952166,-69.69140418261554
5260,23.345935575266186,30.429855393961503,-69.70794789785214
5261,23.34150195806869,30.419504273215633,-69.7244902913199
5262,23.337067713978936,30.40915130949958,-69.74103136356366
5263,23.332632842112815,30.398796504596977,-69.75757111512816
5264,23.32819734158675,30.38843986029006,-69.77410954655801
5265,23.323761211517688,30.37808137835968,-69.79064665839773
5266,23.319324451023096,30.367721060585307,-69.80718245119174
5267,23.314887059220972,30.357358908745013,-69.82371692548433
5268,23.310449035229844,30.346994924615487,-69.84025008181973
5269,23.30601037816876,30.336629109972037,-69.85678192074202
5270,23.301571087157306,30.32626146658858,-69.87331244279518
5271,23.29713116131559,30.315891996237653,-69.8898416485231
5272,23.29269059976425,30.305520700690412,-69.90636953846955
5273,23.288249401624455,30.29514758171663,-69.92289611317818
5274,23.283807566017906,30.2847726410847,-69.93942137319256
5275,23.279365092066833,30.274395880561634,-69.95594531905613
5276,23.274921978893996,30.264017301913068,-69.97246795131221
5277,23.27047822562269,30.253636906903253,-69.98898927050402
5278,23.266033831376742,30.243254697295075,-70.00550927717468
5279,23.26158879528051,30.232870674850037,-70.02202797186717
5280,23.257143116458888,30.222484841328267,-70.03854535512438
5281,23.252696794037305,30.21209719848852,-70.0550614274891
5282,23.248249827141724,30.201707748088182,-70.07157618950394
5283,23.24380221489864,30.19131649188326,-70.08808964171148
5284,23.23935395643509,30.180923431628397,-70.10460178465412
5285,23.23490505087864,30.17052856907686,-70.12111261887418
5286,23.2304554973574,30.160131905980556,-70.13762214491385
5287,23.226005295000014,30.149733444090014,-70.1541303633152
5288,23.221554442935663,30.139333185154403,-70.17063727462019
5289,23.217102940294065,30.12893113092152,-70.18714287937067
5290,23.212650786205483,30.118527283137798,-70.20364717810834
5291,23.208197979800715,30.108121643548312,-70.22015017137483
5292,23.2037445202111,30.09771421389677,-70.23665185971159
5293,23.199290406568515,30.08730499592551,-70.25315224366
5294,23.194835638005387,30.076893991375524,-70.2696513237613
5295,23.190380213654674,30.06648120198643,-70.2861491005566
5296,23.18592413264988,30.05606662949649,-70.3026455745869
5297,23.181467394125054,30.045650275642615,-70.31914074639309
5298,23.177009997214782,30.03523214216035,-70.3356346165159
5299,23.172551941054202,30.024812230783887,-70.35212718549599
5300,23.16809322477899,30.014390543246062,-70.36861845387384
5301,23.163633847525368,30.003967081278354,-70.38510842218983
5302,23.159173808430104,29.993541846610892,-70.40159709098421
5303,23.154713106630513,29.98311484097245,-70.41808446079713
5304,23.150251741264455,29.972686066090453,-70.43457053216858
5305,23.145789711470332,29.96225552369097,-70.45105530563843
5306,23.141327016387102,29.951823215498724,-70.46753878174644
5307,23.13686365515426,29.941389143237085,-70.48402096103223
5308,23.132399626911862,29.93095330862808,-70.50050184403528
5309,23.127934930800503,29.92051571339239,-70.51698143129497
5310,23.12346956596133,29.910076359249345,-70.53345972335052
5311,23.119003531536038,29.89963524791693,-70.54993672074104
5312,23.11453682666687,29.88919238111179,-70.56641242400552
5313,23.11006945049663,29.878747760549224,-70.58288683368279
5314,23.105601402168666,29.868301387943188,-70.59935995031157
5315,23.101132680826876,29.857853265006298,-70.61583177443042
5316,23.096663285615712,29.84740339344983,-70.63230230657781
5317,23.09219321568018,29.83695177498372,-70.64877154729206
5318,23.087722470165836,29.826498411316564,-70.66523949711133
5319,23.08325104821879,29.81604330415562,-70.68170615657367
5320,23.07877894898571,29.805586455206814,-70.69817152621701
5321,23.074306171613816,29.795127866174735,-70.71463560657911
5322,23.069832715250882,29.784667538762633,-70.73109839819763
5323,23.06535857904524,29.77420547467243,-70.74755990161007
5324,23.06088376214577,29.763741675604713,-70.76402011735381
5325,23.056408263701922,29.75327614325873,-70.78047904596606
5326,23.05193208286369,29.74280887933241,-70.79693668798393
5327,23.047455218781632,29.732339885522347,-70.81339304394439
5328,23.042977670606867,29.721869163523802,-70.82984811438423
5329,23.038499437491062,29.711396715030713,-70.84630189984017
5330,23.034020518586452,29.70092254173569,-70.86275440084873
5331,23.029540913045825,29.690446645330013,-70.87920561794631
5332,23.025060620022533,29.679969027503642,-70.89565555166918
5333,23.020579638670487,29.669489689945213,-70.91210420255346
5334,23.01609796814416,29.65900863434203,-70.92855157113513
5335,23.01161560759858,29.648525862380087,-70.94499765795003
5336,23.00713255618934,29.638041375744045,-70.96144246353384
5337,23.002648813072604,29.627555176117255,-70.97788598842213
5338,22.998164377405082,29.61706726518174,-70.9943282331503
5339,22.99367924834406,29.606577644618206,-71.01076919825363
5340,22.98919342504738,29.596086316106046,-71.02720888426722
5341,22.98470690667345,29.58559328132333,-71.04364729172607
5342,22.980219692381244,29.575098541946815,-71.060084421165
5343,22.9757317813303,29.564602099651946,-71.0765202731187
5344,22.97124317268072,29.554103956112847,-71.0929548481217
5345,22.96675386559317,29.54360411300234,-71.10938814670843
5346,22.962263859228884,29.53310257199192,-71.12582016941309
5347,22.957773152749663,29.52259933475178,-71.14225091676981
5348,22.953281745317874,29.512094402950808,-71.15868038931254
5349,22.948789636096453,29.50158777825657,-71.17510858757507
5350,22.9442968242489,29.491079462335335,-71.19153551209105
5351,22.93980330893929,29.48056945685206,-71.207961163394
5352,22.935309089332257,29.47005776347039,-71.22438554201727
5353,22.930814164593013,29.459544383852673,-71.24080864849408
5354,22.926318533887336,29.44902931965995,-71.25723048335747
5355,22.921822196381573,29.438512572551954,-71.27365104714035
5356,22.917325151242643,29.42799414418712,-71.29007034037546
5357,22.912827397638033,29.417474036222583,-71.30648836359542
5358,22.908328934735806,29.40695225031417,-71.32290511733267
5359,22.903829761704593,29.396428788116413,-71.3393206021195
5360,22.899329877713598,29.385903651282547,-71.35573481848806
5361,22.894829281932598,29.375376841464504,-71.37214776697033
5362,22.890327973531942,29.364848360312923,-71.38855944809815
5363,22.885825951682556,29.354318209477142,-71.40496986240319
5364,22.881323215555934,29.34378639060521,-71.42137901041698
5365,22.87681976432415,29.333252905343876,-71.4377868926709
5366,22.872315597159847,29.322717755338598,-71.45419350969615
5367,22.86781071323625,29.31218094223354,-71.47059886202379
5368,22.86330511172715,29.301642467671577,-71.48700295018473
5369,22.858798791806922,29.291102333294294,-71.5034057747097
5370,22.854291752650514,29.280560540741984,-71.51980733612929
5371,22.84978399343345,29.27001709165365,-71.53620763497392
5372,22.84527551333184,29.25947198766701,-71.55260667177386
5373,22.84076631152235,29.248925230418493,-71.56900444705923
5374,22.83625638718225,29.23837682154325,-71.58540096135997
5375,22.83174573948937,29.22782676267513,-71.60179621520587
5376,22.82723436762213,29.217275055446713,-71.61819020912657
5377,22.822722270759517,29.206721701489293,-71.63458294365152
5378,22.818209448081106,29.196166702432876,-71.65097441931005
5379,22.813695898767055,29.185610059906193,-71.66736463663129
5380,22.809181621998093,29.17505177553669,-71.68375359614424
5381,22.804666616955537,29.164491850950537,-71.70014129837772
5382,22.80015088282128,29.153930287772624,-71.71652774386038
5383,22.795634418777805,29.14336708762656,-71.73291293312073
5384,22.79111722400817,29.132802252134688,-71.74929686668709
5385,22.78659929769601,29.12223578291806,-71.76567954508764
5386,22.78208063902556,29.111667681596465,-71.78206096885037
5387,22.777561247181616,29.101097949788414,-71.79844113850315
5388,22.773041121349575,29.090526589111143,-71.81482005457363
5389,22.76852026071541,29.07995360118062,-71.83119771758933
5390,22.763998664465678,29.069378987611536,-71.8475741280776
5391,22.75947633178753,29.05880275001732,-71.8639492865656
5392,22.754953261868685,29.048224890010125,-71.88032319358035
5393,22.750429453897464,29.03764540920084,-71.8966958496487
5394,22.745904907062762,29.027064309199083,-71.9130672552973
5395,22.741379620554067,29.016481591613207,-71.9294374110527
5396,22.736853593561452,29.005897258050297,-71.94580631744121
5397,22.732326825275578,28.99531131011618,-71.96217397498901
5398,22.72779931488769,28.98472374941541,-71.9785403842221
5399,22.72327106158962,28.974134577551283,-71.99490554566631
5400,22.718742064573796,28.963543796125837,-72.01126945984731
5401,22.714212323033223,28.952951406739842,-72.0276321272906
5402,22.709681836161504,28.942357410992813,-72.04399354852148
5403,22.705150603152827,28.931761810483,-72.06035372406512
5404,22.70061862320197,28.921164606807398,-72.0767126544465
5405,22.6960858955043,28.91056580156175,-72.09307034019041
5406,22.69155241925578,28.89996539634053,-72.10942678182148
5407,22.687018193652953,28.889363392736968,-72.1257819798642
5408,22.682483217892965,28.878759792343036,-72.14213593484284
5409,22.677947491173544,28.86815459674945,-72.15848864728153
5410,22.673411012693013,28.85754780754567,-72.1748401177042
5411,22.668873781650287,28.846939426319917,-72.19119034663464
5412,22.664335797244874,28.836329454659147,-72.20753933459642
5413,22.659797058676876,28.825717894149072,-72.22388708211297
5414,22.655257565146986,28.815104746374157,-72.24023358970753
5415,22.65071731585649,28.80449001291761,-72.25657885790318
5416,22.646176310007267,28.793873695361405,-72.2729228872228
5417,22.641634546801793,28.78325579528626,-72.28926567818911
5418,22.63709202544314,28.772636314271647,-72.30560723132466
5419,22.63254874513497,28.7620152538958,-72.3219475471518
5420,22.62800470508154,28.751392615735703,-72.33828662619271
5421,22.62345990448771,28.740768401367102,-72.35462446896942
5422,22.61891434255893,28.7301426123645,-72.37096107600375
5423,22.61436801850125,28.719515250301153,-72.38729644781735
5424,22.609820931521305,28.708886316749087,-72.40363058493169
5425,22.605273080826343,28.69825581327908,-72.41996348786807
5426,22.600724465624204,28.687623741460676,-72.4362951571476
5427,22.596175085123317,28.67699010286218,-72.4526255932912
5428,22.59162493853272,28.666354899050667,-72.46895479681966
5429,22.587074025062044,28.655718131591964,-72.48528276825353
5430,22.58252234392152,28.645079802050674,-72.50160950811319
5431,22.577969894321978,28.634439911990164,-72.51793501691887
5432,22.573416675474846,28.623798462972562,-72.5342592951906
5433,22.56886268659215,28.613155456558776,-72.55058234344821
5434,22.564307926886524,28.60251089430847,-72.56690416221139
5435,22.55975239557119,28.591864777780085,-72.58322475199961
5436,22.555196091859983,28.581217108530833,-72.59954411333217
5437,22.55063901496733,28.570567888116695,-72.61586224672818
5438,22.546081164108266,28.55991711809243,-72.63217915270658
5439,22.54152253849842,28.54926480001156,-72.64849483178612
5440,22.53696313735403,28.53861093542639,-72.66480928448537
5441,22.53240295989193,28.527955525888004,-72.6811225113227
5442,22.52784200532956,28.51729857294625,-72.69743451281632
5443,22.523280272884964,28.506640078149758,-72.71374528948421
5444,22.518717761776788,28.49598004304594,-72.73005484184422
5445,22.51415447122428,28.485318469180985,-72.74636317041399
5446,22.509590400447294,28.47465535809986,-72.76267027571095
5447,22.505025548666286,28.463990711346312,-72.77897615825238
5448,22.50045991510232,28.453324530462876,-72.79528081855536
5449,22.495893498977058,28.442656816990862,-72.81158425713676
5450,22.491326299512775,28.431987572470366,-72.8278864745133
5451,22.486758315932345,28.42131679844027,-72.84418747120151
5452,22.482189547459253,28.410644496438238,-72.86048724771769
5453,22.477619993317585,28.39997066800072,-72.87678580457798
5454,22.473049652732037,28.389295314662956,-72.89308314229834
5455,22.468478524927907,28.378618437958973,-72.90937926139453
5456,22.463906609131104,28.367940039421587,-72.92567416238212
5457,22.459333904568147,28.357260120582403,-72.9419678457765
5458,22.454760410466154,28.346578682971813,-72.95826031209285
5459,22.450186126052856,28.335895728119006,-72.97455156184616
5460,22.445611050556593,28.325211257551963,-72.99084159555125
5461,22.441035183206314,28.314525272797454,-73.00713041372273
5462,22.43645852323157,28.303837775381044,-73.02341801687506
5463,22.431881069862524,28.2931487668271,-73.03970440552244
5464,22.427302822329953,28.28245824865877,-73.05598958017893
5465,22.42272377986524,28.271766222398014,-73.07227354135837
5466,22.41814394170038,28.261072689565584,-73.08855628957443
5467,22.41356330706797,28.250377651681028,-73.10483782534057
5468,22.408981875201228,28.239681110262698,-73.12111814917006
5469,22.404399645333974,28.22898306682774,-73.13739726157597
5470,22.399816616700647,28.21828352289211,-73.1536751630712
5471,22.395232788536294,28.20758247997056,-73.16995185416843
5472,22.39064816007657,28.196879939576647,-73.18622733538017
5473,22.386062730557743,28.186175903222725,-73.20250160721871
5474,22.3814764992167,28.175470372419962,-73.21877467019617
5475,22.37688946529093,28.16476334867833,-73.23504652482444
5476,22.37230162801854,28.154054833506606,-73.25131717161526
5477,22.367712986638253,28.143344828412374,-73.26758661108013
5478,22.3631235403894,28.132633334902025,-73.28385484373038
5479,22.358533288511925,28.12192035448076,-73.30012187007713
5480,22.353942230246393,28.111205888652595,-73.31638769063133
5481,22.349350364833974,28.100489938920347,-73.33265230590371
5482,22.344757691516456,28.089772506785657,-73.34891571640479
5483,22.340164209536244,28.079053593748966,-73.36517792264492
5484,22.335569918136354,28.06833320130954,-73.38143892513423
5485,22.33097481656042,28.05761133096545,-73.39769872438268
5486,22.326378904052692,28.04688798421359,-73.4139573209
5487,22.32178217985803,28.036163162549666,-73.43021471519573
5488,22.317184643221914,28.0254368674682,-73.44647090777923
5489,22.312586293390442,28.014709100462536,-73.46272589915964
5490,22.307987129610325,28.00397986302483,-73.4789796898459
5491,22.303387151128888,27.99324915664607,-73.49523228034677
5492,22.298786357194082,27.98251698281605,-73.5114836711708
5493,22.294184747054466,27.971783343023397,-73.52773386282631
5494,22.289582319959223,27.961048238755552,-73.54398285582148
5495,22.28497907515815,27.950311671498785,-73.56023065066424
5496,22.280375011901665,27.93957364273819,-73.57647724786233
5497,22.275770129440797,27.92883415395768,-73.59272264792331
5498,22.271164427027202,27.918093206640002,-73.60896685135451
5499,22.26655790391315,27.907350802266723,-73.62520985866307
5500,22.26195055935153,27.896606942318243,-73.64145167035592
5501,22.257342392595852,27.885861628273783,-73.65769228693979
5502,22.252733402900247,27.875114861611404,-73.67393170892123
5503,22.248123589519462,27.864366643807987,-73.69016993680656
5504,22.243512951708865,27.85361697633925,-73.7064069711019
5505,22.238901488724444,27.84286586067974,-73.72264281231318
5506,22.234289199822808,27.83211329830284,-73.73887746094611
5507,22.229676084261186,27.82135929068076,-73.75511091750622
5508,22.22506214129743,27.810603839284557,-73.7713431824988
5509,22.22044737019001,27.79984694558411,-73.78757425642895
5510,22.21583177019802,27.789088611048143,-73.8038041398016
5511,22.211215340581173,27.778328837144212,-73.82003283312142
5512,22.206598080599807,27.767567625338714,-73.83626033689289
5513,22.20197998951488,27.756804977096884,-73.85248665162032
5514,22.19736106658797,27.746040893882796,-73.86871177780777
5515,22.19274131108128,27.73527537715937,-73.88493571595913
5516,22.18812072225764,27.724508428388354,-73.90115846657805
5517,22.183499299380497,27.713740049030356,-73.91738003016799
5518,22.17887704171392,27.702970240544815,-73.9336004072322
5519,22.17425394852261,27.69219900439002,-73.94981959827373
5520,22.16963001907188,27.6814263420231,-73.96603760379543
5521,22.16500525262768,27.670652254900034,-73.98225442429991
5522,22.16037964845657,27.659876744475646,-73.9984700602896
5523,22.155753205825746,27.649099812203605,-74.01468451226671
5524,22.151125924003022,27.638321459536435,-74.03089778073326
5525,22.14649780225684,27.627541687925504,-74.04710986619102
5526,22.141868839856265,27.61676049882103,-74.06332076914161
5527,22.137239036070987,27.605977893672083,-74.0795304900864
5528,22.132608390171324,27.59519387392659,-74.09573902952654
5529,22.12797690142822,27.58440844103132,-74.11194638796302
5530,22.12334456911324,27.573621596431906,-74.12815256589657
5531,22.118711392498575,27.562833341572826,-74.14435756382774
5532,22.11407737085705,27.552043677897423,-74.16056138225686
5533,22.10944250346211,27.541252606847888,-74.17676402168405
5534,22.104806789587826,27.530460129865272,-74.19296548260922
5535,22.100170228508905,27.519666248389488,-74.20916576553209
5536,22.09553281950067,27.508870963859298,-74.22536487095212
5537,22.09089456183907,27.498074277712334,-74.2415627993686
5538,22.0862554548007,27.48727619138508,-74.25775955128059
5539,22.08161549766276,27.47647670631289,-74.27395512718695
5540,22.07697468970309,27.46567582392997,-74.29014952758632
5541,22.072333030200156,27.454873545669397,-74.30634275297713
5542,22.067690518433054,27.44406987296311,-74.3225348038576
5543,22.063047153681506,27.433264807241905,-74.33872568072572
5544,22.058402935225864,27.422458349935457,-74.35491538407929
5545,22.05375786234711,27.4116505024723,-74.3711039144159
5546,22.04911193432685,27.40084126627983,-74.3872912722329
5547,22.044465150447323,27.39003064278432,-74.40347745802745
5548,22.039817509991398,27.37921863341091,-74.4196624722965
5549,22.035169012242573,27.36840523958361,-74.43584631553675
5550,22.030519656484977,27.35759046272529,-74.45202898824473
5551,22.02586944200337,27.34677430425771,-74.46821049091673
5552,22.021218368083137,27.335956765601487,-74.48439082404883
5553,22.016566434010297,27.32513784817612,-74.5005699881369
5554,22.0119136390715,27.314317553399977,-74.5167479836766
5555,22.00725998255403,27.303495882690303,-74.53292481116334
5556,22.00260546374579,27.29267283746322,-74.54910047109236
5557,21.99795008193533,27.28184841913372,-74.56527496395867
5558,21.99329383641182,27.271022629115684,-74.58144829025706
5559,21.988636726465064,27.260195468821863,-74.5976204504821
5560,21.983978751385504,27.249366939663883,-74.61379144512814
5561,21.979319910464206,27.23853704305226,-74.62996127468934
5562,21.974660202992872,27.227705780396388,-74.6461299396596
5563,21.969999628263835,27.216873153104537,-74.66229744053265
5564,21.96533818557006,27.206039162583867,-74.67846377780198
5565,21.960675874205148,27.195203810240415,-74.69462895196085
5566,21.95601269346333,27.184367097479104,-74.71079296350233
5567,21.951348642639466,27.173529025703743,-74.72695581291924
5568,21.946683721029057,27.16268959631703,-74.74311750070423
5569,21.942017927928234,27.15184881072054,-74.7592780273497
5570,21.937351262633758,27.141006670314745,-74.77543739334781
5571,21.93268372444303,27.130163176499003,-74.79159559919056
5572,21.928015312654082,27.119318330671558,-74.80775264536967
5573,21.92334602656558,27.108472134229544,-74.82390853237669
5574,21.918675865476818,27.09762458856899,-74.84006326070292
5575,21.914004828687737,27.086775695084818,-74.85621683083946
5576,21.9093329154989,27.075925455170832,-74.87236924327718
5577,21.904660125211514,27.06507387021974,-74.88852049850672
5578,21.899986457127415,27.054220941623143,-74.90467059701854
5579,21.89531191054908,27.04336667077153,-74.92081953930284
5580,21.890636484779613,27.03251105905429,-74.93696732584961
5581,21.88596017912276,27.02165410785971,-74.95311395714863
5582,21.881282992882895,27.010795818574977,-74.96925943368946
5583,21.876604925365037,26.999936192586166,-74.98540375596143
5584,21.871925975874834,26.989075231278264,-75.00154692445365
5585,21.867246143718575,26.97821293603515,-75.017688939655
5586,21.86256542820318,26.9673493082396,-75.03382980205417
5587,21.857883828636204,26.956484349273307,-75.04996951213961
5588,21.853201344325846,26.94561806051685,-75.06610807039954
5589,21.848517974580936,26.934750443349717,-75.08224547732196
5590,21.843833718710943,26.923881499150305,-75.09838173339466
5591,21.83914857602597,26.91301122929591,-75.1145168391052
5592,21.834462545836757,26.902139635162737,-75.13065079494095
5593,21.829775627454683,26.891266718125895,-75.14678360138899
5594,21.825087820191765,26.880392479559404,-75.16291525893622
5595,21.820399123360655,26.869516920836187,-75.17904576806934
5596,21.815709536274646,26.858640043328084,-75.19517512927479
5597,21.811019058247663,26.847761848405835,-75.21130334303878
5598,21.806327688594276,26.8368823374391,-75.22743040984733
5599,21.801635426629687,26.826001511796445,-75.24355633018622
5600,21.796942271669735,26.81511937284535,-75.25968110454102
5601,21.792248223030906,26.804235921952202,-75.27580473339704
5602,21.787553280030316,26.793351160482317,-75.2919272172394
5603,21.78285744198572,26.782465089799913,-75.308048556553
5604,21.778160708215513,26.771577711268126,-75.3241687518225
5605,21.773463078038734,26.76068902624901,-75.34028780353233
5606,21.768764550775053,26.749799036103543,-75.35640571216672
5607,21.764065125744786,26.738907742191607,-75.37252247820965
5608,21.75936480226888,26.72801514587201,-75.38863810214488
5609,21.75466357966893,26.717121248502487,-75.40475258445595
5610,21.74996145726716,26.70622605143968,-75.42086592562619
5611,21.74525843438644,26.69532955603916,-75.43697812613867
5612,21.740554510350282,26.68443176365542,-75.45308918647628
5613,21.735849684482837,26.67353267564188,-75.46919910712164
5614,21.73114395610889,26.66263229335087,-75.48530788855717
5615,21.726437324553874,26.651730618133662,-75.50141553126507
5616,21.721729789143854,26.64082765134044,-75.51752203572728
5617,21.71702134920554,26.629923394320322,-75.53362740242555
5618,21.712312004066284,26.61901784842135,-75.5497316318414
5619,21.70760175305407,26.608111014990495,-75.5658347244561
5620,21.702890595497536,26.597202895373655,-75.58193668075072
5621,21.698178530725947,26.58629349091566,-75.59803750120608
5622,21.693465558069217,26.57538280296027,-75.61413718630278
5623,21.6887516768579,26.564470832850173,-75.63023573652121
5624,21.68403688642319,26.55355758192699,-75.64633315234153
5625,21.67932118609692,26.542643051531282,-75.66242943424363
5626,21.67460457521157,26.531727243002532,-75.67852458270724
5627,21.669887053100258,26.520810157679165,-75.6946185982118
5628,21.66516861909674,26.509891796898536,-75.71071148123657
5629,21.660449272535416,26.498972161996942,-75.72680323226056
5630,21.655729012751333,26.488051254309614,-75.74289385176256
5631,21.651007839080176,26.47712907517072,-75.75898334022112
5632,21.64628575085827,26.466205625913368,-75.77507169811457
5633,21.64156274742258,26.455280907869604,-75.79115892592102
5634,21.63683882811072,26.44435492237041,-75.80724502411833
5635,21.632113992260937,26.433427670745722,-75.82332999318416
5636,21.627388239212134,26.422499154324402,-75.83941383359591
5637,21.622661568303844,26.411569374434265,-75.85549654583077
5638,21.61793397887625,26.40063833240206,-75.8715781303657
5639,21.61320547027017,26.38970602955349,-75.88765858767744
5640,21.608476041827075,26.3787724672132,-75.90373791824247
5641,21.603745692889067,26.36783764670477,-75.91981612253707
5642,21.599014422798902,26.356901569350747,-75.93589320103729
5643,21.59428223089997,26.345964236472607,-75.95196915421893
5644,21.589549116536315,26.335025649390783,-75.96804398255757
5645,21.58481507905261,26.324085809424652,-75.98411768652858
5646,21.580080117794182,26.313144717892545,-76.00019026660706
5647,21.575344232106996,26.30220237611174,-76.01626172326792
5648,21.570607421337662,26.291258785398472,-76.03233205698581
5649,21.565869684833437,26.28031394706792,-76.04840126823517
5650,21.561131021942217,26.269367862434223,-76.0644693574902
5651,21.556391432012543,26.25842053281047,-76.08053632522487
5652,21.551650914393598,26.2474719595087,-76.09660217191292
5653,21.546909468435214,26.23652214383992,-76.11266689802785
5654,21.542167093487862,26.22557108711408,-76.12873050404296
5655,21.53742378890266,26.214618790640092,-76.14479299043128
5656,21.532679554031372,26.203665255725827,-76.16085435766564
5657,21.5279343882264,26.192710483678113,-76.17691460621862
5658,21.52318829084079,26.181754475802737,-76.19297373656256
5659,21.51844126122824,26.170797233404446,-76.20903174916961
5660,21.51369329874309,26.159838757786947,-76.22508864451164
5661,21.50894440274032,26.148879050252912,-76.24114442306032
5662,21.504194572575557,26.13791811210397,-76.25719908528708
5663,21.499443807605072,26.12695594464072,-76.27325263166311
5664,21.494692107185784,26.115992549162716,-76.28930506265938
5665,21.489939470675257,26.105027926968482,-76.30535637874661
5666,21.48518589743169,26.09406207935551,-76.32140658039532
5667,21.480431386813944,26.083095007620255,-76.33745566807576
5668,21.47567593818151,26.07212671305814,-76.35350364225798
5669,21.47091955089453,26.061157196963553,-76.36955050341176
5670,21.466162224313788,26.050186460629856,-76.38559625200669
5671,21.46140395780072,26.039214505349374,-76.4016408885121
5672,21.456644750717402,26.02824133241341,-76.41768441339711
5673,21.451884602426556,26.01726694311223,-76.43372682713057
5674,21.44712351229155,26.00629133873508,-76.44976813018113
5675,21.4423614796764,25.995314520570165,-76.4658083230172
5676,21.43759850394576,25.98433648990468,-76.48184740610694
5677,21.43283458446494,25.97335724802479,-76.4978853799183
5678,21.428069720599883,25.962376796215626,-76.51392224491899
5679,21.42330391171719,25.9513951357613,-76.52995800157647
5680,21.418537157184105,25.9404122679449,-76.54599265035799
5681,21.41376945636851,25.929428194048494,-76.56202619173054
5682,21.40900080863894,25.91844291535313,-76.57805862616091
5683,21.404231213364575,25.907456433138822,-76.59408995411563
5684,21.399460669915243,25.89646874868458,-76.610120176061
5685,21.394689177661412,25.885479863268383,-76.6261492924631
5686,21.3899167359742,25.874489778167195,-76.64217730378776
5687,21.38514334422537,25.863498494656966,-76.65820421050059
5688,21.380369001787333,25.85250601401262,-76.67423001306693
5689,21.375593708033144,25.84151233750807,-76.69025471195195
5690,21.370817462336507,25.830517466416214,-76.70627830762052
5691,21.36604026407177,25.819521402008935,-76.72230080053733
5692,21.36126211261393,25.808524145557097,-76.73832219116679
5693,21.35648300733862,25.797525698330553,-76.75434247997309
5694,21.351702947622137,25.786526061598146,-76.7703616674202
5695,21.34692193284141,25.775525236627704,-76.78637975397186
5696,21.342139962374027,25.764523224686048,-76.80239674009152
5697,21.33735703559821,25.753520027038984,-76.81841262624248
5698,21.332573151892834,25.74251564495131,-76.83442741288772
5699,21.327788310637423,25.731510079686817,-76.85044110049006
5700,21.32300251121214,25.720503332508287,-76.86645368951203
5701,21.318215752997805,25.70949540467749,-76.88246518041593
5702,21.313428035375875,25.6984862974552,-76.89847557366387
5703,21.30863935772846,25.687476012101175,-76.91448486971768
5704,21.303849719438315,25.676464549874172,-76.93049306903896
5705,21.29905911988884,25.665451912031944,-76.94650017208909
5706,21.29426755846409,25.654438099831243,-76.9625061793292
5707,21.28947503454875,25.643423114527813,-76.9785110912202
5708,21.284681547528173,25.6324069573764,-76.99451490822274
5709,21.279887096788343,25.621389629630748,-77.01051763079727
5710,21.2750916817159,25.6103711325436,-77.02651925940395
5711,21.270295301698127,25.599351467366706,-77.04251979450277
5712,21.265497956122957,25.588330635350804,-77.05851923655342
5713,21.260699644378967,25.57730863774564,-77.0745175860154
5714,21.255900365855382,25.56628547579997,-77.09051484334796
5715,21.251100119942077,25.55526115076154,-77.1065110090101
5716,21.24629890602957,25.544235663877114,-77.12250608346062
5717,21.241496723509027,25.53320901639245,-77.13850006715803
5718,21.236693571772264,25.52218120955232,-77.15449296056065
5719,21.231889450211746,25.511152244600495,-77.17048476412653
5720,21.227084358220576,25.50012212277976,-77.1864754783135
5721,21.222278295192517,25.489090845331905,-77.20246510357916
5722,21.217471260521968,25.478058413497724,-77.21845364038086
5723,21.21266325360398,25.46702482851703,-77.2344410891757
5724,21.207854273834258,25.45599009162864,-77.25042745042059
5725,21.20304432060914,25.44495420407038,-77.26641272457216
5726,21.198233393325626,25.433917167079098,-77.28239691208682
5727,21.193421491381354,25.422878981890648,-77.29838001342074
5728,21.188608614174612,25.411839649739893,-77.31436202902984
5729,21.183794761104338,25.400799171860715,-77.33034295936982
5730,21.17897993157011,25.38975754948601,-77.34632280489615
5731,21.174164124972165,25.37871478384769,-77.36230156606403
5732,21.16934734071138,25.36767087617669,-77.37827924332846
5733,21.164529578189278,25.356625827702945,-77.39425583714419
5734,21.159710836808035,25.345579639655423,-77.4102313479657
5735,21.15489111597047,25.334532313262105,-77.42620577624729
5736,21.150070415080055,25.32348384974999,-77.44217912244297
5737,21.145248733540903,25.312434250345103,-77.45815138700654
5738,21.14042607075778,25.301383516272484,-77.47412257039156
5739,21.135602426136092,25.290331648756194,-77.49009267305135
5740,21.130777799081905,25.27927864901932,-77.50606169543899
5741,21.125952189001918,25.268224518283976,-77.52202963800733
5742,21.12112559530349,25.257169257771288,-77.53799650120895
5743,21.11629801739462,25.246112868701417,-77.55396228549624
5744,21.111469454683956,25.235055352293543,-77.56992699132132
5745,21.106639906580796,25.223996709765878,-77.5858906191361
5746,21.101809372495087,25.212936942335652,-77.6018531693922
5747,21.096977851837416,25.201876051219134,-77.61781464254106
5748,21.092145344019023,25.19081403763161,-77.63377503903385
5749,21.087311848451797,25.179750902787408,-77.64973435932151
5750,21.08247736454827,25.168686647899868,-77.66569260385474
5751,21.077641891721626,25.157621274181377,-77.68164977308399
5752,21.072805429385692,25.146554782843346,-77.6976058674595
5753,21.067967976954947,25.13548717509622,-77.71356088743124
5754,21.063129533844513,25.124418452149474,-77.72951483344896
5755,21.058290099470163,25.113348615211617,-77.74546770596217
5756,21.053449673248316,25.102277665490195,-77.76141950542014
5757,21.04860825459604,25.09120560419179,-77.77737023227189
5758,21.043765842931048,25.08013243252201,-77.79331988696623
5759,21.038922437671705,25.069058151685514,-77.8092684699517
5760,21.034078038237016,25.057982762885985,-77.82521598167662
5761,21.02923264404664,25.04690626732615,-77.84116242258905
5762,21.02438625452088,25.03582866620778,-77.85710779313685
5763,21.01953886908069,25.024749960731675,-77.8730520937676
5764,21.014690487147668,25.01367015209768,-77.88899532492866
5765,21.00984110814406,25.002589241504683,-77.90493748706716
5766,21.004990731492754,24.99150723015061,-77.92087858062996
5767,21.0001393566173,24.980424119232428,-77.93681860606372
5768,20.99528698294188,24.96933990994615,-77.95275756381484
5769,20.990433609891333,24.958254603486836,-77.96869545432948
5770,20.98557923689114,24.947168201048584,-77.98463227805357
5771,20.980723863367434,24.93608070382454,-78.00056803543279
5772,20.97586748874699,24.9249921130069,-78.01650272691259
5773,20.97101011245723,24.9139024297869,-78.03243635293818
5774,20.966151733926228,24.902811655354828,-78.04836891395452
5775,20.961292352582703,24.891719790900016,-78.06430041040633
5776,20.95643196785602,24.880626837610848,-78.08023084273812
5777,20.95157057917619,24.869532796674758,-78.09616021139412
5778,20.946708185973883,24.85843766927823,-78.11208851681836
5779,20.941844787680395,24.8473414566068,-78.1280157594546
5780,20.936980383727686,24.836244159845048,-78.14394193974637
5781,20.932114973548355,24.82514578017662,-78.15986705813697
5782,20.92724855657565,24.814046318784204,-78.17579111506944
5783,20.922381132243462,24.802945776849548,-78.19171411098662
5784,20.91751269998634,24.791844155553452,-78.20763604633106
5785,20.91264325923947,24.780741456075773,-78.22355692154511
5786,20.907772809438686,24.769637679595427,-78.23947673707086
5787,20.90290135002047,24.758532827290377,-78.25539549335015
5788,20.898028880421954,24.747426900337654,-78.27131319082461
5789,20.89315540008091,24.73631989991334,-78.28722982993563
5790,20.888280908435764,24.725211827192584,-78.30314541112432
5791,20.883405404925583,24.714102683349587,-78.3190599348316
5792,20.878528888990083,24.702992469557614,-78.33497340149812
5793,20.873651360069626,24.69188118698899,-78.35088581156428
5794,20.86877281760522,24.680768836815105,-78.36679716547029
5795,20.86389326103852,24.66965542020641,-78.38270746365606
5796,20.859012689811827,24.65854093833242,-78.39861670656131
5797,20.85413110336809,24.647425392361708,-78.41452489462549
5798,20.849248501150903,24.63630878346192,-78.43043202828781
5799,20.844364882604506,24.625191112799765,-78.44633810798727
5800,20.839480247173785,24.614072381541014,-78.4622431341626
5801,20.834594594304274,24.60295259085051,-78.4781471072523
5802,20.82970792344215,24.591831741892165,-78.49405002769463
5803,20.82482023403424,24.580709835828955,-78.5099518959276
5804,20.819931525528016,24.569586873822924,-78.52585271238901
5805,20.81504179737159,24.55846285703519,-78.5417524775164
5806,20.810151049013733,24.547337786625945,-78.55765119174706
5807,20.805259279903847,24.53621166375444,-78.57354885551806
5808,20.80036648949199,24.525084489579008,-78.58944546926621
5809,20.795472677228858,24.513956265257054,-78.6053410334281
5810,20.790577842565803,24.502826991945053,-78.62123554844008
5811,20.785681984954813,24.491696670798554,-78.63712901473824
5812,20.78078510384853,24.48056530297218,-78.65302143275844
5813,20.775887198700232,24.469432889619636,-78.6689128029363
5814,20.77098826896385,24.4582994318937,-78.68480312570722
5815,20.76608831409396,24.447164930946222,-78.70069240150633
5816,20.761187333545777,24.436029387928134,-78.71658063076853
5817,20.756285326775167,24.424892803989444,-78.7324678139285
5818,20.751382293238642,24.413755180279246,-78.74835395142064
5819,20.746478232393358,24.402616517945702,-78.76423904367914
5820,20.74157314369711,24.391476818136066,-78.78012309113795
5821,20.736667026608348,24.380336081996667,-78.79600609423078
5822,20.73175988058616,24.369194310672917,-78.81188805339107
5823,20.726851705090287,24.35805150530931,-78.82776896905206
5824,20.721942499581104,24.34690766704942,-78.84364884164673
5825,20.717032263519638,24.335762797035915,-78.85952767160781
5826,20.712120996367556,24.32461689641054,-78.87540545936781
5827,20.707208697587177,24.313469966314123,-78.891282205359
5828,20.702295366641458,24.302322007886588,-78.90715791001341
5829,20.697381002994003,24.291173022266936,-78.92303257376281
5830,20.69246560610906,24.280023010593258,-78.93890619703876
5831,20.687549175451522,24.268871974002735,-78.95477878027255
5832,20.682631710486927,24.257719913631636,-78.97065032389524
5833,20.677713210681453,24.246566830615322,-78.98652082833767
5834,20.67279367550193,24.235412726088242,-79.00239029403042
5835,20.667873104415822,24.224257601183933,-79.01825872140383
5836,20.662951496891246,24.213101457035027,-79.034126110888
5837,20.65802885239696,24.201944294773252,-79.0499924629128
5838,20.653105170402366,24.19078611552942,-79.06585777790787
5839,20.64818045037751,24.179626920433446,-79.08172205630257
5840,20.64325469179308,24.168466710614332,-79.09758529852606
5841,20.638327894120405,24.15730548720018,-79.11344750500724
5842,20.633400056831466,24.146143251318186,-79.12930867617479
5843,20.628471179398883,24.134980004094643,-79.14516881245711
5844,20.62354126129592,24.12381574665494,-79.1610279142824
5845,20.61861030199648,24.11265048012357,-79.1768859820786
5846,20.613678300975117,24.101484205624114,-79.19274301627343
5847,20.608745257707024,24.090316924279257,-79.20859901729435
5848,20.603811171668035,24.07914863721079,-79.22445398556857
5849,20.59887604233463,24.067979345539595,-79.24030792152311
5850,20.59393986918393,24.05680905038566,-79.2561608255847
5851,20.589002651693704,24.045637752868075,-79.27201269817984
5852,20.58406438934236,24.034465454105035,-79.2878635397348
5853,20.579125081608943,24.023292155213834,-79.30371335067562
5854,20.57418472797315,24.012117857310873,-79.31956213142809
5855,20.56924332791532,24.000942561511657,-79.33540988241775
5856,20.564300880916424,23.989766268930797,-79.3512566040699
5857,20.559357386458085,23.97858898068201,-79.36710229680963
5858,20.55441284402257,23.967410697878115,-79.38294696106176
5859,20.54946725309278,23.95623142163105,-79.3987905972509
5860,20.54452061315226,23.94505115305185,-79.41463320580137
5861,20.539572923685206,23.933869893250662,-79.4304747871373
5862,20.534624184176444,23.922687643336747,-79.44631534168255
5863,20.52967439411145,23.911504404418473,-79.46215486986077
5864,20.524723552976333,23.900320177603316,-79.47799337209534
5865,20.519771660257852,23.88913496399787,-79.49383084880942
5866,20.514818715443408,23.877948764707835,-79.50966730042593
5867,20.509864718021035,23.86676158083803,-79.52550272736752
5868,20.504909667479414,23.855573413492383,-79.54133713005666
5869,20.499953563307866,23.844384263773936,-79.55717050891552
5870,20.494996404996353,23.83319413278485,-79.57300286436606
5871,20.49003819203548,23.8220030216264,-79.58883419683
5872,20.485078923916493,23.81081093139898,-79.60466450672884
5873,20.480118600131274,23.799617863202094,-79.62049379448379
5874,20.475157220172353,23.78842381813437,-79.63632206051587
5875,20.470194783532893,23.77722879729355,-79.65214930524583
5876,20.4652312897067,23.7660328017765,-79.66797552909419
5877,20.460266738188228,23.754835832679206,-79.68380073248123
5878,20.45530112847256,23.743637891096768,-79.699624915827
5879,20.450334460055423,23.73243897812341,-79.71544807955131
5880,20.445366732433186,23.721239094852482,-79.73127022407371
5881,20.44039794510286,23.710038242376452,-79.74709134981353
5882,20.435428097562088,23.69883642178691,-79.76291145718986
5883,20.43045718930916,23.687633634174578,-79.77873054662155
5884,20.425485219843004,23.67642988062929,-79.7945486185272
5885,20.42051218866319,23.665225162240013,-79.8103656733252
5886,20.415538095269916,23.654019480094842,-79.82618171143366
5887,20.410562939164034,23.642812835280992,-79.84199673327049
5888,20.40558671984703,23.631605228884812,-79.85781073925332
5889,20.400609436821025,23.620396661991773,-79.87362372979959
5890,20.395631089588782,23.609187135686476,-79.88943570532646
5891,20.390651677653707,23.59797665105265,-79.90524666625087
5892,20.385671200519837,23.58676520917316,-79.92105661298953
5893,20.380689657691853,23.57555281112999,-79.93686554595888
5894,20.37570704867507,23.564339458004273,-79.95267346557516
5895,20.370723372975448,23.55312515087626,-79.96848037225433
5896,20.365738630099578,23.54190989082533,-79.98428626641216
5897,20.360752819554698,23.53069367893001,-80.00009114846414
5898,20.355765940848674,23.519476516267954,-80.01589501882553
5899,20.350777993490016,23.50825840391595,-80.03169787791138
5900,20.345788976987873,23.49703934294992,-80.04749972613648
5901,20.340798890852028,23.48581933444492,-80.06330056391536
5902,20.335807734592905,23.47459837947515,-80.07910039166235
5903,20.33081550772156,23.463376479113943,-80.09489920979152
5904,20.325822209749695,23.45215363443377,-80.1106970187167
5905,20.32082784018964,23.440929846506236,-80.12649381885151
5906,20.315832398554367,23.429705116402094,-80.1422896106093
5907,20.310835884357484,23.418479445191227,-80.15808439440318
5908,20.30583829711324,23.40725283394267,-80.17387817064603
5909,20.300839636336512,23.39602528372459,-80.18967093975053
5910,20.295839901542823,23.384796795604295,-80.20546270212905
5911,20.290839092248326,23.373567370648242,-80.2212534581938
5912,20.285837207969813,23.36233700992203,-80.23704320835668
5913,20.280834248224707,23.351105714490394,-80.2528319530294
5914,20.275830212531076,23.339873485417225,-80.26861969262342
5915,20.27082510040762,23.32864032376555,-80.28440642754994
5916,20.265818911373675,23.317406230597545,-80.30019215821996
5917,20.26081164494921,23.306171206974533,-80.31597688504421
5918,20.255803300654836,23.294935253956982,-80.33176060843321
5919,20.25079387801179,23.28369837260451,-80.34754332879723
5920,20.245783376541954,23.27246056397588,-80.36332504654628
5921,20.240771795767838,23.26122182912901,-80.37910576209016
5922,20.23575913521259,23.249982169120962,-80.39488547583845
5923,20.230745394399992,23.238741585007947,-80.41066418820044
5924,20.225730572854467,23.227500077845335,-80.42644189958523
5925,20.220714670101064,23.216257648687638,-80.44221861040164
5926,20.215697685665468,23.205014298588527,-80.4579943210583
5927,20.210679619074003,23.193770028600824,-80.47376903196356
5928,20.205660469853623,23.182524839776505,-80.48954274352556
5929,20.200640237531918,23.171278733166698,-80.5053154561522
5930,20.195618921637113,23.160031709821688,-80.52108717025115
5931,20.190596521698065,23.148783770790914,-80.53685788622981
5932,20.185573037244264,23.13753491712297,-80.55262760449537
5933,20.180548467805835,23.126285149865613,-80.56839632545477
5934,20.175522812913535,23.115034470065748,-80.58416404951473
5935,20.170496072098757,23.103782878769444,-80.59993077708172
5936,20.165468244893525,23.09253037702193,-80.61569650856198
5937,20.160439330830496,23.08127696586759,-80.6314612443615
5938,20.15540932944296,23.070022646349972,-80.64722498488605
5939,20.150378240264843,23.05876741951178,-80.66298773054116
5940,20.145346062830697,23.047511286394887,-80.67874948173211
5941,20.140312796675712,23.036254248040315,-80.69451023886397
5942,20.135278441335707,23.024996305488262,-80.71027000234155
5943,20.130242996347135,23.01373745977808,-80.7260287725694
5944,20.12520646124708,23.00247771194829,-80.74178654995191
5945,20.120168835573256,22.991217063036576,-80.75754333489317
5946,20.115130118864016,22.979955514079787,-80.77329912779705
5947,20.110090310658336,22.968693066113936,-80.78905392906718
5948,20.105049410495827,22.957429720174208,-80.80480773910698
5949,20.100007417916732,22.946165477294947,-80.82056055831958
5950,20.094964332461924,22.93490033850967,-80.83631238710794
5951,20.089920153672903,22.923634304851063,-80.85206322587473
5952,20.08487488109181,22.91236737735098,-80.86781307502243
5953,20.079828514261408,22.901099557040435,-80.88356193495324
5954,20.07478105272509,22.88983084494963,-80.89930980606914
5955,20.069732496026884,22.878561242107924,-80.9150566887719
5956,20.06468284371145,22.867290749543855,-80.930802583463
5957,20.059632095324066,22.85601936828513,-80.94654749054375
5958,20.054580250410655,22.844747099358624,-80.96229141041518
5959,20.04952730851776,22.833473943790395,-80.97803434347809
5960,20.044473269192558,22.822199902605668,-80.99377629013306
5961,20.039418131982853,22.810924976828847,-81.00951725078042
5962,20.03436189643708,22.79964916748351,-81.02525722582028
5963,20.0293045621043,22.788372475592407,-81.0409962156525
5964,20.02424612853421,22.77709490217747,-81.0567342206767
5965,20.019186595277123,22.765816448259805,-81.07247124129229
5966,20.01412596188399,22.754537114859698,-81.08820727789842
5967,20.009064227906393,22.74325690299661,-81.10394233089401
5968,20.004001392896537,22.731975813689186,-81.11967640067778
5969,19.998937456407255,22.720693847955243,-81.13540948764815
5970,19.993872417992005,22.709411006811788,-81.15114159220336
5971,19.988806277204883,22.698127291275,-81.16687271474139
5972,19.983739033600603,22.68684270236025,-81.18260285565998
5973,19.97867068673451,22.675557241082075,-81.19833201535667
5974,19.973601236162576,22.664270908454213,-81.21406019422872
5975,19.9685306814414,22.652983705489575,-81.2297873926732
5976,19.963459022128212,22.641695633200257,-81.2455136110869
5977,19.958386257780862,22.63040669259754,-81.26123884986643
5978,19.95331238795783,22.61911688469189,-81.27696310940811
5979,19.94823741221822,22.607826210492966,-81.29268639010806
5980,19.943161330121765,22.596534671009604,-81.30840869236215
5981,19.938084141228824,22.58524226724983,-81.32413001656603
5982,19.933005845100382,22.573949000220857,-81.3398503631151
5983,19.927926441298048,22.56265487092909,-81.35556973240455
5984,19.92284592938406,22.551359880380122,-81.3712881248293
5985,19.917764308921274,22.540064029578733,-81.38700554078409
5986,19.912681579473183,22.528767319528896,-81.40272198066337
5987,19.907597740603894,22.517469751233772,-81.41843744486138
5988,19.902512791878145,22.506171325695718,-81.43415193377214
5989,19.897426732861295,22.494872043916278,-81.44986544778942
5990,19.892339563119332,22.48357190689619,-81.46557798730674
5991,19.887251282218866,22.47227091563539,-81.48128955271744
5992,19.88216188972713,22.460969071133004,-81.49700014441457
5993,19.87707138521198,22.44966637438735,-81.51270976279098
5994,19.871979768241903,22.438362826395945,-81.52841840823926
5995,19.866887038386004,22.427058428155505,-81.54412608115182
5996,19.86179319521401,22.415753180661934,-81.55983278192076
5997,19.85669823829627,22.40444708491034,-81.57553851093802
5998,19.85160216720377,22.393140141895028,-81.59124326859526
5999,19.8465049815081,22.381832352609496,-81.60694705528394
6000,19.841406680781486,22.37052371804645,-81.62264987139525
6001,19.83630726459677,22.359214239197783,-81.63835171732018
6002,19.83120673252742,22.347903917054598,-81.65405259344946
6003,19.826105084147525,22.336592752607196,-81.66975250017363
6004,19.821002319031795,22.32528074684508,-81.68545143788295
6005,19.81589843675556,22.313967900756953,-81.70114940696747
6006,19.81079343689478,22.302654215330723,-81.71684640781703
6007,19.805687319026028,22.291339691553496,-81.73254244082119
6008,19.8005800827265,22.28002433041159,-81.7482375063693
6009,19.795471727574018,22.26870813289052,-81.7639316048505
6010,19.79036225314702,22.25739109997501,-81.77962473665366
6011,19.785251659024567,22.24607323264899,-81.79531690216744
6012,19.780139944786338,22.234754531895593,-81.81100810178027
6013,19.775027110012633,22.22343499869716,-81.82669833588035
6014,19.769913154284378,22.212114634035245,-81.84238760485565
6015,19.764798077183112,22.2007934388906,-81.85807590909387
6016,19.759681878290994,22.18947141424319,-81.87376324898253
6017,19.754564557190808,22.17814856107219,-81.88944962490889
6018,19.749446113465954,22.16682488035599,-81.90513503726
6019,19.74432654670045,22.155500373072176,-81.92081948642264
6020,19.739205856478936,22.14417504019756,-81.93650297278342
6021,19.73408404238667,22.13284888270816,-81.95218549672866
6022,19.728961104009528,22.121521901579204,-81.96786705864447
6023,19.723837040934004,22.110194097785133,-81.98354765891675
6024,19.718711852747212,22.098865472299607,-81.99922729793114
6025,19.713585539036885,22.087536026095496,-82.01490597607307
6026,19.708458099391372,22.076205760144884,-82.03058369372772
6027,19.703329533399636,22.06487467541907,-82.04626045128005
6028,19.698199840651263,22.05354277288857,-82.0619362491148
6029,19.69306902073646,22.042210053523117,-82.07761108761645
6030,19.68793707324604,22.030876518291663,-82.09328496716928
6031,19.68280399777144,22.01954216816237,-82.10895788815733
6032,19.677669793904716,22.008207004102626,-82.12462985096441
6033,19.672534461238534,21.996871027079035,-82.1403008559741
6034,19.66739799936618,21.985534238057422,-82.15597090356975
6035,19.662260407881558,21.97419663800283,-82.17163999413447
6036,19.65712168637918,21.962858227879522,-82.18730812805116
6037,19.651981834454187,21.951519008650983,-82.20297530570247
6038,19.646840851702322,21.94017898127992,-82.21864152747084
6039,19.641698737719953,21.928838146728264,-82.23430679373845
6040,19.63655549210406,21.917496505957164,-82.24997110488731
6041,19.631411114452234,21.906154059926997,-82.26563446129913
6042,19.626265604362686,21.894810809597367,-82.28129686335544
6043,19.62111896143424,21.883466755927095,-82.2969583114375
6044,19.61597118526634,21.872121899874234,-82.3126188059264
6045,19.61082227545903,21.86077624239606,-82.32827834720295
6046,19.605672231612978,21.84942978444907,-82.34393693564775
6047,19.600521053329466,21.838082526989,-82.35959457164117
6048,19.595368740210386,21.82673447097081,-82.37525125556334
6049,19.590215291858247,21.815385617348678,-82.39090698779418
6050,19.585060707876167,21.804035967076025,-82.40656176871337
6051,19.57990498786788,21.792685521105494,-82.42221559870038
6052,19.574748131437733,21.781334280388954,-82.4378684781344
6053,19.569590138190684,21.769982245877515,-82.45352040739448
6054,19.5644310077323,21.75862941852151,-82.46917138685934
6055,19.559270739668765,21.74727579927051,-82.48482141690756
6056,19.554109333606874,21.735921389073315,-82.50047049791745
6057,19.548946789154034,21.724566188877958,-82.51611863026707
6058,19.543783105918262,21.713210199631703,-82.5317658143343
6059,19.53861828350819,21.701853422281054,-82.54741205049677
6060,19.53345232153305,21.690495857771744,-82.56305733913189
6061,19.528285219602704,21.679137507048747,-82.57870168061682
6062,19.523116977327604,21.66777837105627,-82.59434507532852
6063,19.517947594318827,21.65641845073775,-82.60998752364371
6064,19.51277707018805,21.645057747035874,-82.62562902593888
6065,19.50760540454757,21.63369626089256,-82.64126958259031
6066,19.502432597010284,21.622333993248958,-82.65690919397403
6067,19.497258647189707,21.61097094504547,-82.67254786046585
6068,19.492083554699956,21.599607117221726,-82.68818558244138
6069,19.486907319155765,21.588242510716604,-82.70382236027595
6070,19.48172994017247,21.576877126468215,-82.71945819434472
6071,19.47655141736602,21.565510965413917,-82.7350930850226
6072,19.471371750352972,21.55414402849031,-82.75072703268424
6073,19.466190938750486,21.54277631663323,-82.76636003770412
6074,19.461008982176335,21.53140783077776,-82.78199210045646
6075,19.4558258802489,21.520038571858226,-82.79762322131528
6076,19.450641632587168,21.508668540808202,-82.81325340065433
6077,19.445456238810735,21.4972977385605,-82.82888263884718
6078,19.4402696985398,21.485926166047182,-82.84451093626714
6079,19.435082011395178,21.47455382419955,-82.86013829328732
6080,19.429893176998277,21.46318071394816,-82.87576471028059
6081,19.424703194971126,21.451806836222804,-82.89139018761959
6082,19.41951206493635,21.440432191952535,-82.90701472567676
6083,19.414319786517183,21.429056782065643,-82.92263832482429
6084,19.409126359337467,21.41768060748967,-82.93826098543416
6085,19.403931783021648,21.406303669151416,-82.9538827078781
6086,19.39873605719478,21.394925967976913,-82.96950349252764
6087,19.393539181482513,21.383547504891457,-82.98512333975407
6088,19.388341155511114,21.37216828081959,-83.00074224992848
6089,19.38314197890745,21.360788296685108,-83.0163602234217
6090,19.377941651298986,21.349407553411055,-83.03197726060436
6091,19.3727401723138,21.33802605191973,-83.04759336184688
6092,19.367537541580575,21.326643793132686,-83.06320852751941
6093,19.36233375872859,21.315260777970728,-83.0788227579919
6094,19.35712882338773,21.303877007353915,-83.09443605363408
6095,19.351922735188488,21.29249248220156,-83.11004841481545
6096,19.346715493761955,21.281107203432235,-83.1256598419053
6097,19.34150709873983,21.269721171963766,-83.14127033527268
6098,19.33629754975441,21.258334388713237,-83.15687989528641
6099,19.331086846438595,21.246946854596988,-83.17248852231509
6100,19.325874988425888,21.235558570530614,-83.18809621672712
6101,19.320661975350397,21.22416953742897,-83.20370297889065
6102,19.315447806846826,21.21277975620617,-83.21930880917361
6103,19.310232482550486,21.20138922777559,-83.23491370794373
6104,19.305016002097286,21.18999795304986,-83.2505176755685
6105,19.29979836512374,21.17860593294088,-83.26612071241517
6106,19.29457957126695,21.167213168359797,-83.2817228188508
6107,19.28935962016464,21.155819660217034,-83.2973239952422
6108,19.284138511455115,21.14442540942227,-83.31292424195595
6109,19.278916244777292,21.13303041688444,-83.32852355935846
6110,19.273692819770684,21.121634683511758,-83.34412194781586
6111,19.2684682360754,21.110238210211683,-83.3597194076941
6112,19.263242493332154,21.098840997890953,-83.37531593935887
6113,19.258015591182257,21.087443047455565,-83.39091154317566
6114,19.25278752926762,21.076044359810783,-83.40650621950975
6115,19.247558307230754,21.064644935861136,-83.42209996872616
6116,19.24232792471476,21.053244776510418,-83.43769279118972
6117,19.23709638136335,21.041843882661695,-83.45328468726503
6118,19.231863676820826,21.030442255217295,-83.46887565731645
6119,19.226629810732085,21.019039895078823,-83.48446570170815
6120,19.22139478274263,21.00763680314714,-83.50005482080405
6121,19.21615859249856,20.996232980322386,-83.51564301496788
6122,19.210921239646563,20.98482842750397,-83.53123028456312
6123,19.20568272383393,20.97342314559057,-83.54681662995304
6124,19.20044304470855,20.962017135480135,-83.5624020515007
6125,19.195202201918907,20.950610398069884,-83.5779865495689
6126,19.189960195114075,20.939202934256308,-83.59357012452028
6127,19.184717023943733,20.927794744935177,-83.60915277671721
6128,19.179472688058155,20.916385831001527,-83.62473450652185
6129,19.1742271871082,20.904976193349672,-83.64031531429615
6130,19.168980520745336,20.893565832873197,-83.65589520040183
6131,19.163732688621614,20.882154750464963,-83.67147416520041
6132,19.158483690389687,20.87074294701711,-83.68705220905315
6133,19.1532335257028,20.85933042342105,-83.70262933232114
6134,19.14798219421479,20.84791718056747,-83.7182055353652
6135,19.142729695580098,20.83650321934634,-83.73378081854597
6136,19.137476029453744,20.825088540646906,-83.74935518222384
6137,19.13222119549135,20.813673145357686,-83.764928626759
6138,19.12696519334913,20.802257034366484,-83.78050115251143
6139,19.12170802268389,20.790840208560383,-83.79607275984087
6140,19.116449683153032,20.779422668825738,-83.81164344910684
6141,19.111190174414546,20.768004416048196,-83.82721322066864
6142,19.105929496127015,20.756585451112677,-83.84278207488538
6143,19.100667647949614,20.745165774903384,-83.8583500121159
6144,19.095404629542113,20.733745388303802,-83.87391703271888
6145,19.09014044056487,20.7223242921967,-83.88948313705274
6146,19.084875080678838,20.710902487464125,-83.90504832547569
6147,19.079608549545554,20.699479974987415,-83.92061259834573
6148,19.074340846827155,20.68805675564719,-83.93617595602062
6149,19.06907197218636,20.67663283032335,-83.95173839885794
6150,19.063801925286484,20.665208199895087,-83.96729992721502
6151,19.058530705791426,20.653782865240874,-83.98286054144899
6152,19.05325831336568,20.642356827238473,-83.99842024191673
6153,19.04798474767433,20.63093008676493,-84.01397902897496
6154,19.042710008383047,20.619502644696585,-84.02953690298013
6155,19.037434095158087,20.60807450190906,-84.04509386428849
6156,19.032157007666303,20.59664565927726,-84.06064991325607
6157,19.02687874557513,20.585216117675394,-84.0762050502387
6158,19.02159930855259,20.57378587797695,-84.09175927559197
6159,19.016318696267305,20.562354941054704,-84.10731258967125
6160,19.01103690838847,20.55092330778073,-84.12286499283172
6161,19.005753944585873,20.539490979026397,-84.13841648542834
6162,19.000469804529892,20.52805795566235,-84.15396706781581
6163,18.99518448789149,20.516624238558542,-84.16951674034867
6164,18.989897994342215,20.505189828584207,-84.1850655033812
6165,18.984610323554204,20.49375472660788,-84.20061335726749
6166,18.979321475200177,20.482318933497385,-84.2161603023614
6167,18.974031448953443,20.470882450119845,-84.23170633901658
6168,18.968740244487893,20.459445277341676,-84.24725146758648
6169,18.96344786147801,20.448007416028588,-84.26279568842429
6170,18.958154299598853,20.43656886704559,-84.27833900188303
6171,18.952859558526075,20.425129631256983,-84.29388140831547
6172,18.947563637935907,20.41368970952637,-84.30942290807418
6173,18.94226653750517,20.402249102716645,-84.32496350151153
6174,18.93696825691126,20.39080781169001,-84.34050318897964
6175,18.93166879583217,20.379365837307958,-84.35604197083045
6176,18.926368153946466,20.36792318043128,-84.37157984741565
6177,18.9210663309333,20.356479841920073,-84.38711681908674
6178,18.91576332647241,20.345035822633733,-84.40265288619501
6179,18.910459140244107,20.333591123430953,-84.41818804909151
6180,18.9051537719293,20.322145745169728,-84.43372230812709
6181,18.89984722120947,20.31069968870736,-84.44925566365238
6182,18.894539487766682,20.299252954900442,-84.46478811601781
6183,18.889230571283584,20.287805544604886,-84.48031966557359
6184,18.8839204714434,20.276357458675893,-84.49585031266969
6185,18.878609187929943,20.264908697967975,-84.5113800576559
6186,18.873296720427604,20.253459263334946,-84.52690890088178
6187,18.867983068621356,20.24200915562993,-84.54243684269669
6188,18.86266823219675,20.23055837570535,-84.55796388344974
6189,18.857352210839917,20.219106924412937,-84.57349002348988
6190,18.852035004237568,20.207654802603727,-84.5890152631658
6191,18.846716612076996,20.19620201112807,-84.60453960282601
6192,18.84139703404607,20.184748550835614,-84.62006304281877
6193,18.836076269833242,20.173294422575324,-84.63558558349216
6194,18.83075431912754,20.16183962719547,-84.65110722519404
6195,18.82543118161857,20.150384165543624,-84.66662796827204
6196,18.82010685699652,20.13892803846668,-84.6821478130736
6197,18.814781344952156,20.127471246810835,-84.69766675994593
6198,18.809454645176814,20.116013791421597,-84.71318480923605
6199,18.804126757362415,20.10455567314379,-84.72870196129074
6200,18.798797681201457,20.093096892821542,-84.74421821645657
6201,18.79346741638701,20.081637451298302,-84.75973357507993
6202,18.788135962612724,20.070177349416824,-84.77524803750697
6203,18.782803319572828,20.05871658801918,-84.79076160408361
6204,18.777469486962126,20.047255167946755,-84.80627427515562
6205,18.772134464475993,20.035793090040247,-84.82178605106849
6206,18.766798251810382,20.024330355139668,-84.83729693216753
6207,18.761460848661823,20.01286696408435,-84.85280691879785
6208,18.756122254727423,20.001402917712934,-84.86831601130434
6209,18.75078246970486,19.989938216863383,-84.88382421003166
6210,18.745441493292386,19.978472862372975,-84.89933151532429
6211,18.74009932518883,19.967006855078306,-84.91483792752646
6212,18.73475596509359,19.955540195815292,-84.93034344698223
6213,18.72941141270665,19.944072885419164,-84.94584807403542
6214,18.724065667728553,19.93260492472447,-84.96135180902967
6215,18.71871872986042,19.921136314565082,-84.97685465230836
6216,18.71337059880395,19.909667055774193,-84.99235660421472
6217,18.708021274261412,19.898197149184313,-85.00785766509172
6218,18.702670755935642,19.88672659562727,-85.02335783528214
6219,18.697319043530054,19.87525539593422,-85.03885711512856
6220,18.69196613674863,19.863783550935644,-85.05435550497333
6221,18.686612035295926,19.852311061461332,-85.0698530051586
6222,18.68125673887707,19.84083792834041,-85.08534961602632
6223,18.67590024719776,19.82936415240132,-85.10084533791822
6224,18.67054255996426,19.817889734471834,-85.1163401711758
6225,18.665183676883412,19.80641467537904,-85.13183411614041
6226,18.659823597662626,19.794938975949364,-85.14732717315312
6227,18.654462322009877,19.783462637008547,-85.16281934255483
6228,18.649099849633718,19.77198565938166,-85.17831062468623
6229,18.643736180243263,19.760508043893097,-85.19380101988781
6230,18.6383713135482,19.749029791366585,-85.20929052849982
6231,18.63300524925878,19.737550902625173,-85.22477915086233
6232,18.627637987085834,19.72607137849124,-85.24026688731519
6233,18.622269526740748,19.7145912197865,-85.25575373819804
6234,18.616899867935484,19.703110427331985,-85.27123970385031
6235,18.61152901038257,19.691629001948066,-85.28672478461124
6236,18.606156953795097,19.68014694445444,-85.30220898081983
6237,18.600783697886733,19.66866425567013,-85.3176922928149
6238,18.5954092423717,19.657180936413504,-85.33317472093506
6239,18.5900335869648,19.645696987502244,-85.34865626551871
6240,18.58465673138139,19.63421240975338,-85.36413692690402
6241,18.5792786753374,19.622727203983263,-85.379616705429
6242,18.573899418549317,19.611241371007583,-85.39509560143141
6243,18.568518960734206,19.599754911641366,-85.41057361524881
6244,18.563137301609686,19.588267826698964,-85.42605074721855
6245,18.557754440893948,19.57678011699407,-85.44152699767781
6246,18.552370378305742,19.56529178333971,-85.45700236696354
6247,18.546985113564386,19.553802826548246,-85.47247685541247
6248,18.54159864638976,19.542313247431377,-85.48795046336113
6249,18.536210976502314,19.53082304680014,-85.50342319114586
6250,18.53082210362305,19.519332225464904,-85.51889503910276
6251,18.525432027473535,19.50784078423538,-85.53436600756777
6252,18.520040747775912,19.496348723920615,-85.54983609687659
6253,18.514648264252873,19.484856045328996,-85.56530530736474
6254,18.509254576627676,19.47336274926825,-85.58077363936751
6255,18.503859684624143,19.46186883654544,-85.59624109321999
6256,18.498463587966654,19.450374307966978,-85.61170766925707
6257,18.493066286380156,19.4388791643386,-85.62717336781344
6258,18.48766777959015,19.427383406465403,-85.64263818922358
6259,18.482268067322703,19.41588703515181,-85.65810213382174
6260,18.476867149304443,19.40439005120159,-85.67356520194203
6261,18.471465025262553,19.392892455417865,-85.68902739391828
6262,18.46606169492478,19.381394248603087,-85.70448871008416
6263,18.46065715801943,19.369895431559055,-85.71994915077313
6264,18.455251414275367,19.358396005086913,-85.73540871631843
6265,18.449844463422018,19.346895969987152,-85.75086740705312
6266,18.444436305189363,19.335395327059604,-85.76632522331003
6267,18.439026939307944,19.323894077103454,-85.78178216542182
6268,18.43361636550886,19.31239222091722,-85.7972382337209
6269,18.428204583523772,19.30088975929878,-85.81269342853953
6270,18.422791593084895,19.28938669304535,-85.82814775020972
6271,18.417377393924998,19.2778830229535,-85.8436011990633
6272,18.411961985777413,19.26637874981914,-85.85905377543189
6273,18.406545368376026,19.254873874437536,-85.8745054796469
6274,18.40112754145528,19.243368397603298,-85.88995631203956
6275,18.395708504750175,19.23186232011039,-85.90540627294087
6276,18.390288257996264,19.220355642752125,-85.92085536268164
6277,18.384866800929657,19.208848366321163,-85.93630358159248
6278,18.379444133287024,19.197340491609516,-85.95175093000381
6279,18.37402025480558,19.18583201940855,-85.96719740824581
6280,18.368595165223102,19.17432295050898,-85.9826430166485
6281,18.363168864277924,19.162813285700878,-85.99808775554166
6282,18.357741351708928,19.15130302577366,-86.0135316252549
6283,18.35231262725555,19.139792171516106,-86.0289746261176
6284,18.346882690657782,19.12828072371634,-86.04441675845898
6285,18.34145154165617,19.11676868316185,-86.05985802260801
6286,18.33601917999181,19.105256050639472,-86.07529841889348
6287,18.33058560540635,19.093742826935397,-86.09073794764399
6288,18.325150817641994,19.082229012835175,-86.10617660918791
6289,18.3197148164415,19.070714609123712,-86.12161440385344
6290,18.314277601548174,19.05919961658527,-86.13705133196856
6291,18.30883917270587,19.04768403600347,-86.15248739386107
6292,18.303399529659,19.036167868161286,-86.16792258985853
6293,18.29795867215252,19.024651113841053,-86.18335692028835
6294,18.292516599931947,19.013133773824464,-86.19879038547768
6295,18.287073312743335,19.001615848892573,-86.21422298575352
6296,18.2816288103333,18.99009733982579,-86.22965472144267
6297,18.276183092448996,18.97857824740389,-86.24508559287169
6298,18.27073615883814,18.967058572406007,-86.26051560036697
6299,18.265288009248987,18.95553831561063,-86.2759447442547
6300,18.259838643430346,18.944017477795622,-86.29137302486086
6301,18.25438806113157,18.932496059738195,-86.30680044251123
6302,18.248936262102568,18.92097406221493,-86.3222269975314
6303,18.24348324609379,18.909451486001775,-86.33765269024676
6304,18.23802901285623,18.89792833187403,-86.35307752098248
6305,18.232573562141447,18.88640460060637,-86.36850149006357
6306,18.227116893701528,18.874880292972822,-86.3839245978148
6307,18.221659007289112,18.863355409746795,-86.39934684456077
6308,18.21619990265739,18.85182995170105,-86.41476823062587
6309,18.210739579560094,18.840303919607717,-86.43018875633429
6310,18.2052780377515,18.82877731423829,-86.44560842201003
6311,18.19981527698644,18.81725013636364,-86.46102722797689
6312,18.194351297020273,18.80572238675399,-86.47644517455846
6313,18.188886097608922,18.794194066178946,-86.49186226207816
6314,18.183419678508844,18.78266517540747,-86.50727849085916
6315,18.17795203947704,18.771135715207897,-86.52269386122451
6316,18.172483180271062,18.759605686347935,-86.53810837349698
6317,18.167013100648997,18.748075089594657,-86.55352202799921
6318,18.161541800369484,18.736543925714507,-86.5689348250536
6319,18.156069279191694,18.7250121954733,-86.58434676498237
6320,18.150595536875354,18.713479899636223,-86.59975784810754
6321,18.145120573180723,18.701947038967827,-86.61516807475094
6322,18.139644387868604,18.690413614232046,-86.63057744523418
6323,18.134166980700346,18.67887962619218,-86.6459859598787
6324,18.12868835143784,18.667345075610907,-86.66139361900574
6325,18.123208499843514,18.65580996325027,-86.67680042293632
6326,18.117727425680336,18.644274289871692,-86.6922063719913
6327,18.11224512871182,18.63273805623597,-86.70761146649133
6328,18.106761608702016,18.62120126310327,-86.72301570675684
6329,18.101276865415514,18.60966391123314,-86.73841909310809
6330,18.095790898617448,18.598126001384507,-86.75382162586514
6331,18.09030370807349,18.58658753431566,-86.76922330534786
6332,18.08481529354984,18.575048510784278,-86.78462413187592
6333,18.079325654813257,18.56350893154741,-86.80002410576877
6334,18.073834791631025,18.551968797361486,-86.8154232273457
6335,18.06834270377097,18.540428108982308,-86.83082149692581
6336,18.062849391001453,18.528886867165067,-86.84621891482797
6337,18.057354853091375,18.517345072664323,-86.86161548137088
6338,18.051859089810176,18.505802726234023,-86.87701119687303
6339,18.046362100927826,18.494259828627488,-86.89240606165272
6340,18.040863886214844,18.48271638059742,-86.90780007602808
6341,18.035364445442273,18.471172382895904,-86.923193240317
6342,18.029863778381696,18.459627836274404,-86.93858555483723
6343,18.024361884805234,18.44808274148377,-86.95397701990628
6344,18.018858764485543,18.43653709927423,-86.96936763584148
6345,18.013354417195814,18.424990910395394,-86.98475740295999
6346,18.007848842709766,18.41344417559626,-87.00014632157874
6347,18.002342040801665,18.401896895625207,-87.01553439201449
6348,17.9968340112463,18.39034907122999,-87.0309216145838
6349,17.991324753819,18.378800703157765,-87.04630798960305
6350,17.98581426829563,18.36725179215506,-87.0616935173884
6351,17.98030255445258,18.355702338967788,-87.07707819825585
6352,17.97478961206678,18.344152344341257,-87.09246203252117
6353,17.969275440915684,18.332601809020154,-87.10784502049995
6354,17.963760040777288,18.321050733748557,-87.12322716250762
6355,17.958243411430118,18.309499119269926,-87.13860845885938
6356,17.952725552653227,18.297946966327114,-87.15398890987025
6357,17.947206464226202,18.286394275662357,-87.16936851585506
6358,17.941686145929165,18.274841048017283,-87.18474727712844
6359,17.93616459754276,18.26328728413291,-87.20012519400485
6360,17.93064181884817,18.251732984749644,-87.21550226679854
6361,17.925117809627103,18.240178150607278,-87.23087849582356
6362,17.9195925696618,18.228622782444997,-87.2462538813938
6363,17.914066098735024,18.217066881001383,-87.26162842382293
6364,17.90853839663008,18.205510447014397,-87.27700212342442
6365,17.903009463130793,18.193953481221406,-87.2923749805116
6366,17.89747929802152,18.182395984359157,-87.30774699539755
6367,17.89194790108714,18.170837957163798,-87.32311816839521
6368,17.88641527211307,18.159279400370863,-87.33848849981729
6369,17.880881410885245,18.147720314715283,-87.35385798997633
6370,17.875346317190132,18.136160700931384,-87.36922663918469
6371,17.86980999081473,18.12460055975289,-87.38459444775451
6372,17.864272431546553,18.11303989191291,-87.39996141599775
6373,17.85873363917365,18.101478698143953,-87.4153275442262
6374,17.853193613484596,18.08991697917793,-87.43069283275143
6375,17.847652354268487,18.078354735746135,-87.44605728188486
6376,17.842109861314945,18.06679196857927,-87.46142089193768
6377,17.836566134414124,18.05522867840743,-87.47678366322091
6378,17.831021173356692,18.04366486596011,-87.49214559604539
6379,17.82547497793385,18.0321005319662,-87.50750669072174
6380,17.819927547937322,18.02053567715399,-87.52286694756043
6381,17.814378883159353,18.008970302251168,-87.53822636687171
6382,17.808828983392715,17.99740440798482,-87.55358494896566
6383,17.803277848430696,17.985837995081436,-87.56894269415218
6384,17.797725478067115,17.9742710642669,-87.58429960274096
6385,17.792171872096308,17.962703616266506,-87.59965567504149
6386,17.78661703031314,17.951135651804936,-87.6150109113631
6387,17.781060952512988,17.93956717160629,-87.63036531201493
6388,17.77550363849176,17.927998176394052,-87.64571887730592
6389,17.769945088045883,17.91642866689112,-87.66107160754484
6390,17.7643853009723,17.9048586438198,-87.67642350304025
6391,17.75882427706848,17.893288107901785,-87.69177456410054
6392,17.75326201613241,17.881717059858186,-87.7071247910339
6393,17.747698517962597,17.87014550040951,-87.72247418414834
6394,17.74213378235807,17.85857343027567,-87.73782274375168
6395,17.736567809118373,17.847000850175988,-87.75317047015156
6396,17.731000598043572,17.835427760829187,-87.76851736365543
6397,17.725432148934253,17.823854162953403,-87.78386342457055
6398,17.719862461591518,17.812280057266168,-87.799208653204
6399,17.71429153581699,17.80070544448443,-87.81455304986267
6400,17.708719371412805,17.789130325324535,-87.82989661485325
6401,17.70314596818162,17.77755470050225,-87.84523934848227
6402,17.69757132592661,17.765978570732738,-87.86058125105605
6403,17.691995444451464,17.754401936730577,-87.87592232288075
6404,17.68641832356039,17.742824799209753,-87.89126256426233
6405,17.680839963058105,17.73124715888366,-87.90660197550656
6406,17.675260362749857,17.719669016465105,-87.92194055691904
6407,17.669679522441392,17.708090372666298,-87.93727830880516
6408,17.664097441938985,17.69651122819887,-87.95261523147015
6409,17.658514121049418,17.684931583773853,-87.96795132521903
6410,17.65292955957999,17.673351440101698,-87.98328659035667
6411,17.64734375733852,17.661770797892267,-87.99862102718772
6412,17.641756714133326,17.65018965785483,-88.01395463601668
6413,17.636168429773253,17.63860802069808,-88.02928741714783
6414,17.630578904067654,17.627025887130113,-88.04461937088529
6415,17.6249881368264,17.615443257858445,-88.05995049753298
6416,17.619396127859865,17.60386013359,-88.07528079739467
6417,17.613802876978944,17.592276515031124,-88.0906102707739
6418,17.60820838399504,17.580692402887575,-88.10593891797404
6419,17.602612648720076,17.569107797864525,-88.1212667392983
6420,17.59701567096647,17.557522700666564,-88.1365937350497
6421,17.591417450547162,17.5459371119977,-88.15191990553105
6422,17.585817987275604,17.53435103256135,-88.16724525104499
6423,17.58021728096575,17.522764463060362,-88.182569771894
6424,17.574615331432074,17.51117740419699,-88.19789346838034
6425,17.569012138489555,17.49958985667291,-88.21321634080613
6426,17.56340770195368,17.488001821189215,-88.22853838947326
6427,17.557802021640445,17.47641329844642,-88.24385961468346
6428,17.552195097366358,17.46482428914446,-88.2591800167383
6429,17.546586928948432,17.453234793982688,-88.27449959593913
6430,17.540977516204194,17.441644813659874,-88.28981835258715
6431,17.535366858951672,17.430054348874215,-88.30513628698334
6432,17.529754957009406,17.418463400323326,-88.32045339942854
6433,17.524141810196436,17.406871968704245,-88.33576969022339
6434,17.51852741833232,17.395280054713428,-88.35108515966834
6435,17.51291178123711,17.38368765904676,-88.36639980806368
6436,17.507294898731377,17.372094782399543,-88.38171363570949
6437,17.50167677063619,17.360501425466506,-88.39702664290569
6438,17.496057396773125,17.3489075889418,-88.412338829952
6439,17.490436776964263,17.337313273518998,-88.42765019714801
6440,17.48481491103219,17.3257184798911,-88.44296074479307
6441,17.47919179879999,17.314123208750537,-88.45827047318637
6442,17.47356744009127,17.302527460789154,-88.47357938262694
6443,17.46794183473012,17.290931236698228,-88.48888747341358
6444,17.462314982541145,17.279334537168463,-88.50419474584497
6445,17.45668688334945,17.26773736288999,-88.51950120021957
6446,17.45105753698065,17.25613971455236,-88.53480683683567
6447,17.445426943260845,17.244541592844563,-88.55011165599139
6448,17.439795102016653,17.23294299845501,-88.56541565798464
6449,17.43416201307519,17.221343932071537,-88.58071884311322
6450,17.42852767626407,17.209744394381417,-88.59602121167467
6451,17.422892091411416,17.19814438607135,-88.61132276396638
6452,17.417255258345843,17.186543907827456,-88.62662350028559
6453,17.41161717689647,17.1749429603353,-88.64192342092932
6454,17.405977846892917,17.163341544279874,-88.65722252619443
6455,17.400337268165305,17.15173966034559,-88.67252081637761
6456,17.394695440544254,17.140137309216303,-88.68781829177536
6457,17.38905236386088,17.128534491575294,-88.703114952684
6458,17.3834080379468,17.11693120810528,-88.71841079939968
6459,17.377762462634134,17.105327459488407,-88.73370583221836
6460,17.372115637755495,17.093723246406256,-88.74900005143584
6461,17.366467563143996,17.08211856953984,-88.76429345734773
6462,17.360818238633243,17.07051342956961,-88.77958605024946
6463,17.355167664057348,17.058907827175442,-88.79487783043629
6464,17.349515839250913,17.047301763036657,-88.81016879820329
6465,17.34386276404904,17.035695237832005,-88.82545895384537
6466,17.338208438287324,17.024088252239675,-88.84074829765726
6467,17.33255286180186,17.01248080693729,-88.8560368299335
6468,17.326896034429243,17.00087290260191,-88.87132455096847
6469,17.32123795600655,16.989264539910028,-88.88661146105636
6470,17.31557862637136,16.97765571953758,-88.9018975604912
6471,17.309918045361748,16.96604644215994,-88.91718284956681
6472,17.304256212816284,16.95443670845191,-88.93246732857688
6473,17.29859312857403,16.942826519087745,-88.94775099781488
6474,17.292928792474545,16.931215874741127,-88.96303385757413
6475,17.287263204357874,16.919604776085183,-88.97831590814778
6476,17.28159636406456,16.907993223792477,-88.99359714982879
6477,17.27592827143564,16.896381218535016,-89.00887758290993
6478,17.27025892631264,16.884768760984244,-89.02415720768384
6479,17.264588328537577,16.87315585181105,-89.03943602444294
6480,17.258916477952965,16.861542491685757,-89.05471403347948
6481,17.25324337440181,16.84992868127814,-89.06999123508558
6482,17.2475690177276,16.83831442125741,-89.08526762955313
6483,17.24189340777432,16.82669971229222,-89.10054321717386
6484,17.236216544386448,16.81508455505067,-89.11581799823935
6485,17.230538427408945,16.803468950200298,-89.13109197304098
6486,17.224859056687265,16.791852898408088,-89.14636514186996
6487,17.219178432067356,16.78023640034047,-89.16163750501735
6488,17.213496553395647,16.768619456663316,-89.176909062774
6489,17.20781342051906,16.757002068041945,-89.1921798154306
6490,17.202129033285004,16.74538423514112,-89.20744976327768
6491,17.19644339154138,16.73376595862505,-89.22271890660556
6492,17.19075649513657,16.72214723915739,-89.23798724570445
6493,17.185068343919447,16.710528077401246,-89.25325478086431
6494,17.179378937739372,16.698908474019163,-89.26852151237499
6495,17.173688276446192,16.68728842967314,-89.28378744052613
6496,17.167996359890243,16.67566794502462,-89.29905256560721
6497,17.162303187922337,16.664047020734497,-89.31431688790754
6498,17.156608760393784,16.652425657463112,-89.32958040771625
6499,17.15091307715637,16.640803855870256,-89.3448431253223
6500,17.145216138062377,16.629181616615167,-89.36010504101449
6501,17.13951794296456,16.617558940356535,-89.37536615508142
6502,17.133818491716163,16.6059358277525,-89.39062646781156
6503,17.128117784170914,16.594312279460656,-89.40588597949315
6504,17.122415820183026,16.58268829613804,-89.42114469041431
6505,17.116712599607194,16.57106387844115,-89.43640260086296
6506,17.111008122298596,16.559439027025928,-89.45165971112687
6507,17.105302388112893,16.54781374254777,-89.46691602149362
6508,17.099595396906228,16.53618802566153,-89.48217153225062
6509,17.093887148535227,16.524561877021508,-89.49742624368511
6510,17.088177642856998,16.512935297281462,-89.51268015608419
6511,17.08246687972913,16.501308287094602,-89.52793326973473
6512,17.07675485900969,16.489680847113593,-89.54318558492348
6513,17.071041580557228,16.478052977990554,-89.55843710193699
6514,17.065327044230777,16.46642468037706,-89.57368782106165
6515,17.059611249889844,16.45479595492414,-89.5889377425837
6516,17.053894197394424,16.44316680228228,-89.60418686678916
6517,17.04817588660498,16.431537223101426,-89.61943519396394
6518,17.042456317382467,16.419907218030975,-89.63468272439371
6519,17.036735489588306,16.40827678771978,-89.64992945836404
6520,17.03101340308441,16.39664593281616,-89.66517539616031
6521,17.02529005773315,16.38501465396788,-89.6804205380677
6522,17.0195654533974,16.373382951822173,-89.69566488437124
6523,17.013839589940496,16.361750827025727,-89.7109084353558
6524,17.008112467226248,16.350118280224688,-89.72615119130609
6525,17.00238408511895,16.338485312064662,-89.7413931525066
6526,16.996654443483376,16.32685192319072,-89.75663431924171
6527,16.990923542184763,16.315218114247386,-89.7718746917956
6528,16.985191381088836,16.30358388587865,-89.7871142704523
6529,16.979457960061787,16.291949238727955,-89.80235305549566
6530,16.973723278970287,16.280314173438217,-89.81759104720933
6531,16.967987337681482,16.268678690651807,-89.83282824587687
6532,16.96225013606299,16.25704279101056,-89.84806465178158
6533,16.956511673982906,16.245406475155768,-89.86330026520668
6534,16.950771951309797,16.233769743728192,-89.87853508643515
6535,16.9450309679127,16.22213259736806,-89.89376911574985
6536,16.939288723661132,16.210495036715052,-89.90900235343345
6537,16.933545218425078,16.198857062408326,-89.92423479976846
6538,16.92780045207499,16.187218675086495,-89.9394664550372
6539,16.922054424481804,16.17557987538764,-89.95469731952188
6540,16.91630713551692,16.163940663949308,-89.96992739350449
6541,16.91055858505221,16.152301041408506,-89.98515667726687
6542,16.90480877296002,16.140661008401718,-90.0003851710907
6543,16.89905769911316,16.129020565564886,-90.01561287525747
6544,16.89330536338492,16.117379713533424,-90.03083979004855
6545,16.887551765649047,16.10573845294221,-90.04606591574509
6546,16.881796905779773,16.094096784425584,-90.06129125262811
6547,16.876040783651785,16.08245470861737,-90.07651580097844
6548,16.87028339914025,16.070812226150846,-90.09173956107678
6549,16.864524752120793,16.059169337658766,-90.10696253320361
6550,16.85876484246952,16.047526043773352,-90.1221847176393
6551,16.85300367006299,16.035882345126293,-90.13740611466403
6552,16.84724123477824,16.02423824234875,-90.1526267245578
6553,16.841477536492775,16.01259373607136,-90.16784654760048
6554,16.83571257508456,16.00094882692422,-90.18306558407174
6555,16.82994635043203,15.989303515536902,-90.19828383425111
6556,16.824178862414087,15.977657802538454,-90.21350129841794
6557,16.818410110910094,15.966011688557394,-90.22871797685141
6558,16.81264009579989,15.954365174221712,-90.24393386983057
6559,16.806868816963767,15.942718260158868,-90.25914897763427
6560,16.80109627428249,15.931070946995797,-90.27436330054121
6561,16.795322467637284,15.919423235358911,-90.28957683882993
6562,16.789547396909843,15.90777512587409,-90.30478959277879
6563,16.783771061982318,15.896126619166692,-90.320001562666
6564,16.777993462737328,15.884477715861548,-90.33521274876959
6565,16.772214599057957,15.872828416582967,-90.35042315136747
6566,16.766434470827747,15.861178721954731,-90.36563277073734
6567,16.760653077930705,15.849528632600096,-90.38084160715674
6568,16.7548704202513,15.8378781491418,-90.39604966090307
6569,16.749086497674465,15.826227272202049,-90.41125693225356
6570,16.743301310085588,15.814576002402534,-90.42646342148528
6571,16.737514857370524,15.80292434036442,-90.44166912887512
6572,16.731727139415586,15.79127228670835,-90.45687405469982
6573,16.72593815610755,15.779619842054446,-90.47207819923597
6574,16.720147907333647,15.767967007022307,-90.48728156275997
6575,16.714356392981575,15.756313782231011,-90.50248414554808
6576,16.708563612939482,15.744660168299117,-90.51768594787639
6577,16.702769567095984,15.733006165844662,-90.53288697002081
6578,16.696974255340155,15.721351775485163,-90.54808721225713
6579,16.69117767756152,15.709696997837618,-90.56328667486095
6580,16.685379833650067,15.698041833518506,-90.5784853581077
6581,16.679580723496244,15.686386283143786,-90.59368326227268
6582,16.67378034699095,15.674730347328902,-90.608880387631
6583,16.667978704025547,15.663074026688776,-90.62407673445763
6584,16.66217579449185,15.651417321837812,-90.63927230302735
6585,16.656371618282133,15.6397602333899,-90.65446709361483
6586,16.650566175289125,15.628102761958411,-90.66966110649452
6587,16.644759465406008,15.616444908156199,-90.68485434194073
6588,16.63895148852642,15.604786672595603,-90.70004680022765
6589,16.63314224454446,15.593128055888446,-90.71523848162926
6590,16.627331733354673,15.581469058646036,-90.73042938641939
6591,16.621519954852065,15.569809681479164,-90.74561951487172
6592,16.615706908932093,15.558149924998109,-90.76080886725977
6593,16.60989259549067,15.546489789812632,-90.7759974438569
6594,16.60407701442416,15.534829276531985,-90.79118524493629
6595,16.598260165629377,15.523168385764903,-90.80637227077099
6596,16.59244204900359,15.511507118119608,-90.82155852163389
6597,16.586622664444526,15.49984547420381,-90.8367439977977
6598,16.580802011850356,15.488183454624705,-90.85192869953498
6599,16.574980091119702,15.47652105998898,-90.86711262711813
6600,16.569156902151644,15.464858290902809,-90.88229578081939
6601,16.56333244484571,15.453195147971853,-90.89747816091085
6602,16.557506719101877,15.441531631801263,-90.91265976766444
6603,16.551679724820573,15.42986774299568,-90.92784060135192
6604,16.54585146190268,15.418203482159237,-90.94302066224489
6605,16.540021930249516,15.40653884989555,-90.95819995061481
6606,16.534191129762867,15.394873846807734,-90.97337846673298
6607,16.528359060344954,15.383208473498389,-90.98855621087053
6608,16.522525721898454,15.37154273056961,-91.00373318329844
6609,16.516691114326488,15.35987661862298,-91.01890938428753
6610,16.510855237532624,15.348210138259578,-91.03408481410845
6611,16.50501809142088,15.336543290079973,-91.04925947303173
6612,16.49917967589572,15.324876074684228,-91.06443336132769
6613,16.493339990862058,15.313208492671897,-91.07960647926653
6614,16.48749903622525,15.30154054464203,-91.09477882711829
6615,16.4816568118911,15.289872231193169,-91.10995040515284
6616,16.475813317765855,15.27820355292335,-91.12512121363991
6617,16.469968553756214,15.266534510430105,-91.14029125284907
6618,16.464122519769315,15.254865104310461,-91.15546052304971
6619,16.458275215712742,15.24319533516094,-91.1706290245111
6620,16.452426641494526,15.231525203577561,-91.18579675750232
6621,16.446576797023138,15.219854710155836,-91.20096372229231
6622,16.440725682207496,15.208183855490775,-91.21612991914986
6623,16.43487329695696,15.196512640176886,-91.23129534834361
6624,16.429019641181338,15.184841064808172,-91.24646001014202
6625,16.423164714790868,15.173169129978135,-91.26162390481339
6626,16.41730851769624,15.161496836279774,-91.2767870326259
6627,16.411451049808587,15.149824184305587,-91.29194939384757
6628,16.405592311039477,15.13815117464757,-91.30711098874623
6629,16.399732301300926,15.12647780789722,-91.3222718175896
6630,16.393871020505387,15.114804084645531,-91.33743188064518
6631,16.388008468565754,15.103130005482997,-91.3525911781804
6632,16.382144645395364,15.091455570999614,-91.36774971046248
6633,16.376279550907988,15.079780781784875,-91.3829074777585
6634,16.370413185017842,15.068105638427777,-91.39806448033536
6635,16.36454554763958,15.056430141516818,-91.41322071845987
6636,16.358676638688294,15.044754291639997,-91.42837619239862
6637,16.352806458079517,15.033078089384812,-91.44353090241808
6638,16.346935005729218,15.021401535338267,-91.45868484878456
6639,16.341062281553803,15.009724630086868,-91.4738380317642
6640,16.335188285470117,14.998047374216624,-91.48899045162302
6641,16.329313017395442,14.986369768313045,-91.50414210862688
6642,16.323436477247494,14.974691812961147,-91.51929300304145
6643,16.317558664944432,14.96301350874545,-91.53444313513228
6644,16.311679580404846,14.951334856249977,-91.54959250516475
6645,16.305799223547762,14.939655856058257,-91.56474111340412
6646,16.299917594292644,14.927976508753327,-91.57988896011545
6647,16.29403469255939,14.916296814917722,-91.59503604556369
6648,16.288150518268328,14.90461677513349,-91.6101823700136
6649,16.28226507134023,14.892936389982182,-91.62532793372984
6650,16.276378351696295,14.881255660044857,-91.64047273697685
6651,16.270490359258158,14.869574585902079,-91.65561678001896
6652,16.26460109394789,14.85789316813392,-91.67076006312035
6653,16.258710555687987,14.846211407319961,-91.68590258654504
6654,16.252818744401385,14.83452930403929,-91.70104435055688
6655,16.246925660011453,14.822846858870504,-91.71618535541961
6656,16.241031302441986,14.811164072391707,-91.73132560139678
6657,16.235135671617215,14.799480945180514,-91.74646508875179
6658,16.2292387674618,14.787797477814049,-91.76160381774793
6659,16.22334058990084,14.776113670868945,-91.7767417886483
6660,16.21744113885985,14.764429524921347,-91.79187900171586
6661,16.21154041426479,14.752745040546909,-91.80701545721341
6662,16.205638416042035,14.741060218320795,-91.82215115540363
6663,16.199735144118407,14.729375058817682,-91.83728609654902
6664,16.19383059842114,14.717689562611758,-91.85242028091194
6665,16.187924778877914,14.706003730276722,-91.8675537087546
6666,16.182017685416824,14.694317562385788,-91.88268638033904
6667,16.176109317966397,14.682631059511678,-91.89781829592718
6668,16.170199676455592,14.670944222226632,-91.91294945578079
6669,16.16428876081379,14.6592570511024,-91.92807986016147
6670,16.158376570970802,14.64756954671025,-91.94320950933069
6671,16.152463106856867,14.635881709620957,-91.95833840354973
6672,16.14654836840265,14.624193540404816,-91.97346654307978
6673,16.140632355539243,14.612505039631635,-91.98859392818184
6674,16.134715068198158,14.60081620787074,-92.00372055911679
6675,16.12879650631134,14.589127045690965,-92.01884643614532
6676,16.122876669811152,14.577437553660667,-92.03397155952801
6677,16.11695555863039,14.565747732347717,-92.04909592952528
6678,16.11103317270227,14.554057582319501,-92.06421954639738
6679,16.105109511960432,14.542367104142924,-92.07934241040445
6680,16.09918457633894,14.530676298384407,-92.09446452180644
6681,16.09325836577228,14.51898516560989,-92.1095858808632
6682,16.087330880195363,14.507293706384827,-92.12470648783437
6683,16.081402119543526,14.495601921274195,-92.13982634297952
6684,16.075472083752523,14.483909810842489,-92.154945446558
6685,16.06954077275853,14.472217375653718,-92.17006379882906
6686,16.063608186498147,14.460524616271417,-92.18518140005177
6687,16.057674324908398,14.448831533258637,-92.20029825048509
6688,16.051739187926724,14.437138127177949,-92.21541435038779
6689,16.04580277549099,14.425444398591445,-92.23052970001852
6690,16.03986508753948,14.413750348060738,-92.24564429963579
6691,16.03392612401089,14.402055976146963,-92.26075814949793
6692,16.02798588484435,14.390361283410774,-92.27587124986316
6693,16.0220443699794,14.378666270412348,-92.29098360098952
6694,16.016101579356004,14.366970937711384,-92.30609520313493
6695,16.01015751291454,14.355275285867105,-92.32120605655716
6696,16.004212170595803,14.343579315438252,-92.3363161615138
6697,15.998265552341014,14.331883026983094,-92.35142551826236
6698,15.992317658091805,14.320186421059423,-92.36653412706015
6699,15.986368487790228,14.308489498224553,-92.38164198816435
6700,15.980418041378751,14.296792259035323,-92.39674910183199
6701,15.974466318800259,14.285094704048095,-92.41185546831996
6702,15.968513319998051,14.27339683381876,-92.426961087885
6703,15.962559044915846,14.26169864890273,-92.44206596078374
6704,15.956603493497775,14.250000149854943,-92.4571700872726
6705,15.950646665688387,14.238301337229865,-92.4722734676079
6706,15.944688561432644,14.226602211581488,-92.48737610204581
6707,15.93872918067592,14.214902773463328,-92.50247799084234
6708,15.932768523364011,14.20320302342843,-92.51757913425335
6709,15.92680658944312,14.191502962029364,-92.5326795325346
6710,15.920843378859864,14.179802589818234,-92.54777918594166
6711,15.914878891561276,14.168101907346665,-92.56287809472998
6712,15.9089131274948,14.156400915165813,-92.57797625915484
6713,15.902946086608296,14.144699613826361,-92.5930736794714
6714,15.896977768850029,14.132998003878525,-92.60817035593467
6715,15.89100817416868,14.121296085872045,-92.62326628879953
6716,15.885037302513345,14.109593860356194,-92.63836147832069
6717,15.879065153833524,14.097891327879776,-92.65345592475273
6718,15.873091728079133,14.086188488991121,-92.66854962835009
6719,15.867117025200496,14.074485344238095,-92.68364258936705
6720,15.861141045148347,14.06278189416809,-92.69873480805778
6721,15.855163787873831,14.051078139328032,-92.71382628467626
6722,15.849185253328502,14.039374080264379,-92.72891701947637
6723,15.84320544146432,14.02766971752312,-92.74400701271183
6724,15.83722435223366,14.015965051649777,-92.75909626463621
6725,15.8312419855893,14.004260083189404,-92.77418477550296
6726,15.825258341484428,13.992554812686588,-92.78927254556535
6727,15.81927341987264,13.980849240685451,-92.80435957507656
6728,15.81328722070794,13.969143367729648,-92.81944586428958
6729,15.807299743944736,13.957437194362367,-92.83453141345728
6730,15.801310989537843,13.94573072112633,-92.8496162228324
6731,15.795320957442486,13.934023948563794,-92.8647002926675
6732,15.789329647614293,13.922316877216556,-92.87978362321503
6733,15.783337060009298,13.91060950762594,-92.8948662147273
6734,15.777343194583942,13.898901840332812,-92.90994806745647
6735,15.771348051295067,13.887193875877571,-92.92502918165454
6736,15.765351630099925,13.875485614800155,-92.94010955757341
6737,15.759353930956166,13.863777057640036,-92.9551891954648
6738,15.75335495382185,13.852068204936224,-92.97026809558031
6739,15.747354698655435,13.840359057227266,-92.98534625817139
6740,15.741353165415788,13.82864961505125,-93.00042368348937
6741,15.735350354062174,13.816939878945796,-93.01550037178542
6742,15.72934626455426,13.805229849448068,-93.03057632331056
6743,15.723340896852122,13.793519527094768,-93.04565153831568
6744,15.71733425091623,13.781808912422132,-93.06072601705155
6745,15.711326326707459,13.770098005965943,-93.07579975976878
6746,15.705317124187086,13.758386808261518,-93.09087276671785
6747,15.699306643316788,13.746675319843716,-93.10594503814909
6748,15.693294884058643,13.734963541246936,-93.12101657431268
6749,15.687281846375127,13.723251473005119,-93.13608737545869
6750,15.681267530229116,13.711539115651744,-93.15115744183703
6751,15.675251935583887,13.699826469719836,-93.16622677369747
6752,15.669235062403118,13.688113535741959,-93.18129537128966
6753,15.663216910650881,13.67640031425022,-93.1963632348631
6754,15.65719748029165,13.664686805776267,-93.21143036466714
6755,15.651176771290295,13.65297301085129,-93.226496760951
6756,15.645154783612085,13.641258930006027,-93.24156242396376
6757,15.639131517222687,13.629544563770752,-93.25662735395437
6758,15.633106972088163,13.617829912675289,-93.27169155117164
6759,15.627081148174971,13.606114977249003,-93.28675501586424
6760,15.621054045449972,13.594399758020806,-93.3018177482807
6761,15.615025663880413,13.582684255519151,-93.31687974866941
6762,15.608996003433944,13.570968470272039,-93.33194101727861
6763,15.602965064078608,13.559252402807013,-93.34700155435642
6764,15.596932845782844,13.547536053651166,-93.36206136015083
6765,15.590899348515483,13.535819423331134,-93.37712043490968
6766,15.584864572245753,13.524102512373101,-93.39217877888068
6767,15.578828516943274,13.512385321302796,-93.40723639231138
6768,15.572791182578062,13.500667850645497,-93.4222932754492
6769,15.566752569120524,13.488950100926028,-93.43734942854147
6770,15.560712676541462,13.47723207266876,-93.45240485183531
6771,15.554671504812069,13.465513766397615,-93.46745954557777
6772,15.54862905390393,13.45379518263606,-93.4825135100157
6773,15.542585323789023,13.442076321907113,-93.49756674539589
6774,15.536540314439717,13.430357184733337,-93.5126192519649
6775,15.530494025828773,13.418637771636849,-93.52767102996924
6776,15.524446457929342,13.406918083139315,-93.54272207965523
6777,15.518397610714965,13.395198119761949,-93.55777240126908
6778,15.512347484159575,13.383477882025513,-93.57282199505684
6779,15.506296078237494,13.371757370450327,-93.58787086126446
6780,15.500243392923434,13.360036585556255,-93.60291900013773
6781,15.494189428192493,13.348315527862715,-93.61796641192231
6782,15.488134184020163,13.336594197888676,-93.6330130968637
6783,15.482077660382322,13.324872596152659,-93.64805905520733
6784,15.476019857255235,13.313150723172738,-93.66310428719842
6785,15.469960774615556,13.301428579466538,-93.6781487930821
6786,15.463900412440326,13.28970616555124,-93.69319257310336
6787,15.457838770706974,13.277983481943572,-93.70823562750704
6788,15.451775849393316,13.266260529159823,-93.72327795653786
6789,15.445711648477554,13.254537307715829,-93.73831956044039
6790,15.439646167938275,13.242813818126985,-93.75336043945909
6791,15.433579407754452,13.231090060908238,-93.76840059383825
6792,15.427511367905446,13.219366036574092,-93.78344002382207
6793,15.421442048370999,13.207641745638604,-93.79847872965458
6794,15.415371449131241,13.195917188615388,-93.8135167115797
6795,15.409299570166686,13.18419236601761,-93.8285539698412
6796,15.40322641145823,13.172467278357997,-93.84359050468271
6797,15.397151972987153,13.16074192614883,-93.85862631634775
6798,15.391076254735124,13.149016309901947,-93.8736614050797
6799,15.384999256684186,13.137290430128743,-93.8886957711218
6800,15.37892097881677,13.12556428734017,-93.90372941471715
6801,15.372841421115691,13.113837882046738,-93.91876233610873
6802,15.366760583564142,13.102111214758516,-93.93379453553938
6803,15.3606784661457,13.09038428598513,-93.9488260132518
6804,15.35459506884432,13.078657096235762,-93.96385676948859
6805,15.348510391644345,13.06692964601916,-93.97888680449218
6806,15.342424434530491,13.055201935843625,-93.99391611850488
6807,15.336337197487858,13.04347396621702,-94.00894471176889
6808,15.330248680501926,13.031745737646766,-94.02397258452623
6809,15.324158883558555,13.020017250639848,-94.03899973701884
6810,15.318067806643983,13.008288505702808,-94.05402616948848
6811,15.311975449744827,12.99655950334175,-94.06905188217682
6812,15.305881812848083,12.98483024406234,-94.08407687532538
6813,15.299786895941127,12.973100728369806,-94.09910114917554
6814,15.293690699011709,12.961370956768933,-94.11412470396856
6815,15.28759322204796,12.949640929764074,-94.12914753994556
6816,15.281494465038387,12.937910647859141,-94.14416965734755
6817,15.275394427971875,12.92618011155761,-94.15919105641537
6818,15.269293110837683,12.91444932136252,-94.17421173738977
6819,15.26319051362545,12.902718277776474,-94.18923170051134
6820,15.257086636325187,12.890986981301637,-94.20425094602057
6821,15.250981478927283,12.879255432439738,-94.21926947415777
6822,15.244875041422501,12.867523631692073,-94.23428728516318
6823,15.238767323801982,12.855791579559499,-94.24930437927686
6824,15.232658326057237,12.84405927654244,-94.26432075673877
6825,15.226548048180153,12.832326723140886,-94.27933641778873
6826,15.22043649016299,12.82059391985439,-94.29435136266642
6827,15.214323651998386,12.808860867182075,-94.3093655916114
6828,15.208209533679348,12.797127565622624,-94.3243791048631
6829,15.202094135199255,12.785394015674292,-94.33939190266082
6830,15.19597745655186,12.773660217834898,-94.35440398524374
6831,15.18985949773129,12.76192617260183,-94.36941535285088
6832,15.18374025873204,12.750191880472043,-94.38442600572117
6833,15.177619739548982,12.738457341942057,-94.39943594409337
6834,15.171497940177353,12.726722557507964,-94.41444516820616
6835,15.165374860612765,12.714987527665421,-94.42945367829805
6836,15.159250500851197,12.703252252909657,-94.44446147460742
6837,15.153124860889003,12.691516733735465,-94.45946855737256
6838,15.146997940722903,12.679780970637214,-94.4744749268316
6839,15.140869740349988,12.668044964108837,-94.48948058322256
6840,15.134740259767716,12.65630871464384,-94.5044855267833
6841,15.128609498973917,12.644572222735299,-94.51948975775157
6842,15.122477457966788,12.632835488875859,-94.53449327636501
6843,15.116344136744893,12.621098513557737,-94.54949608286113
6844,15.110209535307165,12.60936129727272,-94.56449817747726
6845,15.104073653652904,12.597623840512167,-94.57949956045067
6846,15.097936491781777,12.58588614376701,-94.59450023201846
6847,15.09179804969382,12.57414820752775,-94.60950019241763
6848,15.085658327389432,12.562410032284467,-94.62449944188502
6849,15.079517324869379,12.550671618526804,-94.63949798065737
6850,15.073375042134794,12.538932966743987,-94.65449580897128
6851,15.067231479187175,12.527194077424808,-94.66949292706322
6852,15.061086636028385,12.515454951057635,-94.68448933516954
6853,15.05494051266065,12.50371558813041,-94.69948503352649
6854,15.048793109086564,12.49197598913065,-94.71448002237014
6855,15.04264442530908,12.480236154545445,-94.72947430193646
6856,15.03649446133152,12.46849608486146,-94.7444678724613
6857,15.030343217157567,12.456755780564936,-94.75946073418037
6858,15.024190692791267,12.445015242141691,-94.77445288732926
6859,15.018036888237027,12.433274470077116,-94.78944433214345
6860,15.011881803499621,12.421533464856179,-94.80443506885825
6861,15.00572543858418,12.409792226963424,-94.8194250977089
6862,14.999567793496201,12.398050756882972,-94.83441441893046
6863,14.993408868241538,12.386309055098522,-94.84940303275792
6864,14.987248662826408,12.37456712209335,-94.86439093942609
6865,14.981087177257391,12.362824958350307,-94.87937813916967
6866,14.974924411541425,12.351082564351826,-94.89436463222327
6867,14.968760365685808,12.339339940579913,-94.90935041882135
6868,14.962595039698199,12.327597087516159,-94.92433549919822
6869,14.956428433586613,12.315854005641727,-94.9393198735881
6870,14.950260547359427,12.304110695437364,-94.95430354222509
6871,14.944091381025379,12.292367157383396,-94.96928650534313
6872,14.937920934593558,12.280623391959725,-94.98426876317606
6873,14.931749208073418,12.268879399645838,-94.99925031595758
6874,14.925576201474769,12.257135180920798,-95.0142311639213
6875,14.919401914807775,12.245390736263252,-95.02921130730064
6876,14.91322634808296,12.233646066151426,-95.04419074632898
6877,14.907049501311205,12.221901171063127,-95.05916948123951
6878,14.900871374503746,12.210156051475744,-95.07414751226531
6879,14.894691967672173,12.198410707866248,-95.08912483963937
6880,14.888511280828437,12.186665140711193,-95.10410146359452
6881,14.88232931398484,12.174919350486714,-95.11907738436346
6882,14.87614606715404,12.163173337668528,-95.13405260217881
6883,14.869961540349053,12.151427102731938,-95.14902711727304
6884,14.86377573358324,12.139680646151827,-95.16400092987847
6885,14.857588646870328,12.127933968402665,-95.17897404022735
6886,14.85140028022439,12.116187069958503,-95.19394644855177
6887,14.845210633659853,12.104439951292976,-95.20891815508371
6888,14.839019707191499,12.092692612879306,-95.22388916005502
6889,14.832827500834462,12.080945055190298,-95.23885946369745
6890,14.826634014604227,12.069197278698345,-95.2538290662426
6891,14.820439248516633,12.057449283875421,-95.26879796792196
6892,14.81424320258787,12.045701071193088,-95.28376616896688
6893,14.808045876834475,12.033952641122495,-95.29873366960861
6894,14.801847271273344,12.022203994134374,-95.31370047007827
6895,14.795647385921718,12.010455130699048,-95.32866657060687
6896,14.789446220797192,11.998706051286424,-95.34363197142528
6897,14.783243775917706,11.986956756365997,-95.35859667276426
6898,14.777040051301553,11.975207246406848,-95.37356067485445
6899,14.770835046967374,11.963457521877649,-95.38852397792633
6900,14.76462876293416,11.951707583246657,-95.4034865822103
6901,14.758421199221253,11.93995743098172,-95.41844848793666
6902,14.752212355848338,11.92820706555027,-95.43340969533553
6903,14.74600223283545,11.916456487419333,-95.44837020463693
6904,14.739790830202972,11.904705697055524,-95.46333001607078
6905,14.733578147971636,11.892954694925045,-95.47828912986687
6906,14.727364186162518,11.881203481493689,-95.49324754625485
6907,14.721148944797042,11.86945205722684,-95.50820526546427
6908,14.714932423896979,11.857700422589469,-95.52316228772455
6909,14.708714623484445,11.845948578046142,-95.53811861326498
6910,14.702495543581902,11.834196524061015,-95.55307424231476
6911,14.696275184212157,11.822444261097834,-95.56802917510295
6912,14.69005354539836,11.810691789619938,-95.58298341185849
6913,14.68383062716401,11.798939110090256,-95.5979369528102
6914,14.677606429532947,11.78718622297131,-95.61288979818677
6915,14.671380952529358,11.775433128725215,-95.6278419482168
6916,14.665154196177768,11.76367982781368,-95.64279340312874
6917,14.658926160503052,11.751926320698006,-95.65774416315092
6918,14.652696845530423,11.740172607839085,-95.67269422851159
6919,14.646466251285439,11.728418689697406,-95.68764359943883
6920,14.640234377794,11.716664566733051,-95.70259227616063
6921,14.634001225082347,11.704910239405695,-95.71754025890486
6922,14.627766793177063,11.69315570817461,-95.73248754789927
6923,14.621531082105074,11.681400973498661,-95.74743414337148
6924,14.615294091893645,11.669646035836308,-95.762380045549
6925,14.609055822570383,11.657890895645608,-95.77732525465922
6926,14.602816274163233,11.64613555338421,-95.79226977092941
6927,14.596575446700482,11.634380009509366,-95.80721359458671
6928,14.590333340210757,11.622624264477917,-95.82215672585818
6929,14.584089954723021,11.610868318746304,-95.83709916497071
6930,14.577845290266582,11.599112172770566,-95.85204091215111
6931,14.571599346871082,11.587355827006336,-95.86698196762606
6932,14.5653521245665,11.575599281908845,-95.88192233162212
6933,14.559103623383159,11.563842537932926,-95.89686200436574
6934,14.552853843351713,11.552085595533004,-95.91180098608325
6935,14.546602784503158,11.540328455163106,-95.92673927700083
6936,14.540350446868825,11.528571117276858,-95.9416768773446
6937,14.534096830480381,11.516813582327481,-95.95661378734053
6938,14.527841935369832,11.5050558507678,-95.97155000721446
6939,14.521585761569517,11.493297923050235,-95.98648553719214
6940,14.515328309112114,11.48153979962681,-96.00142037749919
6941,14.509069578030633,11.469781480949148,-96.01635452836112
6942,14.50280956835842,11.45802296746847,-96.03128799000332
6943,14.496548280129158,11.446264259635598,-96.04622076265106
6944,14.49028571337686,11.434505357900957,-96.0611528465295
6945,14.484021868135876,11.422746262714572,-96.07608424186365
6946,14.47775674444089,11.41098697452607,-96.09101494887847
6947,14.47149034232692,11.399227493784679,-96.10594496779873
6948,14.465222661829312,11.38746782093923,-96.12087429884916
6949,14.45895370298375,11.375707956438156,-96.1358029422543
6950,14.45268346582625,11.36394790072949,-96.15073089823862
6951,14.446411950393157,11.352187654260874,-96.16565816702646
6952,14.44013915672115,11.340427217479546,-96.18058474884205
6953,14.43386508484724,11.328666590832352,-96.1955106439095
6954,14.427589734808764,11.316905774765742,-96.2104358524528
6955,14.421313106643398,11.305144769725766,-96.22536037469584
6956,14.415035200389141,11.293383576158083,-96.24028421086237
6957,14.408756016084327,11.281622194507955,-96.25520736117605
6958,14.402475553767616,11.269860625220248,-96.27012982586041
6959,14.396193813478,11.258098868739435,-96.28505160513886
6960,14.3899107952548,11.24633692550959,-96.29997269923471
6961,14.383626499137664,11.2345747959744,-96.31489310837117
6962,14.37734092516657,11.22281248057715,-96.32981283277128
6963,14.371054073381822,11.21104997976074,-96.34473187265802
6964,14.364765943824057,11.199287293967668,-96.35965022825422
6965,14.358476536534234,11.187524423640046,-96.37456789978263
6966,14.35218585155364,11.175761369219586,-96.38948488746585
6967,14.345893888923891,11.163998131147615,-96.4044011915264
6968,14.339600648686927,11.152234709865063,-96.41931681218666
6969,14.333306130885017,11.140471105812468,-96.4342317496689
6970,14.327010335560752,11.128707319429978,-96.44914600419528
6971,14.320713262757053,11.11694335115735,-96.46405957598786
6972,14.314414912517162,11.105179201433948,-96.47897246526855
6973,14.308115284884648,11.093414870698748,-96.4938846722592
6974,14.301814379903405,11.08165035939033,-96.5087961971815
6975,14.29551219761765,11.06988566794689,-96.52370704025704
6976,14.289208738071924,11.058120796806229,-96.5386172017073
6977,14.282904001311092,11.04635574640576,-96.55352668175365
6978,14.276597987380342,11.03459051718251,-96.56843548061735
6979,14.270290696325183,11.02282510957311,-96.58334359851955
6980,14.26398212819145,11.01105952401381,-96.59825103568126
6981,14.257672283025299,10.999293760940462,-96.61315779232339
6982,14.251361160873206,10.98752782078854,-96.62806386866676
6983,14.24504876178197,10.97576170399312,-96.64296926493205
6984,14.23873508579871,10.963995410988899,-96.65787398133985
6985,14.232420132970871,10.95222894221018,-96.67277801811062
6986,14.226103903346212,10.940462298090882,-96.6876813754647
6987,14.219786396972816,10.928695479064535,-96.70258405362236
6988,14.213467613899084,10.916928485564284,-96.71748605280371
6989,14.207147554173737,10.905161318022888,-96.73238737322878
6990,14.200826217845817,10.893393976872717,-96.74728801511746
6991,14.194503604964684,10.88162646254576,-96.76218797868955
6992,14.188179715580016,10.869858775473617,-96.77708726416475
6993,14.18185454974181,10.858090916087502,-96.7919858717626
6994,14.175528107500382,10.846322884818246,-96.8068838017026
6995,14.169200388906361,10.834554682096295,-96.82178105420407
6996,14.162871394010699,10.82278630835171,-96.83667762948626
6997,14.156541122864663,10.811017764014165,-96.8515735277683
6998,14.150209575519835,10.799249049512957,-96.86646874926919
6999,14.143876752028115,10.787480165276994,-96.88136329420784
7000,14.13754265244172,10.775711111734802,-96.89625716280307
7001,14.131207276813182,10.763941889314523,-96.91115035527353
7002,14.124870625195348,10.752172498443919,-96.92604287183782
7003,14.118532697641378,10.740402939550364,-96.94093471271438
7004,14.11219349420475,10.728633213060856,-96.95582587812157
7005,14.105853014939255,10.716863319402009,-96.97071636827765
7006,14.099511259898998,10.705093259000053,-96.98560618340073
7007,14.0931682291384,10.693323032280839,-97.00049532370886
7008,14.08682392271219,10.681552639669835,-97.01538378941993
7009,14.080478340675416,10.66978208159213,-97.03027158075174
7010,14.074131483083438,10.65801135847243,-97.045158697922
7011,14.067783349991924,10.646240470735064,-97.0600451411483
7012,14.061433941456858,10.634469418803977,-97.07493091064809
7013,14.055083257534536,10.622698203102738,-97.08981600663876
7014,14.048731298281563,10.610926824054534,-97.10470042933754
7015,14.042378063754859,10.599155282082174,-97.11958417896159
7016,14.036023554011651,10.587383577608087,-97.13446725572796
7017,14.029667769109478,10.575611711054323,-97.14934965985356
7018,14.02331070910619,10.563839682842556,-97.1642313915552
7019,14.016952374059946,10.552067493394079,-97.17911245104963
7020,14.010592764029214,10.540295143129807,-97.19399283855343
7021,14.004231879072773,10.528522632470281,-97.20887255428309
7022,13.99786971924971,10.516749961835663,-97.223751598455
7023,13.99150628461942,10.504977131645735,-97.23862997128543
7024,13.98514157524161,10.493204142319904,-97.25350767299057
7025,13.978775591176287,10.481430994277202,-97.26838470378645
7026,13.972408332483775,10.469657687936284,-97.28326106388906
7027,13.9660397992247,10.457884223715428,-97.29813675351421
7028,13.959669991459993,10.446110602032537,-97.31301177287766
7029,13.953298909250899,10.434336823305138,-97.32788612219503
7030,13.946926552658962,10.422562887950384,-97.34275980168184
7031,13.940552921746036,10.410788796385052,-97.35763281155351
7032,13.93417801657428,10.399014549025544,-97.37250515202535
7033,13.92780183720616,10.387240146287889,-97.38737682331255
7034,13.92142438370444,10.37546558858774,-97.40224782563021
7035,13.9150456561322,10.363690876340378,-97.41711815919331
7036,13.908665654552816,10.35191600996071,-97.43198782421672
7037,13.902284379029972,10.34014098986327,-97.44685682091523
7038,13.895901829627652,10.328365816462217,-97.4617251495035
7039,13.889518006410148,10.316590490171338,-97.47659281019607
7040,13.883132909442054,10.30481501140405,-97.4914598032074
7041,13.876746538788264,10.293039380573395,-97.50632612875185
7042,13.870358894513979,10.281263598092044,-97.52119178704365
7043,13.863969976684697,10.269487664372296,-97.53605677829692
7044,13.857579785366221,10.257711579826077,-97.5509211027257
7045,13.851188320624658,10.245935344864947,-97.56578476054389
7046,13.844795582526412,10.234158959900089,-97.58064775196533
7047,13.83840157113819,10.22238242534232,-97.5955100772037
7048,13.832006286527,10.210605741602082,-97.61037173647262
7049,13.825609728760146,10.198828909089451,-97.62523272998557
7050,13.819211897905237,10.187051928214133,-97.64009305795595
7051,13.812812794030183,10.175274799385463,-97.65495272059705
7052,13.806412417203187,10.163497523012404,-97.66981171812205
7053,13.800010767492756,10.151720099503555,-97.68467005074402
7054,13.793607844967694,10.139942529267142,-97.69952771867592
7055,13.787203649697103,10.128164812711026,-97.71438472213063
7056,13.780798181750386,10.116386950242697,-97.72924106132089
7057,13.77439144119724,10.104608942269282,-97.74409673645935
7058,13.76798342810766,10.092830789197533,-97.75895174775859
7059,13.761574142551941,10.081052491433839,-97.77380609543103
7060,13.755163584600671,10.06927404938422,-97.788659779689
7061,13.748751754324738,10.05749546345433,-97.80351280074476
7062,13.742338651795324,10.045716734049458,-97.81836515881042
7063,13.735924277083907,10.033937861574524,-97.83321685409801
7064,13.729508630262261,10.022158846434081,-97.84806788681946
7065,13.723091711402457,10.01037968903232,-97.86291825718658
7066,13.716673520576856,9.998600389773063,-97.87776796541108
7067,13.71025405785812,9.98682094905977,-97.89261701170459
7068,13.703833323319198,9.97504136729553,-97.90746539627858
7069,13.697411317033342,9.963261644883074,-97.92231311934448
7070,13.69098803907409,9.951481782224764,-97.93716018111358
7071,13.684563489515277,9.9397017797226,-97.95200658179708
7072,13.67813766843103,9.927921637778217,-97.96685232160605
7073,13.671710575895766,9.916141356792886,-97.9816974007515
7074,13.6652822119842,9.904360937167516,-97.9965418194443
7075,13.658852576771336,9.892580379302649,-98.01138557789524
7076,13.652421670332469,9.880799683598466,-98.026228676315
7077,13.645989492743187,9.86901885045479,-98.04107111491415
7078,13.639556044079368,9.857237880271073,-98.05591289390316
7079,13.633121324417182,9.845456773446411,-98.07075401349239
7080,13.62668533383309,9.833675530379537,-98.08559447389213
7081,13.620248072403838,9.82189415146882,-98.10043427531252
7082,13.61380954020647,9.810112637112269,-98.11527341796364
7083,13.607369737318313,9.798330987707532,-98.13011190205543
7084,13.600928663816989,9.786549203651896,-98.14494972779777
7085,13.594486319780403,9.774767285342287,-98.15978689540039
7086,13.588042705286751,9.762985233175272,-98.17462340507295
7087,13.58159782041452,9.751203047547055,-98.189459257025
7088,13.575151665242482,9.739420728853483,-98.20429445146601
7089,13.568704239849696,9.727638277490042,-98.21912898860529
7090,13.56225554431551,9.715855693851859,-98.23396286865211
7091,13.55580557871956,9.7040729783337,-98.2487960918156
7092,13.549354343141767,9.692290131329976,-98.26362865830481
7093,13.542901837662338,9.680507153234737,-98.27846056832867
7094,13.536448062361767,9.668724044441674,-98.29329182209602
7095,13.529993017320836,9.656940805344123,-98.3081224198156
7096,13.523536702620607,9.645157436335058,-98.32295236169605
7097,13.517079118342433,9.633373937807098,-98.3377816479459
7098,13.51062026456795,9.621590310152504,-98.35261027877358
7099,13.504160141379074,9.60980655376318,-98.36743825438744
7100,13.497698748858015,9.598022669030675,-98.38226557499569
7101,13.491236087087257,9.586238656346177,-98.39709224080647
7102,13.484772156149573,9.574454516100523,-98.41191825202782
7103,13.478306956128018,9.562670248684192,-98.42674360886765
7104,13.47184048710593,9.550885854487305,-98.4415683115338
7105,13.46537274916693,9.53910133389963,-98.456392360234
7106,13.458903742394922,9.527316687310579,-98.47121575517589
7107,13.452433466874089,9.515531915109209,-98.48603849656698
7108,13.4459619226889,9.503747017684223,-98.5008605846147
7109,13.439489109924104,9.491961995423967,-98.51568201952638
7110,13.433015028664729,9.480176848716436,-98.53050280150926
7111,13.426539678996084,9.46839157794927,-98.54532293077045
7112,13.420063061003763,9.456606183509752,-98.560142407517
7113,13.413585174773635,9.444820665784817,-98.57496123195584
7114,13.407106020391852,9.433035025161045,-98.58977940429378
7115,13.400625597944845,9.42124926202466,-98.60459692473756
7116,13.394143907519323,9.409463376761536,-98.61941379349382
7117,13.387660949202276,9.397677369757195,-98.63423001076909
7118,13.381176723080971,9.385891241396806,-98.6490455767698
7119,13.374691229242954,9.374104992065183,-98.66386049170228
7120,13.368204467776048,9.362318622146795,-98.67867475577278
7121,13.361716438768354,9.350532132025753,-98.6934883691874
7122,13.355227142308253,9.338745522085821,-98.70830133215222
7123,13.3487365784844,9.32695879271041,-98.72311364487315
7124,13.34224474738573,9.315171944282582,-98.73792530755605
7125,13.33575164910145,9.303384977185047,-98.75273632040665
7126,13.329257283721047,9.291597891800164,-98.7675466836306
7127,13.322761651334282,9.279810688509944,-98.78235639743343
7128,13.316264752031193,9.268023367696049,-98.7971654620206
7129,13.309766585902093,9.25623592973979,-98.81197387759745
7130,13.303267153037568,9.244448375022127,-98.82678164436925
7131,13.29676645352848,9.232660703923676,-98.84158876254112
7132,13.290264487465967,9.2208729168247,-98.85639523231815
7133,13.283761254941437,9.209085014105115,-98.87120105390527
7134,13.277256756046576,9.19729699614449,-98.88600622750735
7135,13.27075099087334,9.185508863322044,-98.90081075332915
7136,13.264243959513962,9.173720616016649,-98.91561463157534
7137,13.257735662060943,9.16193225460683,-98.93041786245048
7138,13.251226098607061,9.150143779470767,-98.94522044615904
7139,13.244715269245363,9.138355190986289,-98.9600223829054
7140,13.23820317406917,9.126566489530878,-98.97482367289382
7141,13.231689813172075,9.114777675481676,-98.98962431632849
7142,13.225175186647938,9.102988749215472,-99.00442431341348
7143,13.218659294590895,9.091199711108711,-99.0192236643528
7144,13.212142137095348,9.079410561537495,-99.0340223693503
7145,13.205623714255976,9.067621300877578,-99.04882042860979
7146,13.199104026167722,9.055831929504368,-99.06361784233496
7147,13.192583072925801,9.04404244779293,-99.07841461072942
7148,13.186060854625696,9.032252856117987,-99.09321073399667
7149,13.179537371363162,9.02046315485391,-99.1080062123401
7150,13.173012623234222,9.008673344374731,-99.12280104596303
7151,13.166486610335165,8.996883425054138,-99.13759523506866
7152,13.159959332762549,8.985093397265475,-99.15238877986012
7153,13.153430790613204,8.97330326138174,-99.16718168054042
7154,13.146900983984223,8.961513017775593,-99.18197393731249
7155,13.140369912972966,8.949722666819344,-99.19676555037917
7156,13.133837577677065,8.937932208884966,-99.21155651994317
7157,13.127303978194414,8.926141644344089,-99.22634684620715
7158,13.120769114623176,8.914350973567997,-99.24113652937363
7159,13.114232987061778,8.902560196927636,-99.25592556964507
7160,13.107695595608915,8.890769314793609,-99.27071396722383
7161,13.101156940363545,8.878978327536178,-99.28550172231213
7162,13.094617021424893,8.867187235525261,-99.30028883511217
7163,13.08807583889245,8.855396039130438,-99.315075305826
7164,13.08153339286597,8.843604738720948,-99.32986113465559
7165,13.074989683445468,8.83181333466569,-99.34464632180281
7166,13.06844471073123,8.82002182733322,-99.35943086746946
7167,13.0618984748238,8.808230217091756,-99.3742147718572
7168,13.055350975823988,8.796438504309176,-99.38899803516765
7169,13.048802213832866,8.784646689353018,-99.40378065760228
7170,13.042252188951771,8.772854772590481,-99.4185626393625
7171,13.035700901282299,8.761062754388426,-99.43334398064964
7172,13.02914835092631,8.749270635113374,-99.4481246816649
7173,13.022594537985926,8.737478415131509,-99.46290474260938
7174,13.016039462563532,8.725686094808674,-99.47768416368413
7175,13.00948312476177,8.713893674510377,-99.49246294509007
7176,13.002925524683548,8.702101154601785,-99.50724108702804
7177,12.99636666243203,8.690308535447729,-99.52201858969877
7178,12.989806538110642,8.678515817412704,-99.53679545330294
7179,12.983245151823073,8.666723000860866,-99.55157167804109
7180,12.976682503673269,8.654930086156035,-99.56634726411367
7181,12.970118593765434,8.643137073661695,-99.58112221172108
7182,12.963553422204036,8.631343963740992,-99.59589652106357
7183,12.956986989093798,8.619550756756738,-99.61067019234133
7184,12.950419294539701,8.607757453071406,-99.62544322575445
7185,12.943850338646987,8.595964053047137,-99.64021562150292
7186,12.937280121521155,8.584170557045734,-99.65498737978665
7187,12.93070864326796,8.572376965428667,-99.66975850080544
7188,12.924135903993417,8.560583278557068,-99.68452898475903
7189,12.917561903803795,8.54878949679174,-99.69929883184702
7190,12.910986642805625,8.536995620493144,-99.71406804226895
7191,12.904410121105688,8.525201650021412,-99.72883661622426
7192,12.897832338811025,8.513407585736342,-99.74360455391229
7193,12.891253296028932,8.501613427997396,-99.7583718555323
7194,12.88467299286696,8.489819177163705,-99.77313852128346
7195,12.878091429432919,8.478024833594063,-99.78790455136482
7196,12.871508605834867,8.466230397646934,-99.80266994597535
7197,12.864924522181123,8.454435869680449,-99.81743470531396
7198,12.858339178580257,8.442641250052407,-99.83219882957943
7199,12.851752575141095,8.430846539120274,-99.84696231897045
7200,12.845164711972714,8.419051737241185,-99.86172517368566
7201,12.838575589184448,8.40725684477194,-99.87648739392354
7202,12.831985206885882,8.395461862069011,-99.89124897988255
7203,12.825393565186856,8.383666789488537,-99.90600993176099
7204,12.818800664197457,8.371871627386325,-99.92077024975713
7205,12.812206504028033,8.360076376117854,-99.93552993406911
7206,12.805611084789177,8.348281036038271,-99.95028898489498
7207,12.799014406591736,8.336485607502393,-99.96504740243272
7208,12.792416469546808,8.324690090864705,-99.9798051868802
7209,12.785817273765744,8.312894486479363,-99.99456233843522
7210,12.779216819360142,8.301098794700197,-100.00931885729545
7211,12.772615106441856,8.289303015880702,-100.02407474365852
7212,12.766012135122985,8.277507150374047,-100.03882999772192
7213,12.75940790551588,8.265711198533074,-100.05358461968308
7214,12.752802417733143,8.25391516071029,-100.06833860973933
7215,12.746195671887625,8.242119037257881,-100.08309196808791
7216,12.739587668092422,8.230322828527699,-100.09784469492598
7217,12.732978406460886,8.21852653487127,-100.11259679045058
7218,12.726367887106608,8.206730156639793,-100.12734825485869
7219,12.719756110143438,8.19493369418414,-100.1420990883472
7220,12.713143075685464,8.183137147854854,-100.15684929111288
7221,12.706528783847027,8.171340518002152,-100.17159886335243
7222,12.699913234742716,8.159543804975923,-100.18634780526247
7223,12.693296428487365,8.147747009125732,-100.20109611703951
7224,12.686678365196054,8.135950130800815,-100.21584379887999
7225,12.680059044984109,8.124153170350084,-100.23059085098024
7226,12.673438467967104,8.112356128122123,-100.2453372735365
7227,12.66681663426086,8.100559004465193,-100.26008306674495
7228,12.66019354398144,8.088761799727227,-100.27482823080165
7229,12.653569197245156,8.076964514255835,-100.28957276590258
7230,12.646943594168562,8.0651671483983,-100.30431667224363
7231,12.640316734868456,8.053369702501582,-100.3190599500206
7232,12.633688619461884,8.041572176912316,-100.3338025994292
7233,12.627059248066132,8.029774571976814,-100.34854462066507
7234,12.620428620798732,8.017976888041062,-100.36328601392373
7235,12.613796737777461,8.006179125450723,-100.37802677940063
7236,12.607163599120335,7.994381284551137,-100.39276691729113
7237,12.600529204945618,7.98258336568732,-100.40750642779048
7238,12.593893555371812,7.970785369203966,-100.42224531109387
7239,12.587256650517663,7.9589872954454455,-100.43698356739641
7240,12.58061849050216,7.947189144755805,-100.45172119689308
7241,12.573979075444532,7.935390917478772,-100.46645819977878
7242,12.567338405464252,7.923592613957749,-100.48119457624837
7243,12.560696480681031,7.911794234535818,-100.49593032649656
7244,12.554053301214823,7.89999577955574,-100.51066545071802
7245,12.547408867185823,7.888197249359952,-100.5253999491073
7246,12.540763178714462,7.876398644290573,-100.54013382185886
7247,12.534116235921417,7.864599964689399,-100.5548670691671
7248,12.527468038927601,7.852801210897905,-100.56959969122632
7249,12.520818587854167,7.841002383257247,-100.5843316882307
7250,12.514167882822507,7.829203482108261,-100.59906306037439
7251,12.507515923954253,7.81740450779146,-100.61379380785141
7252,12.500862711371274,7.805605460647041,-100.6285239308557
7253,12.49420824519568,7.79380634101488,-100.64325342958114
7254,12.487552525549813,7.782007149234533,-100.65798230422148
7255,12.480895552556259,7.770207885645237,-100.67271055497041
7256,12.474237326337839,7.758408550585911,-100.68743818202152
7257,12.467577847017612,7.746609144395155,-100.70216518556832
7258,12.460917114718871,7.734809667411249,-100.71689156580423
7259,12.454255129565148,7.723010119972158,-100.7316173229226
7260,12.44759189168021,7.711210502415526,-100.74634245711667
7261,12.44092740118806,7.699410815078682,-100.76106696857958
7262,12.43426165821294,7.687611058298636,-100.77579085750443
7263,12.42759466287932,7.67581123241208,-100.7905141240842
7264,12.420926415311914,7.664011337755391,-100.80523676851179
7265,12.414256915635663,7.652211374664628,-100.81995879098001
7266,12.407586163975749,7.640411343475532,-100.83468019168158
7267,12.400914160457582,7.628611244523531,-100.84940097080917
7268,12.39424090520681,7.616811078143734,-100.86412112855531
7269,12.387566398349314,7.605010844670937,-100.87884066511248
7270,12.380890640011208,7.593210544439617,-100.89355958067304
7271,12.374213630318838,7.581410177783938,-100.9082778754293
7272,12.367535369398786,7.569609745037747,-100.92299554957349
7273,12.360855857377862,7.557809246534577,-100.9377126032977
7274,12.35417509438311,7.546008682607648,-100.95242903679399
7275,12.34749308054181,7.534208053589862,-100.9671448502543
7276,12.340809815981467,7.522407359813809,-100.98186004387051
7277,12.334125300829822,7.510606601611765,-100.9965746178344
7278,12.327439535214843,7.498805779315691,-101.01128857233766
7279,12.320752519264733,7.487004893257235,-101.0260019075719
7280,12.314064253107924,7.475203943767732,-101.04071462372865
7281,12.307374736873077,7.463402931178203,-101.05542672099934
7282,12.300683970689086,7.451601855819358,-101.07013819957533
7283,12.293991954685069,7.4398007180215915,-101.0848490596479
7284,12.28729868899038,7.427999518114987,-101.0995593014082
7285,12.280604173734595,7.4161982564293165,-101.11426892504737
7286,12.273908409047527,7.404396933294039,-101.1289779307564
7287,12.26721139505921,7.392595549038301,-101.14368631872624
7288,12.260513131899911,7.380794103990939,-101.1583940891477
7289,12.253813619700123,7.368992598480478,-101.17310124221157
7290,12.247112858590567,7.35719103283513,-101.18780777810852
7291,12.240410848702192,7.3453894073827986,-101.20251369702913
7292,12.233707590166173,7.333587722451075,-101.21721899916392
7293,12.22700308311391,7.321785978367241,-101.2319236847033
7294,12.220297327677034,7.3099841754582675,-101.24662775383761
7295,12.2135903239874,7.298182314050815,-101.26133120675712
7296,12.20688207217709,7.286380394471236,-101.27603404365198
7297,12.200172572378408,7.274578417045573,-101.29073626471227
7298,12.193461824723887,7.262776382099557,-101.305437870128
7299,12.186749829346285,7.250974289958612,-101.3201388600891
7300,12.180036586378582,7.239172140947852,-101.33483923478539
7301,12.173322095953987,7.227369935392085,-101.34953899440661
7302,12.166606358205929,7.215567673615807,-101.36423813914244
7303,12.159889373268063,7.203765355943207,-101.37893666918247
7304,12.153171141274267,7.1919629826981675,-101.39363458471618
7305,12.146451662358643,7.180160554204261,-101.408331885933
7306,12.139730936655518,7.1683580707847545,-101.42302857302225
7307,12.133008964299437,7.1565555327626065,-101.43772464617318
7308,12.126285745425172,7.144752940460468,-101.45242010557496
7309,12.119561280167714,7.132950294200684,-101.46711495141668
7310,12.11283556866228,7.121147594305294,-101.48180918388732
7311,12.106108611044306,7.109344841096029,-101.49650280317582
7312,12.099380407449448,7.097542034894315,-101.51119580947099
7313,12.092650958013587,7.085739176021271,-101.52588820296158
7314,12.085920262872822,7.073936264797711,-101.54057998383628
7315,12.079188322163473,7.062133301544143,-101.55527115228365
7316,12.072455136022082,7.05033028658077,-101.56996170849222
7317,12.065720704585411,7.0385272202274916,-101.58465165265038
7318,12.058985027990438,7.026724102803899,-101.59934098494648
7319,12.052248106374366,7.014920934629282,-101.61402970556877
7320,12.045509939874613,7.003117716022623,-101.62871781470542
7321,12.038770528628817,6.991314447302604,-101.64340531254454
7322,12.032029872774837,6.979511128787599,-101.65809219927412
7323,12.025287972450746,6.9677077607956805,-101.6727784750821
7324,12.01854482779484,6.955904343644618,-101.6874641401563
7325,12.011800438945627,6.944100877651876,-101.7021491946845
7326,12.00505480604184,6.932297363134617,-101.71683363885437
7327,11.998307929222424,6.9204938004097,-101.73151747285351
7328,11.991559808626542,6.908690189793681,-101.74620069686944
7329,11.984810444393574,6.896886531602815,-101.76088331108959
7330,11.978059836663116,6.885082826153054,-101.77556531570131
7331,11.97130798557498,6.873279073760047,-101.79024671089189
7332,11.964554891269195,6.861475274739143,-101.8049274968485
7333,11.957800553886006,6.849671429405388,-101.81960767375826
7334,11.951044973565873,6.837867538073528,-101.83428724180818
7335,11.944288150449468,6.8260636010580065,-101.84896620118523
7336,11.937530084677682,6.814259618672967,-101.86364455207627
7337,11.930770776391618,6.802455591232252,-101.87832229466805
7338,11.924010225732594,6.790651519049403,-101.89299942914731
7339,11.917248432842143,6.778847402437663,-101.90767595570065
7340,11.910485397862011,6.767043241709972,-101.92235187451463
7341,11.903721120934156,6.755239037178974,-101.9370271857757
7342,11.89695560220075,6.743434789157011,-101.95170188967025
7343,11.890188841804179,6.7316304979561234,-101.96637598638455
7344,11.883420839887041,6.719826163888058,-101.98104947610484
7345,11.876651596592145,6.708021787264259,-101.99572235901726
7346,11.869881112062513,6.696217368395871,-102.01039463530786
7347,11.86310938644138,6.684412907593743,-102.02506630516261
7348,11.856336419872191,6.6726084051684245,-102.03973736876742
7349,11.8495622124986,6.660803861430166,-102.0544078263081
7350,11.842786764464478,6.6489992766889205,-102.06907767797037
7351,11.8360100759139,6.637194651254345,-102.08374692393991
7352,11.829232146991158,6.625389985435796,-102.09841556440229
7353,11.822452977840749,6.613585279542336,-102.11308359954299
7354,11.815672568607381,6.601780533882729,-102.12775102954744
7355,11.808890919435973,6.589975748765442,-102.14241785460098
7356,11.80210803047165,6.578170924498645,-102.15708407488886
7357,11.795323901859751,6.566366061390213,-102.17174969059626
7358,11.78853853374582,6.554561159747725,-102.18641470190826
7359,11.78175192627561,6.542756219878463,-102.20107910900991
7360,11.774964079595087,6.5309512420894125,-102.21574291208613
7361,11.768174993850415,6.5191462266872655,-102.23040611132177
7362,11.761384669187976,6.507341173978418,-102.24506870690162
7363,11.754593105754353,6.49553608426897,-102.25973069901038
7364,11.747800303696337,6.483730957864728,-102.27439208783267
7365,11.741006263160928,6.471925795071204,-102.28905287355303
7366,11.734210984295332,6.460120596193614,-102.30371305635593
7367,11.72741446724696,6.448315361536881,-102.31837263642575
7368,11.72061671216343,6.4365100914056335,-102.33303161394679
7369,11.713817719192566,6.424704786104207,-102.34768998910327
7370,11.707017488482396,6.412899445936642,-102.36234776207937
7371,11.700216020181156,6.401094071206686,-102.37700493305913
7372,11.693413314437283,6.389288662217796,-102.39166150222654
7373,11.686609371399422,6.377483219273132,-102.40631746976553
7374,11.679804191216423,6.3656777426755635,-102.42097283585991
7375,11.672997774037338,6.353872232727668,-102.43562760069345
7376,11.666190120011422,6.34206668973173,-102.45028176444983
7377,11.659381229288135,6.330261113989741,-102.46493532731263
7378,11.652571102017141,6.318455505803403,-102.4795882894654
7379,11.645759738348309,6.306649865474124,-102.49424065109156
7380,11.638947138431705,6.29484419330302,-102.50889241237448
7381,11.632133302417602,6.283038489590919,-102.52354357349743
7382,11.625318230456474,6.271232754638357,-102.53819413464365
7383,11.618501922698998,6.2594269887455765,-102.55284409599625
7384,11.611684379296051,6.247621192212533,-102.56749345773828
7385,11.604865600398712,6.235815365338888,-102.58214222005273
7386,11.598045586158264,6.224009508424016,-102.59679038312248
7387,11.591224336726187,6.212203621767001,-102.61143794713036
7388,11.584401852254162,6.200397705666636,-102.6260849122591
7389,11.577578132894073,6.188591760421424,-102.64073127869139
7390,11.570753178798002,6.176785786329582,-102.6553770466098
7391,11.563926990118231,6.164979783689033,-102.67002221619684
7392,11.557099567007244,6.153173752797417,-102.68466678763494
7393,11.550270909617721,6.14136769395208,-102.69931076110646
7394,11.543441018102543,6.129561607450081,-102.71395413679369
7395,11.53660989261479,6.117755493588193,-102.7285969148788
7396,11.529777533307739,6.105949352662899,-102.74323909554396
7397,11.522943940334866,6.0941431849703935,-102.75788067897118
7398,11.516109113849845,6.082336990806585,-102.77252166534244
7399,11.50927305400655,6.070530770467093,-102.78716205483964
7400,11.50243576095905,6.0587245242472525,-102.8018018476446
7401,11.495597234861611,6.046918252442108,-102.81644104393905
7402,11.488757475868695,6.035111955346419,-102.83107964390467
7403,11.481916484134963,6.02330563325466,-102.84571764772305
7404,11.475074259815273,6.0114992864610155,-102.86035505557568
7405,11.468230803064676,5.999692915259386,-102.87499186764401
7406,11.461386114038422,5.987886519943387,-102.88962808410939
7407,11.454540192891956,5.976080100806345,-102.90426370515311
7408,11.447693039780917,5.9642736581413045,-102.91889873095637
7409,11.44084465486114,5.952467192241023,-102.93353316170031
7410,11.433995038288653,5.940660703397972,-102.94816699756598
7411,11.427144190219682,5.928854191904341,-102.96280023873436
7412,11.420292110810644,5.917047658052031,-102.97743288538635
7413,11.413438800218152,5.905241102132661,-102.99206493770278
7414,11.406584258599015,5.8934345244375645,-103.0066963958644
7415,11.399728486110229,5.881627925257793,-103.02132726005188
7416,11.392871482908989,5.869821304884112,-103.03595753044581
7417,11.38601324915268,5.858014663607003,-103.05058720722674
7418,11.379153784998882,5.846208001716666,-103.06521629057511
7419,11.372293090605366,5.834401319503016,-103.07984478067128
7420,11.365431166130094,5.822594617255685,-103.09447267769556
7421,11.358568011731222,5.810787895264025,-103.10909998182818
7422,11.3517036275671,5.798981153817102,-103.12372669324927
7423,11.344838013796263,5.787174393203699,-103.1383528121389
7424,11.337971170577442,5.775367613712321,-103.1529783386771
7425,11.331103098069557,5.7635608156311875,-103.16760327304377
7426,11.32423379643172,5.751753999248237,-103.18222761541875
7427,11.317363265823232,5.739947164851127,-103.19685136598183
7428,11.310491506403585,5.728140312727233,-103.21147452491269
7429,11.30361851833246,5.716333443163649,-103.22609709239096
7430,11.29674430176973,5.704526556447189,-103.24071906859619
7431,11.289868856875453,5.692719652864386,-103.25534045370786
7432,11.28299218380988,5.680912732701491,-103.26996124790536
7433,11.276114282733449,5.669105796244476,-103.28458145136801
7434,11.269235153806788,5.657298843779032,-103.29920106427508
7435,11.26235479719071,5.645491875590572,-103.31382008680573
7436,11.255473213046221,5.6336848919642275,-103.32843851913907
7437,11.24859040153451,5.62187789318485,-103.34305636145412
7438,11.241706362816958,5.610070879537013,-103.35767361392982
7439,11.234821097055127,5.598263851305011,-103.37229027674508
7440,11.227934604410772,5.586456808772857,-103.38690635007868
7441,11.221046885045832,5.574649752224287,-103.40152183410936
7442,11.214157939122433,5.56284268194276,-103.41613672901578
7443,11.20726776680289,5.551035598211454,-103.43075103497651
7444,11.200376368249698,5.539228501313271,-103.44536475217008
7445,11.193483743625542,5.527421391530834,-103.45997788077491
7446,11.186589893093291,5.515614269146488,-103.47459042096938
7447,11.179694816816001,5.5038071344423,-103.48920237293176
7448,11.172798514956911,5.491999987700062,-103.50381373684027
7449,11.165900987679446,5.480192829201287,-103.51842451287305
7450,11.159002235147213,5.468385659227212,-103.53303470120818
7451,11.152102257524007,5.456578478058796,-103.54764430202364
7452,11.145201054973802,5.4447712859767226,-103.56225331549736
7453,11.13829862766076,5.432964083261399,-103.57686174180718
7454,11.131394975749226,5.421156870192956,-103.59146958113088
7455,11.124490099403724,5.409349647051248,-103.60607683364617
7456,11.117583998788968,5.397542414115855,-103.62068349953067
7457,11.110676674069847,5.385735171666081,-103.63528957896195
7458,11.103768125411438,5.373927919980954,-103.64989507211746
7459,11.096858352978996,5.362120659339228,-103.66449997917464
7460,11.089947356937962,5.350313390019381,-103.67910430031081
7461,11.083035137453956,5.338506112299617,-103.69370803570325
7462,11.07612169469278,5.326698826457866,-103.70831118552915
7463,11.069207028820417,5.3148915327717825,-103.72291374996563
7464,11.06229114000303,5.303084231518747,-103.73751572918972
7465,11.055374028406963,5.291276922975868,-103.75211712337843
7466,11.048455694198742,5.279469607419977,-103.76671793270863
7467,11.041536137545071,5.267662285127636,-103.78131815735716
7468,11.034615358612836,5.25585495637513,-103.79591779750078
7469,11.0276933575691,5.244047621438472,-103.81051685331617
7470,11.020770134581108,5.232240280593405,-103.82511532497995
7471,11.01384568981628,5.220432934115396,-103.83971321266866
7472,11.006920023442222,5.208625582279641,-103.85431051655877
7473,10.99999313562671,5.196818225361063,-103.86890723682667
7474,10.993065026537703,5.185010863634312,-103.8835033736487
7475,10.98613569634334,5.173203497373768,-103.89809892720109
7476,10.979205145211933,5.161396126853539,-103.91269389766005
7477,10.972273373311976,5.149588752347461,-103.92728828520167
7478,10.965340380812137,5.137781374129099,-103.941882090002
7479,10.958406167881261,5.125973992471746,-103.95647531223699
7480,10.951470734688371,5.114166607648425,-103.97106795208255
7481,10.944534081402669,5.102359219931889,-103.98566000971451
7482,10.93759620819353,5.090551829594618,-104.00025148530861
7483,10.930657115230504,5.078744436908826,-104.01484237904053
7484,10.923716802683321,5.066937042146452,-104.02943269108589
7485,10.916775270721883,5.055129645579168,-104.04402242162023
7486,10.90983251951627,5.043322247478376,-104.058611570819
7487,10.902888549236733,5.031514848115209,-104.07320013885762
7488,10.895943360053703,5.019707447760529,-104.08778812591139
7489,10.888996952137783,5.007900046684929,-104.10237553215558
7490,10.882049325659748,4.996092645158735,-104.11696235776537
7491,10.875100480790552,4.984285243452003,-104.13154860291588
7492,10.868150417701319,4.972477841834521,-104.14613426778214
7493,10.861199136563346,4.960670440575807,-104.16071935253913
7494,10.854246637548108,4.948863039945114,-104.17530385736175
7495,10.847292920827249,4.937055640211424,-104.18988778242483
7496,10.840337986572585,4.9252482416434535,-104.20447112790312
7497,10.833381834956109,4.913440844509649,-104.2190538939713
7498,10.826424466149982,4.901633449078194,-104.23363608080402
7499,10.81946588032654,4.889826055616999,-104.2482176885758
7500,10.81250607765829,4.878018664393713,-104.26279871746114
7501,10.805545058317907,4.866211275675715,-104.27737916763444
7502,10.798582822478245,4.8544038897301185,-104.29195903927003
7503,10.791619370312322,4.842596506823771,-104.30653833254217
7504,10.784654701993329,4.830789127223253,-104.32111704762508
7505,10.777688817694628,4.818981751194879,-104.33569518469287
7506,10.770721717589751,4.807174379004699,-104.3502727439196
7507,10.763753401852401,4.795367010918496,-104.36484972547926
7508,10.756783870656452,4.7835596472017885,-104.37942612954576
7509,10.749813124175944,4.7717522881198295,-104.39400195629297
7510,10.742841162585087,4.759944933937607,-104.40857720589464
7511,10.735867986058262,4.748137584919845,-104.4231518785245
7512,10.728893594770017,4.736330241331001,-104.43772597435617
7513,10.721917988895072,4.724522903435271,-104.45229949356323
7514,10.714941168608311,4.712715571496584,-104.46687243631918
7515,10.707963134084789,4.7009082457786056,-104.48144480279744
7516,10.700983885499728,4.689100926544739,-104.49601659317138
7517,10.694003423028517,4.677293614058124,-104.51058780761429
7518,10.687021746846714,4.665486308581634,-104.52515844629939
7519,10.680038857130041,4.653679010377881,-104.53972850939982
7520,10.673054754054391,4.641871719709215,-104.5542979970887
7521,10.666069437795821,4.6300644368377215,-104.56886690953901
7522,10.659082908530554,4.618257162025225,-104.58343524692371
7523,10.65209516643498,4.606449895533286,-104.59800300941568
7524,10.645106211685658,4.5946426376232035,-104.61257019718772
7525,10.638116044459306,4.582835388556013,-104.62713681041258
7526,10.631124664932813,4.571028148592491,-104.64170284926291
7527,10.624132073283231,4.55922091799315,-104.65626831391133
7528,10.617138269687779,4.547413697018241,-104.67083320453037
7529,10.610143254323836,4.535606485927755,-104.68539752129249
7530,10.603147027368948,4.523799284981423,-104.69996126437007
7531,10.596149589000827,4.51199209443871,-104.71452443393547
7532,10.58915093939735,4.500184914558827,-104.72908703016093
7533,10.582151078736551,4.488377745600719,-104.74364905321865
7534,10.575150007196633,4.4765705878230735,-104.75821050328074
7535,10.568147724955962,4.464763441484317,-104.77277138051926
7536,10.561144232193065,4.452956306842617,-104.7873316851062
7537,10.554139529086633,4.441149184155879,-104.80189141721345
7538,10.54713361581552,4.429342073681752,-104.8164505770129
7539,10.54012649255874,4.417534975677623,-104.83100916467632
7540,10.533118159495471,4.405727890400621,-104.8455671803754
7541,10.526108616805052,4.393920818107616,-104.86012462428181
7542,10.519097864666985,4.382113759055219,-104.87468149656712
7543,10.512085903260932,4.370306713499782,-104.88923779740284
7544,10.505072732766715,4.3584996816974,-104.90379352696041
7545,10.498058353364318,4.346692663903908,-104.9183486854112
7546,10.491042765233885,4.3348856603748835,-104.93290327292652
7547,10.484025968555724,4.323078671365647,-104.94745728967762
7548,10.477007963510298,4.311271697131261,-104.96201073583565
7549,10.469988750278231,4.29946473792653,-104.97656361157173
7550,10.46296832904031,4.287657794006002,-104.9911159170569
7551,10.455946699977476,4.2758508656239655,-105.00566765246212
7552,10.448923863270833,4.264043953034456,-105.0202188179583
7553,10.441899819101645,4.252237056491249,-105.03476941371626
7554,10.43487456765133,4.240430176247866,-105.04931943990678
7555,10.427848109101467,4.228623312557571,-105.06386889670055
7556,10.420820443633794,4.216816465673371,-105.07841778426823
7557,10.413791571430206,4.205009635848017,-105.09296610278035
7558,10.406761492672757,4.1932028233340075,-105.10751385240744
7559,10.399730207543657,4.181396028383582,-105.12206103331991
7560,10.392697716225273,4.169589251248725,-105.13660764568813
7561,10.38566401890013,4.157782492181167,-105.1511536896824
7562,10.37862911575091,4.145975751432383,-105.16569916547296
7563,10.371593006960449,4.134169029253593,-105.18024407322997
7564,10.364555692711741,4.122362325895764,-105.19478841312353
7565,10.357517173187938,4.110555641609604,-105.20933218532367
7566,10.350477448572347,4.098748976645573,-105.22387539000036
7567,10.343436519048428,4.086942331253872,-105.23841802732349
7568,10.336394384799798,4.07513570568445,-105.2529600974629
7569,10.329351046010228,4.063329100187003,-105.26750160058836
7570,10.322306502863645,4.051522515010972,-105.28204253686955
7571,10.315260755544132,4.0397159504055455,-105.29658290647613
7572,10.308213804235926,4.027909406619659,-105.31112270957766
7573,10.301165649123416,4.016102883901995,-105.32566194634363
7574,10.294116290391145,4.004296382500984,-105.34020061694348
7575,10.28706572822381,3.992489902664801,-105.35473872154658
7576,10.280013962806265,3.980683444641372,-105.36927626032224
7577,10.272960994323514,3.9688770086783696,-105.3838132334397
7578,10.265906822960712,3.9570705950232137,-105.39834964106811
7579,10.25885144890317,3.945264203923073,-105.4128854833766
7580,10.251794872336353,3.9334578356248646,-105.42742076053419
7581,10.244737093445874,3.9216514903752544,-105.44195547270986
7582,10.2376781124175,3.9098451684206568,-105.45648962007253
7583,10.23061792943715,3.898038870007235,-105.47102320279103
7584,10.223556544690894,3.8862325953809007,-105.48555622103414
7585,10.216493958364953,3.8744263447873166,-105.50008867497058
7586,10.209430170645703,3.8626201184718933,-105.514620564769
7587,10.202365181719665,3.850813916679792,-105.52915189059797
7588,10.195298991773516,3.8390077396559232,-105.543682652626
7589,10.188231600994078,3.827201587644948,-105.55821285102155
7590,10.181163009568326,3.815395460891277,-105.57274248595301
7591,10.174093217683387,3.803589359639072,-105.58727155758869
7592,10.167022225526535,3.791783284132245,-105.60180006609686
7593,10.159950033285194,3.7799772346144587,-105.61632801164569
7594,10.152876641146936,3.768171211329127,-105.63085539440331
7595,10.145802049299485,3.7563652145194144,-105.64538221453779
7596,10.138726257930713,3.7445592444282374,-105.65990847221711
7597,10.131649267228639,3.732753301298264,-105.67443416760922
7598,10.12457107738143,3.7209473853719137,-105.68895930088196
7599,10.117491688577404,3.709141496891358,-105.70348387220315
7600,10.110411101005024,3.6973356360985203,-105.71800788174052
7601,10.103329314852902,3.685529803235076,-105.73253132966174
7602,10.096246330309796,3.673723998542454,-105.74705421613443
7603,10.089162147564615,3.6619182222618347,-105.76157654132611
7604,10.08207676680641,3.650112474634152,-105.77609830540428
7605,10.07499018822438,3.6383067559000923,-105.79061950853632
7606,10.067902412007873,3.6265010663000954,-105.80514015088961
7607,10.060813438346383,3.614695406074355,-105.81966023263143
7608,10.053723267429547,3.602889775462817,-105.83417975392899
7609,10.04663189944715,3.5910841747051827,-105.84869871494946
7610,10.039539334589122,3.579278604040906,-105.86321711585992
7611,10.032445573045539,3.567473063709196,-105.87773495682741
7612,10.025350615006621,3.555667553949015,-105.89225223801887
7613,10.018254460662734,3.5438620749990797,-105.90676895960122
7614,10.011157110204387,3.532056627097863,-105.92128512174129
7615,10.004058563822236,3.520251210483591,-105.93580072460585
7616,9.996958821707077,3.508445825394246,-105.9503157683616
7617,9.989857884049856,3.4966404720675643,-105.96483025317521
7618,9.982755751041658,3.4848351507410387,-105.97934417921323
7619,9.975652422873713,3.4730298616519164,-105.99385754664219
7620,9.968547899737393,3.4612246050372013,-106.00837035562854
7621,9.961442181824216,3.4494193811336533,-106.02288260633868
7622,9.95433526932584,3.4376141901777877,-106.03739429893893
7623,9.947227162434068,3.4258090324058763,-106.05190543359555
7624,9.940117861340843,3.4140039080539473,-106.06641601047474
7625,9.933007366238252,3.402198817357786,-106.08092602974263
7626,9.925895677318524,3.3903937605529344,-106.0954354915653
7627,9.918782794774026,3.378588737874691,-106.10994439610874
7628,9.911668718797273,3.3667837495581114,-106.12445274353892
7629,9.904553449580915,3.35497879583801,-106.13896053402172
7630,9.897436987317747,3.343173876948957,-106.15346776772294
7631,9.890319332200702,3.331368993125282,-106.16797444480837
7632,9.883200484422856,3.3195641446010704,-106.18248056544367
7633,9.876080444177424,3.3077593316101677,-106.19698612979448
7634,9.868959211657762,3.2959545543861766,-106.21149113802637
7635,9.861836787057364,3.2841498131624585,-106.22599559030485
7636,9.854713170569866,3.272345108172133,-106.24049948679534
7637,9.847588362389043,3.26054043964808,-106.25500282766325
7638,9.84046236270881,3.2487358078229365,-106.26950561307386
7639,9.833335171723215,3.2369312129291,-106.28400784319246
7640,9.826206789626454,3.2251266551987263,-106.2985095181842
7641,9.819077216612856,3.213322134863732,-106.31301063821425
7642,9.811946452876889,3.201517652155792,-106.32751120344764
7643,9.804814498613158,3.189713207306342,-106.34201121404939
7644,9.79768135401641,3.1779088005465783,-106.35651067018445
7645,9.790547019281524,3.166104432107456,-106.37100957201768
7646,9.783411494603522,3.154300102219691,-106.3855079197139
7647,9.776274780177559,3.1424958111137613,-106.40000571343786
7648,9.76913687619893,3.130691559019904,-106.41450295335427
7649,9.761997782863064,3.1188873461681172,-106.42899963962775
7650,9.75485750036553,3.1070831727881614,-106.44349577242285
7651,9.74771602890203,3.095279039109557,-106.45799135190408
7652,9.740573368668404,3.083474945361587,-106.4724863782359
7653,9.733429519860627,3.0716708917732953,-106.48698085158267
7654,9.726284482674808,3.0598668785734886,-106.50147477210872
7655,9.719138257307197,3.0480629059907343,-106.51596813997831
7656,9.711990843954172,3.036258974253363,-106.53046095535564
7657,9.704842242812253,3.0244550835894675,-106.54495321840483
7658,9.697692454078089,3.012651234226903,-106.55944492928995
7659,9.690541477948466,3.000847426393288,-106.57393608817502
7660,9.683389314620305,2.989043660316003,-106.58842669522397
7661,9.67623596429066,2.9772399362221917,-106.60291675060071
7662,9.66908142715672,2.965436254338762,-106.61740625446906
7663,9.661925703415804,2.9536326148923844,-106.63189520699277
7664,9.65476879326537,2.9418290181094933,-106.64638360833554
7665,9.647610696903008,2.9300254642162873,-106.66087145866102
7666,9.640451414526439,2.918221953438728,-106.67535875813279
7667,9.633290946333513,2.906418486002542,-106.68984550691437
7668,9.626129292522222,2.8946150621332203,-106.70433170516921
7669,9.618966453290684,2.8828116820560172,-106.71881735306071
7670,9.61180242883715,2.8710083459959534,-106.7333024507522
7671,9.604637219360002,2.859205054177813,-106.74778699840697
7672,9.597470825057759,2.8474018068261464,-106.76227099618819
7673,9.590303246129062,2.835598604165268,-106.77675444425905
7674,9.583134482772694,2.823795446419259,-106.79123734278264
7675,9.57596453518756,2.8119923338119643,-106.80571969192196
7676,9.568793403572704,2.800189266566996,-106.82020149184001
7677,9.561621088127293,2.788386244907732,-106.83468274269967
7678,9.554447589050628,2.7765832690573156,-106.8491634446638
7679,9.547272906542142,2.764780339238657,-106.86364359789518
7680,9.540097040801394,2.752977455674433,-106.87812320255654
7681,9.532919992028075,2.7411746185870856,-106.89260225881054
7682,9.525741760422006,2.729371828198825,-106.90708076681979
7683,9.518562346183135,2.7175690847316285,-106.92155872674682
7684,9.511381749511541,2.7057663884072394,-106.93603613875413
7685,9.50419997060743,2.693963739447169,-106.95051300300413
7686,9.497017009671142,2.682161138072696,-106.9649893196592
7687,9.489832866903138,2.6703585845048674,-106.97946508888161
7688,9.482647542504012,2.658556078964497,-106.99394031083362
7689,9.475461036674485,2.646753621672167,-107.00841498567742
7690,9.468273349615405,2.6349512128482275,-107.02288911357512
7691,9.461084481527749,2.6231488527127977,-107.03736269468878
7692,9.45389443261262,2.6113465414857653,-107.0518357291804
7693,9.446703203071248,2.5995442793867856,-107.06630821721191
7694,9.439510793104992,2.587742066635284,-107.08078015894522
7695,9.432317202915335,2.575939903450454,-107.09525155454212
7696,9.425122432703889,2.564137790051259,-107.10972240416437
7697,9.41792648267239,2.552335726656432,-107.12419270797369
7698,9.410729353022703,2.5405337134844745,-107.13866246613172
7699,9.403531043956814,2.528731750753659,-107.15313167880002
7700,9.39633155567684,2.5169298386820267,-107.16760034614013
7701,9.38913088838502,2.50512797748739,-107.18206846831352
7702,9.381929042283721,2.4933261673873313,-107.19653604548157
7703,9.374726017575432,2.4815244085992028,-107.21100307780561
7704,9.36752181446277,2.4697227013401277,-107.22546956544696
7705,9.360316433148473,2.457921045827,-107.23993550856682
7706,9.353109873835406,2.4461194422764856,-107.25440090732634
7707,9.345902136726556,2.4343178909050196,-107.26886576188666
7708,9.338693222025038,2.4225163919288097,-107.2833300724088
7709,9.331483129934085,2.410714945563835,-107.29779383905375
7710,9.32427186065706,2.3989135520258453,-107.31225706198244
7711,9.317059414397443,2.387112211530364,-107.32671974135572
7712,9.30984579135884,2.375310924292685,-107.34118187733442
7713,9.302630991744984,2.3635096905278745,-107.35564347007927
7714,9.29541501575972,2.351708510450772,-107.37010451975098
7715,9.288197863607028,2.3399073842759877,-107.38456502651016
7716,9.280979535491001,2.328106312217906,-107.39902499051739
7717,9.27376003161586,2.3163052944906846,-107.41348441193318
7718,9.26653935218594,2.3045043313082525,-107.42794329091798
7719,9.259317497405709,2.292703422884313,-107.4424016276322
7720,9.252094467479747,2.2809025694323424,-107.45685942223615
7721,9.244870262612759,2.2691017711655905,-107.47131667489012
7722,9.23764488300957,2.257301028297081,-107.48577338575433
7723,9.230418328875128,2.245500341039612,-107.50022955498893
7724,9.223190600414497,2.2336997096057543,-107.51468518275404
7725,9.215961697832867,2.221899134207854,-107.52914026920968
7726,9.208731621335543,2.2100986150580306,-107.54359481451583
7727,9.201500371127954,2.1982981523681793,-107.55804881883243
7728,9.194267947415646,2.186497746349969,-107.57250228231935
7729,9.187034350404286,2.1746973972148442,-107.58695520513638
7730,9.17979958029966,2.1628971051740242,-107.60140758744328
7731,9.172563637307674,2.151096870438504,-107.61585942939973
7732,9.165326521634348,2.1392966932190527,-107.63031073116538
7733,9.15808823348583,2.1274965737262166,-107.6447614928998
7734,9.150848773068377,2.115696512170316,-107.6592117147625
7735,9.143608140588372,2.103896508761449,-107.67366139691295
7736,9.136366336252308,2.092096563709488,-107.68811053951053
7737,9.129123360266805,2.080296677224083,-107.70255914271459
7738,9.121879212838593,2.0684968495146596,-107.71700720668441
7739,9.114633894174524,2.0566970807904204,-107.73145473157923
7740,9.107387404481566,2.0448973712603444,-107.74590171755821
7741,9.100139743966801,2.0330977211331875,-107.76034816478045
7742,9.092890912837435,2.0212981306174833,-107.77479407340502
7743,9.085640911300782,2.009498599921542,-107.7892394435909
7744,9.07838973956428,1.9976991292534516,-107.80368427549703
7745,9.071137397835477,1.9858997188210774,-107.8181285692823
7746,9.063883886322042,1.9741003688320626,-107.8325723251055
7747,9.056629205231758,1.9623010794938285,-107.84701554312542
7748,9.049373354772522,1.950501851013574,-107.86145822350076
7749,9.042116335152347,1.9387026835982768,-107.87590036639017
7750,9.034858146579364,1.9269035774546925,-107.89034197195224
7751,9.027598789261816,1.9151045327893559,-107.90478304034549
7752,9.020338263408062,1.9033055498085802,-107.91922357172841
7753,9.013076569226575,1.8915066287184576,-107.93366356625941
7754,9.005813706925942,1.8797077697248592,-107.94810302409685
7755,8.998549676714866,1.8679089730334357,-107.96254194539905
7756,8.991284478802163,1.856110238849617,-107.97698033032424
7757,8.98401811339676,1.8443115673786126,-107.9914181790306
7758,8.976750580707701,1.8325129588254119,-108.00585549167629
7759,8.969481880944144,1.8207144133947841,-108.02029226841935
7760,8.962212014315359,1.8089159312912788,-108.03472850941783
7761,8.954940981030727,1.7971175127192254,-108.04916421482967
7762,8.947668781299743,1.7853191578827339,-108.06359938481279
7763,8.940395415332016,1.773520866985695,-108.07803401952502
7764,8.933120883337267,1.76172264023178,-108.09246811912416
7765,8.925845185525326,1.7499244778244414,-108.10690168376794
7766,8.918568322106138,1.7381263799669124,-108.12133471361405
7767,8.91129029328976,1.726328346862208,-108.13576720882008
7768,8.904011099286357,1.7145303787131239,-108.15019916954361
7769,8.89673074030621,1.702732475722238,-108.16463059594214
7770,8.88944921655971,1.6909346380919097,-108.17906148817312
7771,8.882166528257356,1.6791368660242805,-108.19349184639394
7772,8.87488267560976,1.6673391597212737,-108.20792167076195
7773,8.867597658827643,1.655541519384595,-108.2223509614344
7774,8.86031147812184,1.6437439452157327,-108.23677971856854
7775,8.853024133703292,1.6319464374159574,-108.25120794232153
7776,8.845735625783052,1.6201489961863225,-108.26563563285048
7777,8.83844595457228,1.6083516217276643,-108.28006279031243
7778,8.83115512028225,1.5965543142406022,-108.29448941486439
7779,8.823863123124344,1.584757073925539,-108.3089155066633
7780,8.81656996331005,1.5729599009826607,-108.32334106586603
7781,8.809275641050968,1.561162795611937,-108.33776609262944
7782,8.801980156558805,1.549365758013121,-108.35219058711027
7783,8.79468351004538,1.5375687883857503,-108.36661454946525
7784,8.787385701722613,1.525771886929146,-108.38103797985104
7785,8.780086731802541,1.5139750538424135,-108.39546087842425
7786,8.772786600497303,1.502178289324443,-108.4098832453414
7787,8.765485308019148,1.490381593573909,-108.42430508075901
7788,8.758182854580431,1.4785849667892708,-108.4387263848335
7789,8.750879240393616,1.4667884091687722,-108.45314715772126
7790,8.743574465671273,1.4549919209104423,-108.46756739957861
7791,8.736268530626079,1.4431955022120955,-108.48198711056182
7792,8.728961435470818,1.4313991532713315,-108.4964062908271
7793,8.721653180418382,1.4196028742855356,-108.51082494053061
7794,8.714343765681768,1.4078066654518786,-108.52524305982845
7795,8.707033191474077,1.3960105269673173,-108.53966064887668
7796,8.699721458008518,1.3842144590285945,-108.55407770783125
7797,8.69240856549841,1.372418461832239,-108.56849423684814
7798,8.685094514157168,1.3606225355745665,-108.5829102360832
7799,8.677779304198319,1.3488266804516784,-108.59732570569226
7800,8.670462935835495,1.3370308966594633,-108.61174064583109
7801,8.663145409282432,1.3252351843935966,-108.6261550566554
7802,8.65582672475297,1.3134395438495405,-108.64056893832087
7803,8.648506882461055,1.3016439752225446,-108.65498229098307
7804,8.641185882620734,1.2898484787076456,-108.66939511479755
7805,8.633863725446162,1.2780530544996678,-108.68380740991982
7806,8.626540411151597,1.2662577027932231,-108.6982191765053
7807,8.619215939951399,1.2544624237827111,-108.71263041470938
7808,8.611890312060035,1.2426672176623197,-108.72704112468737
7809,8.604563527692074,1.2308720846260244,-108.74145130659457
7810,8.597235587062185,1.2190770248675893,-108.75586096058616
7811,8.589906490385143,1.2072820385805672,-108.77027008681733
7812,8.582576237875825,1.1954871259582989,-108.78467868544318
7813,8.575244829749213,1.1836922871939146,-108.79908675661875
7814,8.567912266220388,1.171897522480333,-108.81349430049904
7815,8.560578547504536,1.160102832010262,-108.827901317239
7816,8.553243673816942,1.1483082159761988,-108.8423078069935
7817,8.545907645372994,1.13651367457043,-108.85671376991739
7818,8.538570462388183,1.1247192079850317,-108.87111920616543
7819,8.531232125078102,1.1129248164118697,-108.88552411589235
7820,8.523892633658441,1.1011305000426,-108.89992849925282
7821,8.516551988344997,1.0893362590686684,-108.91433235640146
7822,8.509210189353663,1.077542093681311,-108.92873568749282
7823,8.501867236900434,1.065748004071554,-108.9431384926814
7824,8.494523131201408,1.0539539904302144,-108.95754077212165
7825,8.48717787247278,1.0421600529479,-108.97194252596796
7826,8.479831460930845,1.0303661918150093,-108.98634375437469
7827,8.472483896792001,1.018572407221732,-109.00074445749611
7828,8.465135180272744,1.0067786993580483,-109.01514463548645
7829,8.457785311589669,0.9949850684137307,-109.02954428849989
7830,8.450434290959471,0.9831915145783425,-109.04394341669057
7831,8.443082118598944,0.9713980380412389,-109.05834202021254
7832,8.43572879472498,0.9596046389915669,-109.07274009921981
7833,8.428374319554571,0.9478113176182653,-109.08713765386636
7834,8.421018693304807,0.9360180741100653,-109.10153468430609
7835,8.41366191619288,0.9242249086554902,-109.11593119069285
7836,8.406303988436072,0.9124318214428558,-109.13032717318043
7837,8.39894491025177,0.9006388126602706,-109.14472263192259
7838,8.391584681857456,0.8888458824956357,-109.15911756707303
7839,8.38422330347071,0.8770530311366451,-109.17351197878536
7840,8.376860775309211,0.865260258770786,-109.18790586721317
7841,8.369497097590733,0.853467565585339,-109.20229923251
7842,8.362132270533149,0.8416749517673776,-109.21669207482931
7843,8.354766294354425,0.8298824175037692,-109.23108439432454
7844,8.347399169272629,0.818089962981175,-109.24547619114904
7845,8.340030895505922,0.8062975883860498,-109.25986746545614
7846,8.332661473272562,0.7945052939046426,-109.27425821739908
7847,8.325290902790904,0.7827130797229965,-109.28864844713108
7848,8.317919184279399,0.770920946026949,-109.3030381548053
7849,8.310546317956591,0.759128893002132,-109.31742734057482
7850,8.303172304041123,0.7473369208339722,-109.33181600459271
7851,8.29579714275173,0.735545029707691,-109.34620414701195
7852,8.288420834307246,0.7237532198083048,-109.36059176798548
7853,8.281043378926597,0.711961491320625,-109.37497886766619
7854,8.273664776828804,0.7001698444292587,-109.38936544620691
7855,8.266285028232986,0.688378279318608,-109.40375150376042
7856,8.25890413335835,0.6765867961728707,-109.41813704047944
7857,8.251522092424203,0.6647953951760404,-109.43252205651665
7858,8.244138905649944,0.6530040765119067,-109.44690655202467
7859,8.236754573255066,0.6412128403640552,-109.46129052715607
7860,8.229369095459155,0.6294216869158676,-109.47567398206336
7861,8.221982472481892,0.6176306163505222,-109.490056916899
7862,8.21459470454305,0.6058396288509935,-109.50443933181538
7863,8.207205791862494,0.5940487246000532,-109.51882122696487
7864,8.199815734660184,0.5822579037802693,-109.53320260249978
7865,8.192424533156172,0.5704671665740072,-109.54758345857236
7866,8.185032187570602,0.5586765131634293,-109.56196379533479
7867,8.177638698123712,0.5468859437304953,-109.57634361293921
7868,8.17024406503583,0.5350954584569623,-109.59072291153772
7869,8.162848288527378,0.5233050575243853,-109.60510169128237
7870,8.15545136881887,0.5115147411141168,-109.61947995232512
7871,8.148053306130908,0.4997245094073073,-109.63385769481792
7872,8.14065410068419,0.48793436258490547,-109.64823491891264
7873,8.1332537526995,0.4761443008276582,-109.6626116247611
7874,8.125852262397721,0.46435432431611073,-109.67698781251508
7875,8.11844962999982,0.4525644332306069,-109.69136348232631
7876,8.111045855726854,0.4407746277512893,-109.70573863434645
7877,8.103640939799977,0.42898490805809925,-109.72011326872712
7878,8.096234882440427,0.4171952743307772,-109.73448738561987
7879,8.088827683869537,0.4054057267488627,-109.74886098517624
7880,8.081419344308728,0.39361626549169476,-109.76323406754766
7881,8.074009863979509,0.3818268907384117,-109.77760663288555
7882,8.06659924310348,0.3700376026679516,-109.79197868134126
7883,8.059187481902333,0.3582484014590523,-109.8063502130661
7884,8.051774580597844,0.3464592872902515,-109.82072122821131
7885,8.044360539411882,0.3346702603398871,-109.8350917269281
7886,8.036945358566403,0.3228813207860973,-109.8494617093676
7887,8.029529038283453,0.31109246880682057,-109.86383117568091
7888,8.022111578785166,0.29930370457979594,-109.87820012601908
7889,8.014692980293765,0.28751502828256326,-109.89256856053309
7890,8.007273243031557,0.2757264400924632,-109.90693647937388
7891,7.999852367220944,0.26393794018663747,-109.92130388269233
7892,7.992430353084411,0.25214952874202884,-109.93567077063928
7893,7.985007200844532,0.24036120593538157,-109.9500371433655
7894,7.977582910723966,0.22857297194324128,-109.96440300102174
7895,7.970157482945464,0.21678482694195525,-109.97876834375866
7896,7.962730917731859,0.20499677110767256,-109.9931331717269
7897,7.955303215306075,0.1932088046163442,-110.00749748507701
7898,7.94787437589112,0.1814209276437233,-110.02186128395954
7899,7.940444399710089,0.1696331403653652,-110.03622456852494
7900,7.933013286986165,0.1578454429566276,-110.05058733892365
7901,7.9255810379426155,0.14605783559267083,-110.06494959530602
7902,7.918147652802794,0.1342703184484578,-110.07931133782238
7903,7.910713131790141,0.12248289169875437,-110.09367256662297
7904,7.9032774751281805,0.11069555551812937,-110.10803328185803
7905,7.8958406830405234,0.0989083100809548,-110.1223934836777
7906,7.8884027557508665,0.08712115556140593,-110.1367531722321
7907,7.88096369348299,0.0753340921334615,-110.15111234767129
7908,7.873523496460759,0.06354711997090388,-110.16547101014527
7909,7.866082164908127,0.0517602392473192,-110.179829159804
7910,7.858639699049126,0.03997345013609748,-110.19418679679738
7911,7.851196099107877,0.02818675281043282,-110.20854392127528
7912,7.843751365308584,0.016400147443323528,-110.22290053338747
7913,7.836305497875535,0.004613634207572282,-110.23725663328374
7914,7.828858497033099,-0.007172786724213721,-110.25161222111375
7915,7.821410363005734,-0.018959115179622617,-110.26596729702717
7916,7.8139610960179775,-0.030745350986437728,-110.2803218611736
7917,7.806510696294452,-0.0425314939726374,-110.29467591370258
7918,7.799059164059861,-0.05431754396639485,-110.30902945476359
7919,7.791606499538994,-0.06610350079607805,-110.3233824845061
7920,7.784152702956721,-0.07788936429024952,-110.33773500307949
7921,7.776697774537996,-0.08967513427766623,-110.3520870106331
7922,7.769241714507854,-0.10146081058727942,-110.36643850731623
7923,7.761784523091413,-0.11324639304823444,-110.38078949327812
7924,7.754326200513874,-0.12503188148987066,-110.39513996866795
7925,7.746866747000517,-0.13681727574172123,-110.40948993363486
7926,7.7394061627767075,-0.148602575633513,-110.42383938832793
7927,7.731944448067889,-0.16038778099516637,-110.43818833289622
7928,7.724481603099589,-0.17217289165679506,-110.4525367674887
7929,7.717017628097414,-0.18395790744870608,-110.46688469225431
7930,7.709552523287055,-0.19574282820139946,-110.48123210734194
7931,7.70208628889428,-0.2075276537455682,-110.49557901290042
7932,7.694618925144938,-0.2193123839120981,-110.50992540907853
7933,7.687150432264961,-0.23109701853206752,-110.52427129602502
7934,7.679680810480359,-0.24288155743674736,-110.53861667388855
7935,7.672210060017224,-0.2546660004576008,-110.55296154281777
7936,7.664738181101726,-0.26645034742628326,-110.56730590296125
7937,7.657265173960117,-0.2782345981746422,-110.58164975446753
7938,7.6497910388187265,-0.2900187525347169,-110.59599309748509
7939,7.642315775903964,-0.3018028103387384,-110.61033593216236
7940,7.634839385442319,-0.3135867714191294,-110.62467825864772
7941,7.627361867660359,-0.32537063560850393,-110.6390200770895
7942,7.619883222784732,-0.3371544027396674,-110.65336138763598
7943,7.612403451042162,-0.3489380726456163,-110.66770219043539
7944,7.604922552659455,-0.3607216451595382,-110.68204248563592
7945,7.597440527863494,-0.37250512011481135,-110.69638227338568
7946,7.589957376881238,-0.38428849734500486,-110.71072155383277
7947,7.582473099939728,-0.39607177668387833,-110.7250603271252
7948,7.57498769726608,-0.4078549579653818,-110.73939859341097
7949,7.567501169087488,-0.4196380410236555,-110.75373635283799
7950,7.5600135156312245,-0.43142102569302976,-110.76807360555415
7951,7.552524737124639,-0.443203911808025,-110.78241035170728
7952,7.545034833795158,-0.45498669920335133,-110.79674659144517
7953,7.537543805870285,-0.4667693877139086,-110.81108232491553
7954,7.5300516535776,-0.47855197717478604,-110.82541755226605
7955,7.522558377144762,-0.4903344674212624,-110.83975227364435
7956,7.515063976799502,-0.5021168582888056,-110.85408648919802
7957,7.5075684527696325,-0.5138991496130726,-110.8684201990746
7958,7.500071805283038,-0.5256813412299094,-110.88275340342156
7959,7.492574034567681,-0.5374634329753507,-110.89708610238633
7960,7.485075140851599,-0.5492454246856198,-110.9114182961163
7961,7.477575124362906,-0.5610273161971285,-110.9257499847588
7962,7.47007398532979,-0.5728091073464772,-110.94008116846109
7963,7.462571723980518,-0.584590797970454,-110.95441184737044
7964,7.455068340543427,-0.5963723879060354,-110.96874202163401
7965,7.447563835246932,-0.6081538769903858,-110.98307169139895
7966,7.440058208319522,-0.6199352650608573,-110.99740085681232
7967,7.432551459989762,-0.6317165519549894,-111.01172951802117
7968,7.425043590486289,-0.6434977375105095,-111.0260576751725
7969,7.417534600037816,-0.655278821565332,-111.04038532841322
7970,7.4100244888731295,-0.6670598039575585,-111.05471247789023
7971,7.4025132572210905,-0.6788406845254776,-111.06903912375037
7972,7.395000905310634,-0.6906214631075651,-111.08336526614043
7973,7.387487433370768,-0.7024021395424831,-111.09769090520714
7974,7.379972841630573,-0.7141827136690806,-111.1120160410972
7975,7.372457130319204,-0.7259631853263929,-111.12634067395726
7976,7.364940299665889,-0.7377435543536417,-111.14066480393389
7977,7.357422349899929,-0.7495238205902347,-111.15498843117363
7978,7.349903281250698,-0.7613039838757657,-111.169311555823
7979,7.3423830939476415,-0.7730840440500144,-111.18363417802843
7980,7.3348617882202785,-0.7848640009529462,-111.19795629793632
7981,7.3273393642982,-0.7966438544247121,-111.21227791569301
7982,7.319815822411068,-0.8084236043056484,-111.2265990314448
7983,7.312291162788619,-0.8202032504362768,-111.24091964533795
7984,7.30476538566066,-0.8319827926573042,-111.25523975751865
7985,7.297238491257067,-0.8437622308096224,-111.26955936813305
7986,7.289710479807792,-0.8555415647343081,-111.28387847732725
7987,7.282181351542855,-0.8673207942726227,-111.29819708524731
7988,7.274651106692348,-0.8790999192660119,-111.31251519203923
7989,7.2671197454864345,-0.8908789395561064,-111.32683279784898
7990,7.259587268155348,-0.9026578549847207,-111.34114990282245
7991,7.252053674929394,-0.9144366653938536,-111.3554665071055
7992,7.244518966038947,-0.9262153706256878,-111.36978261084396
7993,7.236983141714451,-0.93799397052259,-111.38409821418357
7994,7.2294462021864225,-0.9497724649271105,-111.39841331727006
7995,7.221908147685447,-0.9615508536819831,-111.41272792024908
7996,7.214368978442178,-0.9733291366301252,-111.42704202326625
7997,7.206828694687342,-0.9851073136146373,-111.44135562646714
7998,7.1992872966517325,-0.996885384478803,-111.45566872999729
7999,7.191744784566212,-1.0086633490660892,-111.46998133400213
8000,7.184201158661714,-1.0204412072201452,-111.4842934386271
8001,7.176656419169239,-1.0322189587848032,-111.4986050440176
8002,7.169110566319858,-1.043996603604078,-111.51291615031892
8003,7.16156360034471,-1.0557741415221669,-111.52722675767635
8004,7.154015521475002,-1.0675515723834492,-111.54153686623512
8005,7.14646632994201,-1.0793288960324867,-111.5558464761404
8006,7.138916025977077,-1.0911061123140227,-111.57015558753734
8007,7.131364609811617,-1.1028832210729826,-111.58446420057102
8008,7.123812081677107,-1.1146602221544737,-111.59877231538647
8009,7.116258441805096,-1.1264371154037847,-111.61307993212868
8010,7.108703690427197,-1.1382139006663854,-111.6273870509426
8011,7.101147827775094,-1.1499905777879273,-111.64169367197312
8012,7.093590854080535,-1.161767146614243,-111.65599979536508
8013,7.086032769575337,-1.1735436069913459,-111.67030542126328
8014,7.078473574491383,-1.1853199587654302,-111.68461054981246
8015,7.070913269060623,-1.197096201782871,-111.69891518115733
8016,7.063351853515072,-1.208872335890224,-111.71321931544254
8017,7.055789328086814,-1.2206483609342251,-111.72752295281269
8018,7.048225693007997,-1.2324242767617908,-111.74182609341234
8019,7.040660948510837,-1.2442000832200173,-111.756128737386
8020,7.033095094827614,-1.255975780156181,-111.77043088487814
8021,7.025528132190674,-1.2677513674177385,-111.78473253603315
8022,7.01796006083243,-1.2795268448523256,-111.79903369099542
8023,7.0103908809853595,-1.2913022123077578,-111.81333434990925
8024,7.002820592882004,-1.3030774696320302,-111.82763451291893
8025,6.995249196754972,-1.3148526166733172,-111.84193418016866
8026,6.987676692836936,-1.3266276532799723,-111.85623335180263
8027,6.9801030813606335,-1.3384025793005279,-111.87053202796497
8028,6.972528362558866,-1.3501773945836952,-111.88483020879976
8029,6.964952536664501,-1.3619520989783647,-111.89912789445101
8030,6.957375603910467,-1.3737266923336047,-111.91342508506274
8031,6.949797564529761,-1.3855011744986625,-111.92772178077887
8032,6.9422184187554405,-1.3972755453229635,-111.94201798174329
8033,6.934638166820629,-1.4090498046561113,-111.95631368809984
8034,6.927056808958512,-1.4208239523478876,-111.97060889999233
8035,6.919474345402339,-1.432597988248252,-111.9849036175645
8036,6.911890776385423,-1.4443719122073417,-111.99919784096004
8037,6.90430610214114,-1.4561457240754716,-112.01349157032261
8038,6.8967203229029295,-1.4679194237031339,-112.02778480579583
8039,6.8891334389042935,-1.4796930109409985,-112.04207754752325
8040,6.8815454503787965,-1.4914664856399122,-112.05636979564838
8041,6.873956357560066,-1.503239847650899,-112.07066155031468
8042,6.86636616068179,-1.5150130968251598,-112.08495281166559
8043,6.858774859977721,-1.5267862330140722,-112.09924357984445
8044,6.851182455681674,-1.5385592560691905,-112.11353385499461
8045,6.843588948027524,-1.5503321658422453,-112.12782363725934
8046,6.835994337249208,-1.5621049621851437,-112.14211292678186
8047,6.828398623580725,-1.5738776449499692,-112.15640172370537
8048,6.820801807256135,-1.5856502139889812,-112.17069002817298
8049,6.813203888509561,-1.5974226691546152,-112.1849778403278
8050,6.805604867575185,-1.609195010299482,-112.19926516031288
8051,6.79800474468725,-1.6209672372763688,-112.21355198827119
8052,6.790403520080062,-1.6327393499382377,-112.2278383243457
8053,6.782801193987986,-1.6445113481382265,-112.24212416867928
8054,6.775197766645446,-1.656283231729648,-112.25640952141482
8055,6.76759323828693,-1.6680550005659907,-112.27069438269511
8056,6.759987609146984,-1.6798266545009173,-112.28497875266291
8057,6.752380879460214,-1.691598193388266,-112.29926263146093
8058,6.744773049461284,-1.7033696170820491,-112.31354601923186
8059,6.737164119384922,-1.715140925436454,-112.3278289161183
8060,6.729554089465913,-1.7269121183058422,-112.34211132226285
8061,6.721942959939102,-1.7386831955447497,-112.356393237808
8062,6.714330731039392,-1.7504541570078862,-112.37067466289628
8063,6.706717403001747,-1.7622250025501358,-112.38495559767009
8064,6.699102976061188,-1.7739957320265565,-112.39923604227181
8065,6.691487450452797,-1.78576634529238,-112.4135159968438
8066,6.683870826411713,-1.7975368422030114,-112.42779546152836
8067,6.676253104173134,-1.8093072226140292,-112.44207443646773
8068,6.668634283972316,-1.8210774863811856,-112.45635292180413
8069,6.661014366044573,-1.8328476333604058,-112.47063091767969
8070,6.653393350625278,-1.844617663407788,-112.48490842423652
8071,6.645771237949861,-1.8563875763796034,-112.49918544161672
8072,6.638148028253809,-1.8681573721322957,-112.51346196996226
8073,6.630523721772669,-1.8799270505224817,-112.52773800941515
8074,6.622898318742044,-1.8916966114069502,-112.5420135601173
8075,6.615271819397592,-1.903466054642663,-112.55628862221059
8076,6.607644223975033,-1.9152353800867534,-112.57056319583684
8077,6.600015532710139,-1.9270045875965274,-112.58483728113785
8078,6.592385745838743,-1.9387736770294624,-112.59911087825536
8079,6.584754863596731,-1.950542648243208,-112.61338398733106
8080,6.577122886220048,-1.9623115010955856,-112.62765660850661
8081,6.569489813944694,-1.9740802354445879,-112.6419287419236
8082,6.561855647006725,-1.985848851148379,-112.6562003877236
8083,6.554220385642255,-1.9976173480652943,-112.6704715460481
8084,6.546584030087452,-2.0093857260538406,-112.68474221703859
8085,6.53894658057854,-2.0211539849726954,-112.69901240083647
8086,6.531308037351799,-2.0329221246807068,-112.7132820975831
8087,6.523668400643565,-2.044690145036894,-112.72755130741983
8088,6.516027670690228,-2.0564580459004476,-112.74182003048793
8089,6.508385847728233,-2.068225827130727,-112.75608826692864
8090,6.500742931994082,-2.0799934885872635,-112.77035601688316
8091,6.493098923724329,-2.0917610301297573,-112.78462328049261
8092,6.485453823155585,-2.1035284516180797,-112.7988900578981
8093,6.477807630524515,-2.115295752912271,-112.81315634924069
8094,6.4701603460678365,-2.127062933872542,-112.82742215466136
8095,6.462511970022325,-2.1388299943592726,-112.84168747430111
8096,6.454862502624806,-2.150596934233013,-112.85595230830083
8097,6.447211944112162,-2.162363753354482,-112.87021665680139
8098,6.4395602947213275,-2.1741304515845683,-112.88448051994362
8099,6.431907554689291,-2.185897028784329,-112.8987438978683
8100,6.424253724253094,-2.1976634848149907,-112.91300679071615
8101,6.416598803649833,-2.2094298195379487,-112.92726919862788
8102,6.408942793116657,-2.2211960328147673,-112.94153112174412
8103,6.4012856928907675,-2.232962124507179,-112.95579256020547
8104,6.3936275032094185,-2.244728094477084,-112.97005351415247
8105,6.385968224309917,-2.256493942586553,-112.98431398372563
8106,6.3783078564296245,-2.268259668697823,-112.99857396906542
8107,6.370646399805952,-2.2800252726732992,-113.01283347031224
8108,6.362983854676364,-2.2917907543755556,-113.02709248760648
8109,6.355320221278379,-2.3035561136673333,-113.04135102108845
8110,6.347655499849563,-2.315321350411541,-113.05560907089843
8111,6.339989690627539,-2.3270864644712557,-113.06986663717666
8112,6.332322793849979,-2.3388514557097206,-113.08412372006333
8113,6.324654809754606,-2.350616323990347,-113.09838031969858
8114,6.316985738579196,-2.3623810691767133,-113.1126364362225
8115,6.309315580561575,-2.3741456911325645,-113.12689206977517
8116,6.301644335939621,-2.3859101897218125,-113.14114722049656
8117,6.293972004951262,-2.397674564808536,-113.15540188852667
8118,6.286298587834478,-2.40943881625698,-113.1696560740054
8119,6.2786240848273005,-2.4212029439315566,-113.18390977707263
8120,6.270948496167808,-2.432966947696844,-113.19816299786818
8121,6.263271822094132,-2.4447308274175863,-113.21241573653184
8122,6.255594062844454,-2.4564945829586935,-113.22666799320335
8123,6.247915218657006,-2.468258214185242,-113.2409197680224
8124,6.2402352897700695,-2.480021720962474,-113.25517106112864
8125,6.232554276421975,-2.491785103155797,-113.26942187266167
8126,6.224872178851102,-2.503548360630784,-113.28367220276105
8127,6.217188997295883,-2.515311493253173,-113.2979220515663
8128,6.209504731994797,-2.527074500888869,-113.3121714192169
8129,6.201819383186373,-2.53883738340394,-113.32642030585224
8130,6.194132951109188,-2.5506001406646206,-113.34066871161173
8131,6.186445436001869,-2.562362772537309,-113.3549166366347
8132,6.178756838103093,-2.574125278888569,-113.36916408106043
8133,6.171067157651583,-2.585887659585129,-113.38341104502818
8134,6.163376394886113,-2.5976499144938807,-113.39765752867714
8135,6.155684550045502,-2.609412043481882,-113.41190353214648
8136,6.147991623368623,-2.6211740464163533,-113.42614905557531
8137,6.14029761509439,-2.63293592316468,-113.44039409910268
8138,6.13260252546177,-2.6446976735944117,-113.45463866286762
8139,6.124906354709776,-2.6564592975732606,-113.46888274700912
8140,6.117209103077469,-2.6682207949691037,-113.4831263516661
8141,6.109510770803957,-2.679982165649981,-113.49736947697747
8142,6.101811358128396,-2.6917434094840966,-113.51161212308206
8143,6.094110865289989,-2.7035045263398167,-113.52585429011867
8144,6.086409292527985,-2.715265516085672,-113.54009597822606
8145,6.078706640081681,-2.727026378590355,-113.55433718754294
8146,6.071002908190422,-2.738787113722722,-113.56857791820799
8147,6.063298097093598,-2.750547721351792,-113.58281817035983
8148,6.055592207030644,-2.762308201346746,-113.59705794413702
8149,6.0478852382410455,-2.7740685535769276,-113.61129723967811
8150,6.0401771909643305,-2.7858287779118434,-113.6255360571216
8151,6.032468065440074,-2.797588874221162,-113.63977439660592
8152,6.024757861907899,-2.8093488423747135,-113.65401225826947
8153,6.017046580607472,-2.821108682242491,-113.66824964225063
8154,6.009334221778506,-2.8328683936946493,-113.68248654868769
8155,6.001620785660758,-2.8446279766015037,-113.69672297771893
8156,5.993906272494033,-2.8563874308335326,-113.71095892948259
8157,5.986190682518179,-2.868146756261375,-113.72519440411683
8158,5.978474015973092,-2.879905952755832,-113.7394294017598
8159,5.970756273098709,-2.891665020187865,-113.7536639225496
8160,5.963037454135014,-2.9034239584285966,-113.76789796662428
8161,5.955317559322037,-2.915182767349311,-113.78213153412183
8162,5.947596588899849,-2.9269414468214525,-113.79636462518022
8163,5.939874543108568,-2.9386999967166267,-113.81059723993737
8164,5.9321514221883564,-2.9504584169065997,-113.82482937853115
8165,5.92442722637942,-2.962216707263298,-113.8390610410994
8166,5.916701955922007,-2.9739748676588076,-113.8532922277799
8167,5.9089756110564124,-2.9857328979653754,-113.8675229387104
8168,5.9012481920229725,-2.997490798055409,-113.88175317402857
8169,5.893519699062068,-3.009248567801474,-113.8959829338721
8170,5.885790132414124,-3.0210062070762986,-113.9102122183786
8171,5.878059492319608,-3.032763715752768,-113.92444102768563
8172,5.870327779019029,-3.0445210937039278,-113.9386693619307
8173,5.862594992752943,-3.056278340802984,-113.95289722125132
8174,5.854861133761944,-3.0680354569233006,-113.9671246057849
8175,5.847126202286673,-3.0797924419384013,-113.98135151566885
8176,5.839390198567811,-3.091549295721969,-113.9955779510405
8177,5.831653122846082,-3.103306018147845,-114.00980391203719
8178,5.8239149753622526,-3.1150626090900295,-114.02402939879615
8179,5.816175756357132,-3.1268190684226815,-114.0382544114546
8180,5.80843546607157,-3.138575396020119,-114.05247895014975
8181,5.80069410474646,-3.1503315917568173,-114.0667030150187
8182,5.792951672622737,-3.1620876555074107,-114.08092660619856
8183,5.7852081699413755,-3.1738435871466915,-114.09514972382635
8184,5.777463596943394,-3.18559938654961,-114.1093723680391
8185,5.7697179538698515,-3.197355053591274,-114.12359453897375
8186,5.761971240961847,-3.2091105881469497,-114.13781623676722
8187,5.754223458460522,-3.2208659900920606,-114.15203746155639
8188,5.746474606607059,-3.2326212593021877,-114.16625821347807
8189,5.73872468564268,-3.244376395653069,-114.18047849266907
8190,5.7309736958086495,-3.2561313990206004,-114.19469829926611
8191,5.723221637346271,-3.267886269280835,-114.2089176334059
8192,5.71546851049689,-3.2796410063099817,-114.2231364952251
8193,5.70771431550189,-3.2913956099844075,-114.23735488486032
8194,5.699959052602696,-3.303150080180636,-114.25157280244812
8195,5.692202722040774,-3.3149044167753465,-114.26579024812504
8196,5.684445324057627,-3.326658619645376,-114.28000722202756
8197,5.676686858894801,-3.3384126886677166,-114.29422372429211
8198,5.668927326793878,-3.3501666237195176,-114.30843975505509
8199,5.661166727996483,-3.3619204246780843,-114.32265531445286
8200,5.6534050627442785,-3.3736740914208774,-114.33687040262173
8201,5.6456423312789665,-3.3854276238255143,-114.35108501969796
8202,5.637878533842287,-3.397181021769767,-114.36529916581779
8203,5.630113670676022,-3.4089342851315645,-114.3795128411174
8204,5.622347742021988,-3.42068741378899,-114.39372604573292
8205,5.614580748122044,-3.432440407620283,-114.40793877980045
8206,5.606812689218086,-3.444193266503837,-114.42215104345604
8207,5.599043565552046,-3.455945990318202,-114.43636283683571
8208,5.591273377365899,-3.467698578942082,-114.45057416007543
8209,5.583502124901654,-3.479451032254337,-114.46478501331111
8210,5.575729808401359,-3.49120335013398,-114.47899539667864
8211,5.567956428107102,-3.5029555324601804,-114.49320531031387
8212,5.560181984261007,-3.5147075791122604,-114.50741475435258
8213,5.552406477105235,-3.5264594899696977,-114.52162372893052
8214,5.544629906881985,-3.538211264912124,-114.53583223418342
8215,5.536852273833494,-3.5499629038193246,-114.55004027024694
8216,5.529073578202036,-3.5617144065712396,-114.5642478372567
8217,5.521293820229921,-3.573465773047962,-114.57845493534829
8218,5.513513000159497,-3.5852170031297397,-114.59266156465725
8219,5.505731118233148,-3.596968096696973,-114.60686772531908
8220,5.497948174693295,-3.6087190536302165,-114.62107341746923
8221,5.490164169782397,-3.620469873810178,-114.63527864124313
8222,5.482379103742947,-3.6322205571177175,-114.64948339677613
8223,5.4745929768174735,-3.64397110343385,-114.66368768420357
8224,5.466805789248545,-3.655721512639742,-114.67789150366073
8225,5.459017541278763,-3.6674717846167133,-114.69209485528286
8226,5.451228233150767,-3.6792219192462365,-114.70629773920516
8227,5.443437865107229,-3.6909719164099366,-114.72050015556277
8228,5.43564643739086,-3.7027217759895916,-114.73470210449084
8229,5.427853950244405,-3.714471497867131,-114.74890358612441
8230,5.420060403910643,-3.7262210819246375,-114.76310460059852
8231,5.412265798632391,-3.7379705280443454,-114.77730514804817
8232,5.4044701346525,-3.749719836108641,-114.7915052286083
8233,5.396673412213854,-3.761469006000062,-114.80570484241382
8234,5.388875631559375,-3.7732180376012994,-114.81990398959958
8235,5.381076792932018,-3.7849669307951936,-114.83410267030042
8236,5.373276896574772,-3.7967156854647386,-114.84830088465111
8237,5.3654759427306615,-3.8084643014930784,-114.86249863278637
8238,5.357673931642745,-3.8202127787635085,-114.87669591484091
8239,5.3498708635541155,-3.831961117159476,-114.89089273094937
8240,5.342066738707899,-3.843709316564579,-114.90508908124637
8241,5.334261557347257,-3.855457376862566,-114.91928496586648
8242,5.326455319715383,-3.8672052979373364,-114.93348038494422
8243,5.318648026055506,-3.87895307967294,-114.94767533861406
8244,5.310839676610886,-3.8907007219535776,-114.96186982701046
8245,5.30303027162482,-3.9024482246636003,-114.97606385026782
8246,5.295219811340635,-3.9141955876875096,-114.99025740852049
8247,5.287408296001693,-3.9259428109099566,-115.00445050190278
8248,5.279595725851388,-3.937689894215743,-115.01864313054897
8249,5.271782101133148,-3.94943683748982,-115.03283529459328
8250,5.263967422090433,-3.961183640617289,-115.04702699416993
8251,5.256151688966735,-3.9729303034834005,-115.06121822941303
8252,5.248334902005581,-3.9846768259735548,-115.0754090004567
8253,5.240517061450527,-3.9964232079733017,-115.08959930743501
8254,5.232698167545164,-4.00816944936834,-115.10378915048197
8255,5.224878220533113,-4.019915550044519,-115.11797852973159
8256,5.217057220658029,-4.031661509887836,-115.13216744531778
8257,5.209235168163597,-4.043407328784435,-115.14635589737443
8258,5.201412063293536,-4.055153006620614,-115.16054388603543
8259,5.193587906291595,-4.066898543282814,-115.17473141143456
8260,5.185762697401554,-4.078643938657629,-115.18891847370561
8261,5.177936436867225,-4.0903891926317995,-115.20310507298231
8262,5.170109124932452,-4.102134305092214,-115.21729120939834
8263,5.16228076184111,-4.11387927592591,-115.23147688308734
8264,5.154451347837105,-4.125624105020073,-115.24566209418293
8265,5.146620883164371,-4.137368792262036,-115.25984684281867
8266,5.138789368066878,-4.14911333753928,-115.27403112912809
8267,5.1309568027886225,-4.160857740739434,-115.28821495324466
8268,5.123123187573633,-4.172602001750275,-115.30239831530182
8269,5.115288522665967,-4.184346120459726,-115.31658121543296
8270,5.107452808309715,-4.196090096755859,-115.33076365377146
8271,5.099616044748995,-4.207833930526893,-115.34494563045061
8272,5.091778232227957,-4.219577621661192,-115.3591271456037
8273,5.0839393709907785,-4.23132117004727,-115.37330819936395
8274,5.076099461281669,-4.243064575573786,-115.38748879186456
8275,5.068258503344866,-4.2548078381295475,-115.40166892323867
8276,5.060416497424638,-4.2665509576035054,-115.4158485936194
8277,5.052573443765283,-4.27829393388476,-115.43002780313981
8278,5.0447293426111255,-4.290036766862558,-115.44420655193292
8279,5.036884194206522,-4.30177945642629,-115.45838484013173
8280,5.0290379987958564,-4.313522002465496,-115.47256266786917
8281,5.021190756623542,-4.325264404869859,-115.48674003527815
8282,5.013342467934022,-4.33700666352921,-115.50091694249151
8283,5.0054931329717665,-4.348748778333524,-115.51509338964209
8284,4.9976427519812745,-4.360490749172924,-115.52926937686266
8285,4.989791325207074,-4.372232575937677,-115.54344490428596
8286,4.9819388528937205,-4.383974258518195,-115.55761997204469
8287,4.974085335285799,-4.395715796805036,-115.5717945802715
8288,4.96623077262792,-4.407457190688905,-115.585968729099
8289,4.958375165164725,-4.419198440060648,-115.60014241865976
8290,4.950518513140881,-4.43093954481126,-115.61431564908632
8291,4.942660816801083,-4.442680504831878,-115.62848842051118
8292,4.934802076390054,-4.454421320013785,-115.64266073306676
8293,4.926942292152545,-4.46616199024841,-115.65683258688549
8294,4.919081464333334,-4.477902515427323,-115.67100398209973
8295,4.911219593177224,-4.489642895442242,-115.68517491884181
8296,4.903356678929048,-4.501383130185027,-115.69934539724402
8297,4.895492721833665,-4.5131232195476825,-115.7135154174386
8298,4.88762772213596,-4.524863163422357,-115.72768497955775
8299,4.879761680080845,-4.536602961701345,-115.74185408373364
8300,4.871894595913259,-4.548342614277081,-115.7560227300984
8301,4.864026469878168,-4.560082121042146,-115.77019091878408
8302,4.856157302220563,-4.571821481889263,-115.78435864992275
8303,4.848287093185461,-4.5835606967113,-115.79852592364641
8304,4.840415843017906,-4.595299765401267,-115.812692740087
8305,4.832543551962969,-4.607038687852317,-115.82685909937645
8306,4.8246702202657445,-4.6187774639577475,-115.84102500164664
8307,4.816795848171354,-4.630516093610998,-115.8551904470294
8308,4.808920435924945,-4.642254576705652,-115.86935543565653
8309,4.801043983771689,-4.653992913135432,-115.8835199676598
8310,4.793166491956784,-4.665731102794208,-115.8976840431709
8311,4.785287960725453,-4.67746914557599,-115.9118476623215
8312,4.777408390322944,-4.68920704137493,-115.92601082524327
8313,4.7695277809945305,-4.700944790085323,-115.94017353206777
8314,4.76164613298551,-4.712682391601607,-115.95433578292658
8315,4.753763446541206,-4.724419845818361,-115.96849757795118
8316,4.745879721906965,-4.736157152630305,-115.98265891727307
8317,4.737994959328159,-4.747894311932303,-115.99681980102366
8318,4.730109159050184,-4.759631323619358,-116.01098022933435
8319,4.722222321318462,-4.771368187586617,-116.02514020233649
8320,4.7143344463784365,-4.783104903729368,-116.0392997201614
8321,4.706445534475577,-4.794841471943038,-116.05345878294033
8322,4.6985555858553765,-4.806577892123198,-116.06761739080451
8323,4.69066460076335,-4.818314164165559,-116.08177554388514
8324,4.682772579445039,-4.830050287965974,-116.09593324231338
8325,4.674879522146008,-4.841786263420434,-116.11009048622032
8326,4.666985429111842,-4.8535220904250735,-116.12424727573702
8327,4.659090300588154,-4.865257768876167,-116.13840361099452
8328,4.651194136820577,-4.876993298670129,-116.1525594921238
8329,4.643296938054768,-4.888728679703515,-116.16671491925582
8330,4.6353987045364065,-4.90046391187302,-116.18086989252149
8331,4.627499436511195,-4.91219899507548,-116.19502441205165
8332,4.619599134224861,-4.9239339292078705,-116.20917847797715
8333,4.61169779792315,-4.935668714167306,-116.22333209042876
8334,4.603795427851836,-4.947403349851044,-116.23748524953723
8335,4.59589202425671,-4.9591378361564775,-116.25163795543327
8336,4.587987587383587,-4.970872172981142,-116.26579020824754
8337,4.580082117478306,-4.982606360222713,-116.27994200811067
8338,4.572175614786727,-4.994340397779001,-116.29409335515324
8339,4.564268079554731,-5.006074285547961,-116.3082442495058
8340,4.556359512028221,-5.017808023427684,-116.32239469129887
8341,4.5484499124531235,-5.029541611316401,-116.33654468066288
8342,4.540539281075384,-5.041275049112482,-116.35069421772829
8343,4.532627618140971,-5.053008336714435,-116.36484330262546
8344,4.524714923895875,-5.064741474020908,-116.37899193548475
8345,4.516801198586106,-5.076474460930685,-116.39314011643646
8346,4.508886442457697,-5.0882072973426915,-116.40728784561085
8347,4.500970655756699,-5.09993998315599,-116.42143512313815
8348,4.493053838729189,-5.111672518269781,-116.43558194914856
8349,4.485135991621259,-5.123404902583403,-116.4497283237722
8350,4.477217114679027,-5.135137135996334,-116.4638742471392
8351,4.469297208148626,-5.146869218408186,-116.4780197193796
8352,4.461376272276215,-5.158601149718714,-116.49216474062345
8353,4.453454307307971,-5.170332929827806,-116.50630931100072
8354,4.445531313490089,-5.18206455863549,-116.52045343064137
8355,4.437607291068788,-5.193796036041932,-116.5345970996753
8356,4.429682240290304,-5.205527361947433,-116.54874031823238
8357,4.421756161400894,-5.217258536252433,-116.56288308644243
8358,4.413829054646835,-5.228989558857508,-116.57702540443523
8359,4.405900920274425,-5.240720429663372,-116.59116727234056
8360,4.397971758529978,-5.2524511485708745,-116.6053086902881
8361,4.39004156965983,-5.264181715481003,-116.61944965840753
8362,4.382110353910335,-5.2759121302948815,-116.63359017682848
8363,4.374178111527868,-5.287642392913769,-116.64773024568052
8364,4.366244842758823,-5.299372503239062,-116.66186986509322
8365,4.35831054784961,-5.311102461172294,-116.6760090351961
8366,4.35037522704666,-5.3228322666151335,-116.6901477561186
8367,4.342438880596425,-5.334561919469385,-116.70428602799018
8368,4.334501508745371,-5.34629141963699,-116.71842385094021
8369,4.3265631117399845,-5.358020767020024,-116.73256122509807
8370,4.318623689826772,-5.369749961520701,-116.74669815059305
8371,4.3106832432522575,-5.381479003041368,-116.76083462755442
8372,4.302741772262982,-5.393207891484508,-116.77497065611142
8373,4.294799277105505,-5.404936626752741,-116.78910623639325
8374,4.286855758026404,-5.41666520874882,-116.80324136852907
8375,4.278911215272276,-5.428393637375635,-116.81737605264799
8376,4.270965649089734,-5.44012191253621,-116.83151028887907
8377,4.2630190597254085,-5.451850034133703,-116.84564407735137
8378,4.255071447425949,-5.46357800207141,-116.85977741819387
8379,4.24712281243802,-5.475305816252758,-116.87391031153554
8380,4.239173155008306,-5.487033476581312,-116.88804275750529
8381,4.231222475383507,-5.498760982960767,-116.90217475623201
8382,4.2232707738103406,-5.510488335294957,-116.91630630784454
8383,4.215318050535542,-5.522215533487848,-116.93043741247166
8384,4.207364305805862,-5.53394257744354,-116.94456807024216
8385,4.199409539868069,-5.545669467066268,-116.95869828128475
8386,4.191453752968948,-5.5573962022604,-116.97282804572812
8387,4.1834969453553,-5.569122782930439,-116.98695736370091
8388,4.175539117273943,-5.580849208981019,-117.00108623533173
8389,4.167580268971712,-5.592575480316911,-117.01521466074912
8390,4.159620400695455,-5.604301596843017,-117.02934264008164
8391,4.15165951269204,-5.616027558464374,-117.04347017345776
8392,4.1436976052083505,-5.627753365086152,-117.05759726100594
8393,4.135734678491283,-5.6394790166136515,-117.07172390285459
8394,4.127770732787752,-5.65120451295231,-117.08585009913207
8395,4.119805768344688,-5.662929854007695,-117.09997584996673
8396,4.111839785409035,-5.674655039685509,-117.11410115548684
8397,4.103872784227756,-5.686380069891584,-117.12822601582066
8398,4.095904765047824,-5.698104944531888,-117.14235043109642
8399,4.087935728116232,-5.7098296635125205,-117.15647440144228
8400,4.079965673679987,-5.721554226739713,-117.17059792698639
8401,4.071994601986109,-5.733278634119827,-117.18472100785682
8402,4.064022513281635,-5.7450028855593605,-117.19884364418166
8403,4.056049407813617,-5.756726980964941,-117.21296583608893
8404,4.04807528582912,-5.768450920243327,-117.22708758370659
8405,4.040100147575225,-5.7801747033014115,-117.2412088871626
8406,4.032123993299026,-5.791898330046217,-117.25532974658485
8407,4.024146823247632,-5.8036218003848985,-117.26945016210121
8408,4.016168637668168,-5.815345114224742,-117.2835701338395
8409,4.008189436807769,-5.827068271473166,-117.29768966192754
8410,4.00020922091359,-5.838791272037718,-117.31180874649303
8411,3.9922279902327955,-5.850514115826079,-117.32592738766371
8412,3.984245745012564,-5.86223680274606,-117.34004558556725
8413,3.97626248550009,-5.873959332705603,-117.35416334033128
8414,3.9682782119425797,-5.885681705612781,-117.36828065208339
8415,3.960292924587254,-5.897403921375797,-117.38239752095113
8416,3.9523066236813458,-5.909125979902985,-117.39651394706203
8417,3.9443193094721027,-5.92084788110281,-117.41062993054356
8418,3.936330982206785,-5.932569624883866,-117.42474547152317
8419,3.9283416421326662,-5.94429121115488,-117.43886057012824
8420,3.9203512894970327,-5.956012639824706,-117.45297522648615
8421,3.9123599245471836,-5.967733910802331,-117.46708944072421
8422,3.904367547530431,-5.979455023996869,-117.4812032129697
8423,3.896374158694099,-5.991175979317566,-117.49531654334989
8424,3.8883797582855255,-6.002896776673796,-117.50942943199198
8425,3.88038434655206,-6.0146174159750645,-117.52354187902313
8426,3.8723879237410648,-6.026337897131005,-117.53765388457047
8427,3.8643904900999138,-6.03805822005138,-117.5517654487611
8428,3.8563920458759937,-6.049778384646084,-117.56587657172207
8429,3.8483925913167027,-6.061498390825138,-117.5799872535804
8430,3.8403921266694514,-6.0732182384986935,-117.59409749446307
8431,3.832390652181662,-6.08493792757703,-117.608207294497
8432,3.824388168100769,-6.096657457970557,-117.62231665380912
8433,3.8163846746742176,-6.108376829589811,-117.63642557252628
8434,3.808380172149465,-6.120096042345458,-117.65053405077529
8435,3.8003746607739797,-6.131815096148294,-117.66464208868295
8436,3.7923681407952414,-6.1435339909092415,-117.67874968637601
8437,3.7843606124607416,-6.155252726539352,-117.69285684398116
8438,3.776352076017982,-6.166971302949805,-117.70696356162509
8439,3.7683425317144756,-6.178689720051908,-117.72106983943442
8440,3.7603319797977472,-6.190407977757098,-117.73517567753575
8441,3.7523204205153315,-6.2021260759769365,-117.74928107605564
8442,3.7443078541147736,-6.213844014623117,-117.76338603512059
8443,3.73629428084363,-6.225561793607457,-117.7774905548571
8444,3.7282797009494675,-6.237279412841904,-117.79159463539159
8445,3.7202641146798627,-6.248996872238532,-117.80569827685049
8446,3.712247522282403,-6.260714171709542,-117.81980147936015
8447,3.7042299240046863,-6.272431311167263,-117.8339042430469
8448,3.6962113200943194,-6.284148290524151,-117.84800656803702
8449,3.6881917107989204,-6.295865109692787,-117.86210845445677
8450,3.6801710963661165,-6.307581768585884,-117.87620990243236
8451,3.6721494770435448,-6.319298267116276,-117.89031091208997
8452,3.6641268530788524,-6.331014605196926,-117.90441148355573
8453,3.6561032247196956,-6.342730782740926,-117.91851161695574
8454,3.64807859221374,-6.35444679966149,-117.93261131241606
8455,3.6400529558086614,-6.366162655871962,-117.9467105700627
8456,3.6320263157521437,-6.377878351285811,-117.96080939002167
8457,3.623998672291881,-6.389593885816632,-117.97490777241889
8458,3.6159700256755762,-6.401309259378146,-117.9890057173803
8459,3.6079403761509403,-6.4130244718842,-118.00310322503174
8460,3.5999097239656943,-6.424739523248768,-118.01720029549905
8461,3.591878069367567,-6.436454413385947,-118.03129692890805
8462,3.583845412604297,-6.448169142209963,-118.04539312538446
8463,3.575811753923631,-6.459883709635165,-118.05948888505404
8464,3.5677770935733233,-6.471598115576029,-118.07358420804243
8465,3.5597414318011373,-6.4833123599471545,-118.0876790944753
8466,3.5517047688548447,-6.495026442663269,-118.10177354447825
8467,3.5436671049822253,-6.5067403636392225,-118.11586755817684
8468,3.5356284404310667,-6.518454122789991,-118.12996113569662
8469,3.527588775449165,-6.530167720030675,-118.14405427716305
8470,3.519548110284324,-6.541881155276501,-118.15814698270161
8471,3.511506445184354,-6.553594428442819,-118.1722392524377
8472,3.5034637803970754,-6.565307539445104,-118.18633108649672
8473,3.495420116170314,-6.577020488198955,-118.20042248500401
8474,3.4873754527519036,-6.588733274620097,-118.21451344808486
8475,3.479329790389686,-6.600445898624376,-118.22860397586454
8476,3.47128312933151,-6.612158360127766,-118.24269406846828
8477,3.4632354698252312,-6.6238706590463625,-118.25678372602127
8478,3.4551868121187126,-6.6355827952963855,-118.27087294864867
8479,3.447137156459824,-6.647294768794179,-118.2849617364756
8480,3.439086503096442,-6.659006579456212,-118.29905008962712
8481,3.43103485227645,-6.670718227199074,-118.31313800822828
8482,3.422982204247739,-6.682429711939481,-118.32722549240408
8483,3.4149285592582044,-6.6941410335942715,-118.3413125422795
8484,3.40687391755575,-6.705852192080407,-118.35539915797945
8485,3.3988182793882857,-6.717563187314973,-118.36948533962882
8486,3.3907616450037272,-6.729274019215176,-118.38357108735248
8487,3.3827040146499963,-6.740984687698348,-118.39765640127523
8488,3.374645388575021,-6.752695192681943,-118.41174128152186
8489,3.366585767026736,-6.764405534083537,-118.42582572821709
8490,3.358525150253081,-6.776115711820831,-118.43990974148565
8491,3.3504635385020016,-6.787825725811644,-118.45399332145219
8492,3.3424009320214494,-6.799535575973923,-118.46807646824134
8493,3.334337331059382,-6.811245262225735,-118.48215918197769
8494,3.326272735863761,-6.822954784485268,-118.4962414627858
8495,3.318207146682555,-6.834664142670833,-118.5103233107902
8496,3.310140563763737,-6.846373336700865,-118.52440472611534
8497,3.302072987355286,-6.858082366493918,-118.53848570888567
8498,3.294004417705185,-6.869791231968669,-118.55256625922561
8499,3.2859348550614227,-6.881499933043918,-118.56664637725952
8500,3.277864299671993,-6.893208469638585,-118.58072606311171
8501,3.269792751784894,-6.904916841671712,-118.5948053169065
8502,3.261720211648129,-6.916625049062462,-118.60888413876813
8503,3.253646679509706,-6.928333091730122,-118.62296252882084
8504,3.2455721556176367,-6.940040969594095,-118.63704048718878
8505,3.237496640219938,-6.951748682573912,-118.65111801399613
8506,3.229420133564631,-6.96345623058922,-118.66519510936696
8507,3.221342635899741,-6.975163613559786,-118.67927177342536
8508,3.2132641474732972,-6.986870831405503,-118.69334800629535
8509,3.2051846685333336,-6.998577884046381,-118.70742380810094
8510,3.1971041993278875,-7.010284771402551,-118.72149917896608
8511,3.1890227401050004,-7.021991493394266,-118.7355741190147
8512,3.180940291112717,-7.033698049941897,-118.74964862837066
8513,3.172856852599087,-7.045404440965938,-118.76372270715784
8514,3.1647724248121616,-7.057110666387001,-118.77779635550003
8515,3.1566870079999974,-7.06881672612582,-118.79186957352101
8516,3.148600602410654,-7.080522620103246,-118.80594236134452
8517,3.140513208292193,-7.092228348240255,-118.82001471909425
8518,3.1324248258926812,-7.103933910457937,-118.83408664689385
8519,3.124335455460187,-7.115639306677506,-118.84815814486697
8520,3.116245097242783,-7.127344536820294,-118.86222921313718
8521,3.108153751488543,-7.139049600807751,-118.87629985182805
8522,3.100061418445546,-7.15075449856145,-118.89037006106308
8523,3.0919680983618716,-7.16245923000308,-118.90443984096575
8524,3.083873791485603,-7.174163795054451,-118.9185091916595
8525,3.075778498064826,-7.185868193637491,-118.93257811326772
8526,3.0676822183476284,-7.197572425674248,-118.94664660591381
8527,3.0595849525821013,-7.209276491086888,-118.96071466972109
8528,3.0514867010163367,-7.220980389797696,-118.97478230481282
8529,3.04338746389843,-7.2326841217290765,-118.9888495113123
8530,3.035287241476478,-7.2443876868035515,-119.00291628934272
8531,3.0271860339985803,-7.256091084943762,-119.01698263902728
8532,3.0190838417128374,-7.267794316072467,-119.03104856048911
8533,3.010980664867352,-7.279497380112545,-119.04511405385134
8534,3.0028765037102283,-7.291200276986991,-119.05917911923702
8535,2.9947713584895728,-7.302903006618918,-119.07324375676919
8536,2.986665229453493,-7.314605568931559,-119.08730796657086
8537,2.978558116850098,-7.326307963848263,-119.10137174876499
8538,2.9704500209274984,-7.338010191292498,-119.11543510347451
8539,2.962340941933806,-7.3497122511878485,-119.12949803082229
8540,2.954230880117133,-7.361414143458018,-119.1435605309312
8541,2.9461198357255935,-7.373115868026826,-119.15762260392405
8542,2.9380078090073027,-7.38481742481821,-119.17168424992363
8543,2.929894800210376,-7.3965188137562246,-119.18574546905266
8544,2.9217808095829305,-7.4082200347650415,-119.19980626143386
8545,2.9136658373730833,-7.419921087768951,-119.2138666271899
8546,2.9055498838289524,-7.431621972692358,-119.2279265664434
8547,2.897432949198656,-7.443322689459785,-119.24198607931697
8548,2.889315033730313,-7.455023237995872,-119.25604516593317
8549,2.881196137672043,-7.466723618225376,-119.27010382641451
8550,2.8730762612719656,-7.478423830073169,-119.28416206088349
8551,2.8649554047782,-7.49012387346424,-119.29821986946256
8552,2.856833568438866,-7.501823748323695,-119.31227725227411
8553,2.8487107525020834,-7.513523454576757,-119.32633420944056
8554,2.840586957215972,-7.525222992148763,-119.34039074108422
8555,2.832462182828651,-7.536922360965167,-119.3544468473274
8556,2.82433642958824,-7.548621560951539,-119.36850252829237
8557,2.816209697742857,-7.560320592033566,-119.38255778410135
8558,2.808081987540621,-7.572019454137049,-119.39661261487656
8559,2.7999532992296494,-7.583718147187905,-119.41066702074014
8560,2.7918236330580597,-7.595416671112168,-119.42472100181422
8561,2.783692989273968,-7.607115025835985,-119.43877455822089
8562,2.77556136812549,-7.618813211285621,-119.45282769008217
8563,2.7674287698607403,-7.630511227387456,-119.46688039752011
8564,2.7592951947278324,-7.642209074067982,-119.48093268065668
8565,2.751160642974879,-7.6539067512538095,-119.49498453961381
8566,2.743025114849992,-7.665604258871663,-119.50903597451341
8567,2.734888610601281,-7.677301596848381,-119.52308698547735
8568,2.7267511304768544,-7.688998765110918,-119.53713757262746
8569,2.7186126747248203,-7.700695763586342,-119.55118773608554
8570,2.710473243593284,-7.712392592201837,-119.56523747597335
8571,2.70233283733035,-7.7240892508847,-119.5792867924126
8572,2.694191456184121,-7.735785739562343,-119.59333568552499
8573,2.6860491004026974,-7.7474820581622925,-119.60738415543217
8574,2.6779057702341778,-7.75917820661219,-119.62143220225575
8575,2.6697614659266593,-7.770874184839789,-119.6354798261173
8576,2.6616161877282365,-7.782569992772958,-119.64952702713839
8577,2.6534699358870024,-7.794265630339679,-119.6635738054405
8578,2.645322710651047,-7.8059610974680504,-119.67762016114513
8579,2.6371745122684587,-7.81765639408628,-119.69166609437369
8580,2.6290253409873228,-7.829351520122693,-119.70571160524759
8581,2.6208751970557227,-7.841046475505725,-119.71975669388819
8582,2.612724080721739,-7.852741260163927,-119.7338013604168
8583,2.60457199223345,-7.864435874025963,-119.74784560495473
8584,2.5964189318389304,-7.87613031702061,-119.76188942762323
8585,2.5882648997862527,-7.887824589076756,-119.77593282854352
8586,2.5801098963234863,-7.899518690123407,-119.78997580783678
8587,2.5719539216986975,-7.911212620089677,-119.80401836562416
8588,2.5637969761599497,-7.922906378904796,-119.81806050202677
8589,2.555639059955303,-7.934599966498104,-119.83210221716567
8590,2.5474801733328145,-7.946293382799057,-119.84614351116191
8591,2.5393203165405374,-7.95798662773722,-119.8601843841365
8592,2.5311594898265217,-7.969679701242273,-119.8742248362104
8593,2.5229976934388136,-7.981372603244007,-119.88826486750453
8594,2.5148349276254565,-7.993065333672325,-119.9023044781398
8595,2.506671192634489,-8.004757892457244,-119.91634366823706
8596,2.4985064887139474,-8.01645027952889,-119.93038243791715
8597,2.4903408161118623,-8.028142494817503,-119.94442078730083
8598,2.4821741750762616,-8.039834538253436,-119.95845871650887
8599,2.474006565855169,-8.05152640976715,-119.97249622566198
8600,2.4658379886966038,-8.063218109289224,-119.98653331488086
8601,2.457668443848581,-8.07490963675034,-120.00056998428613
8602,2.449497931559111,-8.086600992081296,-120.0146062339984
8603,2.4413264520762015,-8.098292175213004,-120.02864206413825
8604,2.433154005647854,-8.109983186076484,-120.04267747482622
8605,2.4249805925220653,-8.121674024602866,-120.0567124661828
8606,2.416806212946829,-8.133364690723393,-120.07074703832846
8607,2.4086308671701326,-8.14505518436942,-120.08478119138364
8608,2.4004545554399597,-8.156745505472411,-120.09881492546873
8609,2.392277278004289,-8.168435653963941,-120.11284824070408
8610,2.3840990351110936,-8.180125629775695,-120.12688113721002
8611,2.375919827008342,-8.191815432839471,-120.14091361510684
8612,2.367739653943997,-8.203505063087176,-120.15494567451479
8613,2.359558516166017,-8.215194520450828,-120.16897731555409
8614,2.3513764139223543,-8.226883804862553,-120.18300853834491
8615,2.3431933474609568,-8.23857291625459,-120.19703934300739
8616,2.335009317029766,-8.250261854559287,-120.21106972966166
8617,2.326824322876718,-8.261950619709102,-120.22509969842778
8618,2.318638365249744,-8.273639211636604,-120.2391292494258
8619,2.3104514443967687,-8.28532763027447,-120.25315838277571
8620,2.3022635605657107,-8.297015875555486,-120.26718709859747
8621,2.2940747140044837,-8.308703947412551,-120.28121539701104
8622,2.2858849049609944,-8.320391845778673,-120.2952432781363
8623,2.2776941336831444,-8.332079570586965,-120.3092707420931
8624,2.269502400418829,-8.343767121770654,-120.32329778900129
8625,2.261309705415936,-8.355454499263073,-120.33732441898063
8626,2.2531160489223487,-8.36714170299767,-120.3513506321509
8627,2.244921431185943,-8.378828732907992,-120.3653764286318
8628,2.2367258524545885,-8.390515588927707,-120.37940180854304
8629,2.2285293129761485,-8.402202270990582,-120.39342677200425
8630,2.220331812998479,-8.413888779030497,-120.40745131913503
8631,2.2121333527694302,-8.425575112981441,-120.42147545005498
8632,2.2039339325368448,-8.43726127277751,-120.43549916488364
8633,2.195733552548559,-8.44894725835291,-120.44952246374051
8634,2.187532213052402,-8.460633069641952,-120.46354534674506
8635,2.1793299142961957,-8.472318706579061,-120.47756781401674
8636,2.171126656527755,-8.484004169098768,-120.49158986567494
8637,2.1629224399948876,-8.495689457135708,-120.50561150183903
8638,2.154717264945394,-8.507374570624629,-120.51963272262833
8639,2.1465111316270673,-8.519059509500385,-120.53365352816215
8640,2.138304040287693,-8.53074427369794,-120.54767391855974
8641,2.1300959911750494,-8.54242886315236,-120.56169389394033
8642,2.121886984536907,-8.554113277798823,-120.57571345442311
8643,2.113677020621029,-8.565797517572616,-120.58973260012722
8644,2.1054660996751697,-8.57748158240913,-120.6037513311718
8645,2.0972542219470767,-8.589165472243865,-120.61776964767591
8646,2.089041387684489,-8.600849187012427,-120.63178754975863
8647,2.080827597135138,-8.612532726650532,-120.64580503753895
8648,2.072612850546747,-8.624216091094,-120.65982211113585
8649,2.064397148167031,-8.63589928027876,-120.67383877066828
8650,2.0561804902436966,-8.647582294140847,-120.68785501625516
8651,2.0479628770244425,-8.659265132616401,-120.70187084801533
8652,2.0397443087569584,-8.670947795641673,-120.71588626606767
8653,2.031524785688926,-8.682630283153017,-120.72990127053096
8654,2.023304308068018,-8.694312595086895,-120.74391586152396
8655,2.015082876141899,-8.705994731379874,-120.75793003916542
8656,2.0068604901582243,-8.71767669196863,-120.77194380357402
8657,1.998637150364641,-8.729358476789944,-120.78595715486844
8658,1.9904128570087867,-8.741040085780702,-120.7999700931673
8659,1.9821876103382903,-8.752721518877895,-120.8139826185892
8660,1.973961410600772,-8.764402776018624,-120.82799473125269
8661,1.9657342580438422,-8.776083857140094,-120.84200643127629
8662,1.9575061529151025,-8.787764762179615,-120.85601771877849
8663,1.9492770954621454,-8.799445491074602,-120.87002859387775
8664,1.9410470859325537,-8.811126043762577,-120.88403905669249
8665,1.9328161245739008,-8.822806420181168,-120.89804910734108
8666,1.9245842116337508,-8.834486620268107,-120.91205874594188
8667,1.916351347359658,-8.846166643961233,-120.9260679726132
8668,1.9081175319991672,-8.857846491198488,-120.94007678747332
8669,1.8998827657998134,-8.869526161917921,-120.95408519064047
8670,1.8916470490091217,-8.881205656057684,-120.96809318223288
8671,1.8834103818746073,-8.892884973556036,-120.98210076236872
8672,1.8751727646437752,-8.90456411435134,-120.99610793116611
8673,1.866934197564121,-8.916243078382063,-121.01011468874317
8674,1.8586946808831295,-8.927921865586779,-121.02412103521797
8675,1.8504542148482757,-8.939600475904165,-121.03812697070855
8676,1.842212799707024,-8.951278909273,-121.0521324953329
8677,1.8339704357068285,-8.962957165632172,-121.06613760920898
8678,1.825727123095133,-8.974635244920671,-121.08014231245473
8679,1.817482862119371,-8.986313147077592,-121.09414660518804
8680,1.809237653026965,-8.997990872042132,-121.10815048752679
8681,1.8009914960653266,-9.009668419753595,-121.12215395958877
8682,1.7927443914818573,-9.021345790151386,-121.13615702149181
8683,1.7844963395239473,-9.033022983175016,-121.15015967335364
8684,1.7762473404389763,-9.044699998764099,-121.164161915292
8685,1.7679973944743124,-9.056376836858352,-121.17816374742456
8686,1.7597465018773133,-9.068053497397596,-121.19216516986899
8687,1.7514946628953252,-9.079729980321757,-121.20616618274289
8688,1.7432418777756833,-9.091406285570862,-121.22016678616386
8689,1.7349881467657113,-9.103082413085042,-121.23416698024944
8690,1.7267334701127215,-9.114758362804533,-121.24816676511715
8691,1.718477848064015,-9.126434134669672,-121.26216614088447
8692,1.7102212808668813,-9.1381097286209,-121.27616510766885
8693,1.7019637687685982,-9.149785144598761,-121.29016366558768
8694,1.693705312016432,-9.161460382543899,-121.30416181475836
8695,1.6854459108576372,-9.173135442397065,-121.31815955529822
8696,1.6771855655394563,-9.18481032409911,-121.33215688732457
8697,1.6689242763091203,-9.19648502759099,-121.34615381095469
8698,1.660662043413848,-9.20815955281376,-121.3601503263058
8699,1.6523988671008458,-9.21983389970858,-121.37414643349511
8700,1.644134747617309,-9.23150806821671,-121.3881421326398
8701,1.6358696852104195,-9.243182058279517,-121.402137423857
8702,1.627603680127348,-9.254855869838465,-121.41613230726381
8703,1.619336732615252,-9.266529502835121,-121.43012678297728
8704,1.611068842921277,-9.278202957211155,-121.44412085111446
8705,1.602800011292556,-9.28987623290834,-121.45811451179235
8706,1.5945302379762094,-9.301549329868548,-121.4721077651279
8707,1.586259523219345,-9.313222248033755,-121.48610061123804
8708,1.577987867269058,-9.324894987346037,-121.50009305023967
8709,1.5697152703724304,-9.33656754774757,-121.51408508224965
8710,1.5614417327765318,-9.348239929180638,-121.5280767073848
8711,1.5531672547284185,-9.359912131587617,-121.54206792576191
8712,1.5448918364751343,-9.371584154910991,-121.55605873749774
8713,1.5366154782637094,-9.383255999093345,-121.57004914270901
8714,1.528338180341161,-9.394927664077361,-121.5840391415124
8715,1.5200599429544934,-9.406599149805825,-121.5980287340246
8716,1.511780766350697,-9.41827045622162,-121.61201792036218
8717,1.5035006507767494,-9.429941583267736,-121.62600670064175
8718,1.4952195964796144,-9.441612530887259,-121.63999507497986
8719,1.4869376037062425,-9.453283299023376,-121.65398304349303
8720,1.4786546727035703,-9.464953887619377,-121.66797060629773
8721,1.470370803718521,-9.476624296618649,-121.68195776351041
8722,1.4620859969980042,-9.488294525964683,-121.69594451524749
8723,1.4538002527889153,-9.499964575601068,-121.70993086162535
8724,1.4455135713381362,-9.511634445471492,-121.72391680276034
8725,1.4372259528925344,-9.523304135519746,-121.73790233876876
8726,1.4289373976989639,-9.53497364568972,-121.7518874697669
8727,1.420647906004264,-9.546642975925401,-121.76587219587098
8728,1.4123574780552606,-9.55831212617088,-121.77985651719723
8729,1.4040661140987645,-9.569981096370347,-121.79384043386182
8730,1.3957738143815728,-9.581649886468087,-121.80782394598089
8731,1.3874805791504679,-9.59331849640849,-121.82180705367054
8732,1.379186408652218,-9.604986926136043,-121.83578975704685
8733,1.3708913031335768,-9.616655175595332,-121.84977205622587
8734,1.3625952628412827,-9.628323244731044,-121.86375395132359
8735,1.3542982880220604,-9.639991133487964,-121.87773544245597
8736,1.3460003789226194,-9.651658841810976,-121.89171652973897
8737,1.3377015357896542,-9.663326369645063,-121.90569721328848
8738,1.3294017588698448,-9.674993716935306,-121.91967749322036
8739,1.3211010484098558,-9.686660883626889,-121.93365736965046
8740,1.3127994046563372,-9.69832786966509,-121.94763684269458
8741,1.3044968278559237,-9.709994674995285,-121.96161591246847
8742,1.2961933182552348,-9.721661299562953,-121.97559457908788
8743,1.2878888761008749,-9.73332774331367,-121.98957284266851
8744,1.2795835016394328,-9.744994006193108,-122.003550703326
8745,1.2712771951174824,-9.75666008814704,-122.017528161176
8746,1.2629699567815817,-9.768325989121335,-122.03150521633411
8747,1.2546617868782735,-9.779991709061962,-122.04548186891589
8748,1.2463526856540845,-9.791657247914987,-122.05945811903685
8749,1.2380426533555264,-9.803322605626574,-122.0734339668125
8750,1.229731690229095,-9.814987782142987,-122.0874094123583
8751,1.2214197965212696,-9.826652777410583,-122.10138445578968
8752,1.2131069724785146,-9.838317591375821,-122.11535909722204
8753,1.204793218347278,-9.849982223985256,-122.12933333677073
8754,1.1964785343739919,-9.86164667518554,-122.14330717455107
8755,1.188162920805072,-9.873310944923423,-122.15728061067836
8756,1.179846377886918,-9.884975033145752,-122.17125364526785
8757,1.1715289058659137,-9.896638939799471,-122.18522627843477
8758,1.1632105049884265,-9.908302664831623,-122.19919851029431
8759,1.1548911755008069,-9.919966208189347,-122.21317034096163
8760,1.1465709176493897,-9.931629569819878,-122.22714177055184
8761,1.138249731680493,-9.943292749670547,-122.24111279918004
8762,1.1299276178404178,-9.954955747688786,-122.25508342696129
8763,1.1216045763754492,-9.966618563822118,-122.26905365401062
8764,1.113280607531855,-9.97828119801817,-122.28302348044299
8765,1.104955711555887,-9.989943650224658,-122.29699290637338
8766,1.0966298886937793,-10.001605920389398,-122.3109619319167
8767,1.0883031391917495,-10.013268008460303,-122.32493055718783
8768,1.0799754632959984,-10.024929914385382,-122.33889878230163
8769,1.0716468612527092,-10.036591638112737,-122.35286660737292
8770,1.0633173333080486,-10.048253179590573,-122.3668340325165
8771,1.0549868797081656,-10.059914538767181,-122.3808010578471
8772,1.0466555006991924,-10.071575715590958,-122.39476768347944
8773,1.0383231965272437,-10.083236710010391,-122.40873390952822
8774,1.0299899674384165,-10.094897521974065,-122.42269973610809
8775,1.021655813678791,-10.10655815143066,-122.43666516333366
8776,1.0133207354944291,-10.11821859832895,-122.45063019131952
8777,1.004984733131376,-10.129878862617808,-122.46459482018021
8778,0.9966478068356583,-10.1415389442462,-122.47855905003026
8779,0.9883099568532857,-10.153198843163187,-122.49252288098414
8780,0.9799711834302495,-10.164858559317926,-122.50648631315632
8781,0.9716314868125234,-10.17651809265967,-122.5204493466612
8782,0.9632908672460634,-10.188177443137766,-122.53441198161318
8783,0.9549493249768071,-10.199836610701656,-122.54837421812658
8784,0.9466068602506742,-10.211495595300878,-122.56233605631576
8785,0.9382634733135663,-10.223154396885064,-122.57629749629497
8786,0.9299191644113669,-10.23481301540394,-122.59025853817846
8787,0.921573933789941,-10.246471450807329,-122.60421918208046
8788,0.9132277816951355,-10.258129703045146,-122.61817942811514
8789,0.9048807083727788,-10.269787772067401,-122.63213927639667
8790,0.8965327140686808,-10.2814456578242,-122.64609872703915
8791,0.8881837990286331,-10.293103360265743,-122.66005778015666
8792,0.8798339634984084,-10.304760879342322,-122.67401643586325
8793,0.8714832077237609,-10.316418215004324,-122.68797469427294
8794,0.863131531950426,-10.328075367202231,-122.70193255549971
8795,0.8547789364241206,-10.339732335886621,-122.71589001965751
8796,0.8464254213905423,-10.351389121008161,-122.72984708686026
8797,0.8380709870953702,-10.363045722517615,-122.74380375722184
8798,0.829715633784264,-10.37470214036584,-122.75776003085609
8799,0.8213593617028647,-10.386358374503788,-122.77171590787684
8800,0.8130021710967941,-10.3980144248825,-122.78567138839786
8801,0.8046440622116546,-10.409670291453118,-122.7996264725329
8802,0.7962850352930296,-10.421325974166871,-122.81358116039569
8803,0.7879250905864832,-10.432981472975085,-122.82753545209988
8804,0.7795642283375599,-10.444636787829175,-122.84148934775915
8805,0.771202448791785,-10.456291918680654,-122.85544284748711
8806,0.762839752194664,-10.467946865481125,-122.86939595139734
8807,0.7544761387916833,-10.479601628182284,-122.88334865960339
8808,0.7461116088283091,-10.491256206735923,-122.89730097221876
8809,0.7377461625499883,-10.502910601093921,-122.91125288935696
8810,0.7293798002021478,-10.514564811208256,-122.92520441113142
8811,0.7210125220301948,-10.526218837030996,-122.93915553765557
8812,0.7126443282795167,-10.537872678514299,-122.95310626904278
8813,0.7042752191954808,-10.549526335610421,-122.96705660540641
8814,0.6959051950234343,-10.561179808271705,-122.98100654685977
8815,0.6875342560087044,-10.572833096450589,-122.99495609351617
8816,0.6791624023965983,-10.584486200099603,-123.00890524548882
8817,0.6707896344324027,-10.596139119171369,-123.02285400289097
8818,0.6624159523613842,-10.6077918536186,-123.03680236583578
8819,0.654041356428789,-10.619444403394104,-123.05075033443643
8820,0.645665846879843,-10.631096768450776,-123.06469790880601
8821,0.6372894239597514,-10.642748948741607,-123.07864508905762
8822,0.6289120879136992,-10.65440094421968,-123.09259187530431
8823,0.6205338389868505,-10.666052754838164,-123.1065382676591
8824,0.6121546774243489,-10.677704380550328,-123.12048426623498
8825,0.6037746034713173,-10.689355821309524,-123.1344298711449
8826,0.5953936173728576,-10.701007077069201,-123.14837508250179
8827,0.5870117193740509,-10.712658147782898,-123.16231990041851
8828,0.5786289097199578,-10.724309033404245,-123.17626432500793
8829,0.5702451886556175,-10.735959733886961,-123.19020835638288
8830,0.561860556426048,-10.74761024918486,-123.20415199465614
8831,0.5534750132762468,-10.759260579251842,-123.21809523994047
8832,0.5450885594511898,-10.770910724041906,-123.23203809234859
8833,0.5367011951958318,-10.782560683509134,-123.24598055199318
8834,0.5283129207551063,-10.7942104576077,-123.25992261898692
8835,0.5199237363739253,-10.805860046291873,-123.27386429344241
8836,0.5115336422971798,-10.817509449516006,-123.28780557547226
8837,0.5031426387697389,-10.829158667234548,-123.30174646518901
8838,0.49475072603645026,-10.840807699402037,-123.3156869627052
8839,0.4863579043421401,-10.8524565459731,-123.3296270681333
8840,0.47796417393161283,-10.864105206902455,-123.34356678158579
8841,0.46956953504965127,-10.875753682144909,-123.3575061031751
8842,0.4611739879410163,-10.887401971655363,-123.3714450330136
8843,0.45277753285044703,-10.899050075388804,-123.38538357121367
8844,0.4443801700226607,-10.910697993300309,-123.39932171788763
8845,0.43598189970235257,-10.922345725345046,-123.41325947314779
8846,0.4275827221341958,-10.933993271478274,-123.4271968371064
8847,0.4191826375628415,-10.94564063165534,-123.44113380987568
8848,0.4107816462329187,-10.957287805831681,-123.45507039156784
8849,0.40237974838903406,-10.968934793962823,-123.46900658229505
8850,0.39397694427577207,-10.980581596004383,-123.48294238216943
8851,0.3855732341376949,-10.992228211912064,-123.49687779130306
8852,0.3771686182193423,-11.00387464164166,-123.51081280980804
8853,0.3687630967652315,-11.015520885149057,-123.52474743779639
8854,0.36035667001985733,-11.027166942390226,-123.5386816753801
8855,0.351949338227692,-11.038812813321229,-123.55261552267116
8856,0.34354110163318496,-11.050458497898216,-123.56654897978149
8857,0.33513196048076316,-11.062103996077427,-123.580482046823
8858,0.32672191501483067,-11.073749307815191,-123.59441472390753
8859,0.3183109654797687,-11.085394433067924,-123.60834701114696
8860,0.30989911211993576,-11.09703937179213,-123.62227890865307
8861,0.3014863551796672,-11.108684123944405,-123.63621041653764
8862,0.29307269490327553,-11.12032868948143,-123.6501415349124
8863,0.28465813153505015,-11.13197306835998,-123.66407226388905
8864,0.2762426653192573,-11.143617260536908,-123.67800260357929
8865,0.26782629650014006,-11.155261265969164,-123.69193255409475
8866,0.25940902532191834,-11.166905084613784,-123.70586211554702
8867,0.2509908520287887,-11.17854871642789,-123.7197912880477
8868,0.24257177686492432,-11.190192161368694,-123.73372007170833
8869,0.234151800074475,-11.201835419393495,-123.74764846664041
8870,0.22573092190156704,-11.21347849045968,-123.76157647295543
8871,0.2173091425903032,-11.225121374524726,-123.77550409076481
8872,0.2088864623847627,-11.236764071546192,-123.78943132018
8873,0.20046288152900102,-11.24840658148173,-123.80335816131236
8874,0.19203840026705,-11.260048904289075,-123.81728461427325
8875,0.18361301884291764,-11.271691039926054,-123.83121067917396
8876,0.1751867375005882,-11.283332988350578,-123.8451363561258
8877,0.16675955648402196,-11.294974749520646,-123.85906164524002
8878,0.15833147603715533,-11.306616323394346,-123.87298654662781
8879,0.14990249640390066,-11.318257709929851,-123.8869110604004
8880,0.14147261782814624,-11.329898909085422,-123.9008351866689
8881,0.13304184055375626,-11.341539920819406,-123.91475892554445
8882,0.12461016482457071,-11.353180745090237,-123.92868227713814
8883,0.11617759088440537,-11.364821381856435,-123.94260524156103
8884,0.10774411897705168,-11.376461831076611,-123.95652781892413
8885,0.09930974934627675,-11.388102092709456,-123.97045000933845
8886,0.09087448223582326,-11.399742166713752,-123.98437181291493
8887,0.08243831788940945,-11.411382053048367,-123.99829322976451
8888,0.07400125655072899,-11.423021751672254,-124.01221425999809
8889,0.065563298463451,-11.434661262544452,-124.02613490372651
8890,0.05712444387121994,-11.446300585624089,-124.04005516106062
8891,0.04868469301765556,-11.457939720870376,-124.0539750321112
8892,0.04024404614635285,-11.469578668242612,-124.06789451698901
8893,0.031802503500882005,-11.48121742770018,-124.08181361580482
8894,0.02336006532478832,-11.492855999202552,-124.0957323286693
8895,0.014916731861592175,-11.504494382709284,-124.10965065569312
8896,0.006472503354788954,-11.516132578180017,-124.12356859698691
8897,-0.0019726199521510005,-11.527770585574476,-124.1374861526613
8898,-0.010418637815782452,-11.539408404852477,-124.15140332282684
8899,-0.018865549992685318,-11.551046035973917,-124.16532010759407
8900,-0.027313356239464737,-11.56268347889878,-124.1792365070735
8901,-0.03576205631275112,-11.574320733587136,-124.1931525213756
8902,-0.0442116499692002,-11.585957799999138,-124.20706815061081
8903,-0.05266213696549311,-11.597594678095026,-124.22098339488956
8904,-0.06111351705833641,-11.609231367835125,-124.2348982543222
8905,-0.06956579000446217,-11.620867869179845,-124.24881272901911
8906,-0.07801895556062802,-11.63250418208968,-124.26272681909057
8907,-0.08647301348361718,-11.644140306525209,-124.27664052464688
8908,-0.09492796353023855,-11.655776242447097,-124.29055384579829
8909,-0.10338380545732676,-11.667411989816094,-124.304466782655
8910,-0.11184053902174221,-11.679047548593031,-124.31837933532721
8911,-0.12029816398037113,-11.690682918738828,-124.33229150392506
8912,-0.12875668009012567,-11.702318100214487,-124.3462032885587
8913,-0.13721608710794386,-11.713953092981097,-124.36011468933819
8914,-0.14567638479078981,-11.725587896999826,-124.37402570637359
8915,-0.15413757289565366,-11.73722251223193,-124.38793633977492
8916,-0.16259965117955166,-11.748856938638752,-124.4018465896522
8917,-0.17106261939952622,-11.760491176181713,-124.41575645611536
8918,-0.17952647731264598,-11.772125224822322,-124.42966593927434
8919,-0.18799122467600587,-11.783759084522169,-124.44357503923904
8920,-0.19645686124672715,-11.795392755242931,-124.45748375611932
8921,-0.20492338678195743,-11.807026236946367,-124.471392090025
8922,-0.21339080103887084,-11.81865952959432,-124.4853000410659
8923,-0.22185910377466794,-11.830292633148717,-124.49920760935177
8924,-0.2303282947465759,-11.84192554757157,-124.51311479499236
8925,-0.23879837371184845,-11.85355827282497,-124.52702159809738
8926,-0.24726934042776602,-11.865190808871095,-124.54092801877648
8927,-0.25574119465163575,-11.876823155672204,-124.55483405713932
8928,-0.2642139361407915,-11.888455313190644,-124.56873971329549
8929,-0.2726875646525941,-11.900087281388839,-124.58264498735457
8930,-0.28116207994443104,-11.911719060229299,-124.59654987942612
8931,-0.28963748177371695,-11.923350649674617,-124.61045438961963
8932,-0.29811376989789334,-11.93498204968747,-124.6243585180446
8933,-0.30659094407442883,-11.946613260230617,-124.63826226481048
8934,-0.31506900406081906,-11.958244281266897,-124.65216563002666
8935,-0.3235479496145869,-11.969875112759235,-124.66606861380255
8936,-0.33202778049328235,-11.98150575467064,-124.6799712162475
8937,-0.3405084964544827,-11.993136206964198,-124.69387343747081
8938,-0.34899009725579266,-12.004766469603084,-124.70777527758179
8939,-0.3574725826548441,-12.016396542550549,-124.72167673668969
8940,-0.3659559524092965,-12.02802642576993,-124.73557781490373
8941,-0.3744402062768367,-12.039656119224647,-124.74947851233313
8942,-0.3829253440151791,-12.0512856228782,-124.76337882908702
8943,-0.39141136538206567,-12.062914936694174,-124.77727876527454
8944,-0.399898270135266,-12.07454406063623,-124.7911783210048
8945,-0.4083860580325775,-12.086172994668118,-124.80507749638684
8946,-0.4168747288318251,-12.097801738753665,-124.81897629152972
8947,-0.42536428229086165,-12.109430292856782,-124.83287470654244
8948,-0.4338547181675679,-12.121058656941461,-124.84677274153395
8949,-0.44234603621985236,-12.132686830971776,-124.86067039661322
8950,-0.4508382362056516,-12.144314814911883,-124.87456767188912
8951,-0.45933131788293013,-12.155942608726019,-124.88846456747056
8952,-0.46782528100968057,-12.1675702123785,-124.90236108346637
8953,-0.4763201253439236,-12.179197625833728,-124.91625721998537
8954,-0.4848158506437081,-12.190824849056183,-124.93015297713632
8955,-0.49331245666711104,-12.202451882010426,-124.94404835502797
8956,-0.5018099431722379,-12.214078724661102,-124.95794335376907
8957,-0.5103083099172223,-12.225705376972932,-124.97183797346827
8958,-0.5188075566602263,-12.237331838910725,-124.98573221423425
8959,-0.5273076831594402,-12.248958110439364,-124.99962607617562
8960,-0.5358086891730831,-12.260584191523817,-125.01351955940096
8961,-0.5443105744594023,-12.272210082129131,-125.02741266401885
8962,-0.552813338776674,-12.283835782220436,-125.04130539013781
8963,-0.5613169818832028,-12.295461291762937,-125.05519773786632
8964,-0.569821503537322,-12.307086610721926,-125.06908970731287
8965,-0.5783269034973937,-12.318711739062772,-125.08298129858588
8966,-0.5868331815218087,-12.330336676750925,-125.09687251179373
8967,-0.5953403373689868,-12.341961423751913,-125.11076334704482
8968,-0.6038483707973766,-12.35358598003135,-125.12465380444748
8969,-0.6123572815654555,-12.365210345554923,-125.13854388411
8970,-0.6208670694317302,-12.376834520288405,-125.15243358614069
8971,-0.6293777341547361,-12.388458504197645,-125.16632291064775
8972,-0.6378892754930378,-12.400082297248575,-125.18021185773942
8973,-0.6464016932052291,-12.411705899407204,-125.19410042752388
8974,-0.6549149870499331,-12.423329310639621,-125.20798862010926
8975,-0.663429156785802,-12.434952530911998,-125.22187643560369
8976,-0.6719442021715173,-12.446575560190583,-125.23576387411525
8977,-0.6804601229657898,-12.458198398441706,-125.249650935752
8978,-0.6889769189273599,-12.469821045631774,-125.26353762062196
8979,-0.6974945898149972,-12.481443501727274,-125.27742392883312
8980,-0.706013135387501,-12.493065766694773,-125.29130986049343
8981,-0.7145325554036999,-12.50468784050092,-125.30519541571083
8982,-0.7230528496224523,-12.516309723112435,-125.31908059459322
8983,-0.7315740178026463,-12.527931414496127,-125.33296539724846
8984,-0.7400960597031995,-12.539552914618877,-125.34684982378438
8985,-0.7486189750830594,-12.55117422344765,-125.36073387430879
8986,-0.7571427637012033,-12.562795340949483,-125.37461754892945
8987,-0.7656674253166381,-12.574416267091499,-125.3885008477541
8988,-0.774192959688401,-12.586037001840895,-125.40238377089047
8989,-0.7827193665755587,-12.59765754516495,-125.4162663184462
8990,-0.7912466457372085,-12.609277897031019,-125.43014849052898
8991,-0.799774796932477,-12.620898057406535,-125.44403028724639
8992,-0.8083038199205215,-12.632518026259012,-125.45791170870602
8993,-0.8168337144605291,-12.644137803556042,-125.47179275501543
8994,-0.8253644803117174,-12.655757389265293,-125.48567342628213
8995,-0.8338961172333339,-12.667376783354513,-125.49955372261363
8996,-0.8424286249846566,-12.678995985791527,-125.51343364411736
8997,-0.8509620033249938,-12.69061499654424,-125.52731319090076
8998,-0.8594962520136842,-12.702233815580632,-125.54119236307122
8999,-0.8680313708100968,-12.713852442868763,-125.5550711607361
9000,-0.8765673594736315,-12.725470878376772,-125.56894958400274
9001,-0.8851042177637183,-12.737089122072872,-125.58282763297844
9002,-0.8936419454398179,-12.748707173925357,-125.59670530777046
9003,-0.9021805422614217,-12.760325033902598,-125.61058260848606
9004,-0.9107200079880519,-12.77194270197304,-125.62445953523242
9005,-0.919260342379261,-12.783560178105214,-125.63833608811673
9006,-0.9278015451946329,-12.795177462267718,-125.65221226724614
9007,-0.9363436161937817,-12.806794554429233,-125.66608807272776
9008,-0.9448865551363529,-12.818411454558518,-125.67996350466868
9009,-0.9534303617820227,-12.830028162624405,-125.69383856317593
9010,-0.9619750358904983,-12.841644678595808,-125.70771324835655
9011,-0.9705205772215177,-12.853261002441714,-125.72158756031753
9012,-0.9790669855348505,-12.86487713413119,-125.73546149916581
9013,-0.9876142605902969,-12.876493073633378,-125.74933506500832
9014,-0.9961624021476885,-12.888108820917498,-125.76320825795197
9015,-1.004711409966888,-12.899724375952845,-125.77708107810362
9016,-1.0132612838077895,-12.911339738708792,-125.79095352557009
9017,-1.0218120234303183,-12.922954909154788,-125.80482560045819
9018,-1.0303636285944313,-12.93456988726036,-125.8186973028747
9019,-1.0389160990601165,-12.946184672995109,-125.83256863292634
9020,-1.0474694345873934,-12.957799266328715,-125.84643959071984
9021,-1.056023634936313,-12.969413667230931,-125.86031017636186
9022,-1.064578699866958,-12.98102787567159,-125.87418038995906
9023,-1.0731346291394426,-12.992641891620597,-125.88805023161805
9024,-1.0816914225139125,-13.004255715047938,-125.90191970144542
9025,-1.0902490797505453,-13.015869345923672,-125.91578879954771
9026,-1.0988076006095504,-13.027482784217934,-125.92965752603146
9027,-1.1073669848511687,-13.039096029900934,-125.94352588100315
9028,-1.115927232235673,-13.05070908294296,-125.95739386456926
9029,-1.1244883425233683,-13.062321943314377,-125.97126147683618
9030,-1.133050315474591,-13.073934610985619,-125.98512871791033
9031,-1.1416131508497098,-13.085547085927203,-125.99899558789808
9032,-1.1501768484091255,-13.097159368109718,-126.01286208690577
9033,-1.1587414079132705,-13.10877145750383,-126.0267282150397
9034,-1.1673068291226099,-13.120383354080277,-126.04059397240614
9035,-1.1758731117976404,-13.131995057809876,-126.05445935911135
9036,-1.1844402556988913,-13.143606568663518,-126.06832437526153
9037,-1.193008260586924,-13.155217886612169,-126.08218902096284
9038,-1.2015771262223325,-13.166829011626868,-126.09605329632147
9039,-1.2101468523657424,-13.178439943678734,-126.10991720144352
9040,-1.2187174387778124,-13.190050682738956,-126.12378073643508
9041,-1.2272888852192332,-13.201661228778802,-126.13764390140221
9042,-1.2358611914507283,-13.213271581769611,-126.15150669645094
9043,-1.2444343572330532,-13.224881741682799,-126.16536912168726
9044,-1.2530083823269966,-13.236491708489856,-126.17923117721715
9045,-1.2615832664933795,-13.248101482162348,-126.19309286314652
9046,-1.2701590094930557,-13.259711062671913,-126.20695417958129
9047,-1.2787356110869115,-13.271320449990265,-126.22081512662733
9048,-1.2873130710358658,-13.282929644089192,-126.23467570439048
9049,-1.2958913891008708,-13.294538644940555,-126.24853591297655
9050,-1.3044705650429111,-13.306147452516294,-126.26239575249133
9051,-1.3130505986230048,-13.317756066788416,-126.27625522304056
9052,-1.321631489602202,-13.329364487729007,-126.29011432472997
9053,-1.3302132377415863,-13.340972715310228,-126.30397305766523
9054,-1.3387958428022746,-13.352580749504309,-126.31783142195201
9055,-1.3473793045454163,-13.364188590283558,-126.33168941769593
9056,-1.3559636227321943,-13.375796237620355,-126.34554704500258
9057,-1.3645487971238244,-13.387403691487155,-126.35940430397753
9058,-1.3731348274815556,-13.399010951856486,-126.37326119472633
9059,-1.3817217135666704,-13.410618018700948,-126.38711771735446
9060,-1.3903094551404844,-13.422224891993217,-126.40097387196741
9061,-1.3988980519643466,-13.433831571706042,-126.41482965867061
9062,-1.4074875037996393,-13.445438057812245,-126.42868507756948
9063,-1.4160778104077782,-13.45704435028472,-126.4425401287694
9064,-1.4246689715502128,-13.468650449096437,-126.4563948123757
9065,-1.4332609869884256,-13.480256354220437,-126.47024912849373
9066,-1.441853856483933,-13.491862065629835,-126.48410307722877
9067,-1.4504475797982848,-13.503467583297818,-126.49795665868606
9068,-1.4590421566930645,-13.515072907197647,-126.51180987297084
9069,-1.4676375869298894,-13.526678037302656,-126.52566272018831
9070,-1.4762338702704105,-13.538282973586252,-126.53951520044363
9071,-1.4848310064763124,-13.549887716021914,-126.55336731384193
9072,-1.4934289953093136,-13.561492264583194,-126.56721906048833
9073,-1.5020278365311666,-13.573096619243717,-126.58107044048789
9074,-1.5106275299036576,-13.58470077997718,-126.59492145394566
9075,-1.519228075188607,-13.596304746757351,-126.60877210096665
9076,-1.5278294721478687,-13.607908519558075,-126.62262238165584
9077,-1.5364317205433313,-13.619512098353264,-126.63647229611819
9078,-1.545034820136917,-13.631115483116906,-126.6503218444586
9079,-1.5536387706905823,-13.642718673823058,-126.66417102678199
9080,-1.562243571966318,-13.654321670445853,-126.6780198431932
9081,-1.5708492237261484,-13.665924472959494,-126.69186829379707
9082,-1.579455725732133,-13.677527081338257,-126.7057163786984
9083,-1.5880630777463651,-13.689129495556486,-126.71956409800194
9084,-1.5966712795309723,-13.700731715588603,-126.73341145181244
9085,-1.6052803308481167,-13.712333741409097,-126.74725844023462
9086,-1.613890231459995,-13.72393557299253,-126.76110506337314
9087,-1.6225009811288378,-13.73553721031354,-126.77495132133264
9088,-1.6311125796169108,-13.747138653346829,-126.78879721421774
9089,-1.639725026686514,-13.758739902067173,-126.80264274213303
9090,-1.6483383220999819,-13.770340956449424,-126.81648790518308
9091,-1.6569524656196837,-13.781941816468501,-126.8303327034724
9092,-1.6655674570080234,-13.793542482099395,-126.84417713710548
9093,-1.6741832960274396,-13.80514295331717,-126.85802120618678
9094,-1.6827999824404059,-13.816743230096957,-126.87186491082075
9095,-1.69141751600943,-13.828343312413963,-126.88570825111178
9096,-1.7000358964970554,-13.839943200243464,-126.89955122716424
9097,-1.7086551236658598,-13.851542893560806,-126.91339383908247
9098,-1.717275197278456,-13.863142392341407,-126.92723608697081
9099,-1.7258961170974916,-13.874741696560756,-126.9410779709335
9100,-1.7345178828856498,-13.886340806194413,-126.95491949107482
9101,-1.7431404944056483,-13.897939721218007,-126.96876064749898
9102,-1.75176395142024,-13.909538441607241,-126.98260144031016
9103,-1.760388253692213,-13.921136967337883,-126.99644186961254
9104,-1.7690134009843907,-13.932735298385778,-127.01028193551024
9105,-1.7776393930596315,-13.944333434726836,-127.02412163810735
9106,-1.786266229680829,-13.955931376337041,-127.03796097750795
9107,-1.7948939106109123,-13.967529123192445,-127.05179995381607
9108,-1.8035224356128459,-13.979126675269173,-127.06563856713572
9109,-1.8121518044496294,-13.990724032543417,-127.07947681757088
9110,-1.820782016884298,-14.00232119499144,-127.0933147052255
9111,-1.8294130726799227,-14.013918162589576,-127.10715223020348
9112,-1.8380449715996092,-14.025514935314227,-127.12098939260873
9113,-1.8466777134064993,-14.03711151314187,-127.1348261925451
9114,-1.8553112978637705,-14.048707896049045,-127.14866263011642
9115,-1.8639457247346354,-14.060304084012365,-127.16249870542647
9116,-1.8725809937823428,-14.071900077008515,-127.17633441857903
9117,-1.881217104770177,-14.083495875014243,-127.19016976967782
9118,-1.8898540574614577,-14.095091478006374,-127.20400475882656
9119,-1.8984918516195413,-14.106686885961798,-127.21783938612892
9120,-1.907130487007819,-14.118282098857478,-127.23167365168854
9121,-1.9157699633897185,-14.12987711667044,-127.24550755560904
9122,-1.924410280528703,-14.141471939377787,-127.259341097994
9123,-1.9330514381882724,-14.153066566956685,-127.27317427894698
9124,-1.9416934361319615,-14.164660999384374,-127.28700709857151
9125,-1.950336274123342,-14.17625523663816,-127.30083955697107
9126,-1.9589799519260216,-14.187849278695415,-127.31467165424912
9127,-1.9676244693036435,-14.19944312553359,-127.32850339050911
9128,-1.9762698260198874,-14.211036777130193,-127.34233476585443
9129,-1.9849160218384696,-14.22263023346281,-127.35616578038847
9130,-1.993563056523142,-14.234223494509092,-127.36999643421454
9131,-2.002210929837693,-14.245816560246757,-127.38382672743599
9132,-2.0108596415459474,-14.257409430653595,-127.39765666015609
9133,-2.019509191411766,-14.269002105707463,-127.41148623247808
9134,-2.028159579199047,-14.280594585386286,-127.4253154445052
9135,-2.0368108046717235,-14.292186869668058,-127.43914429634063
9136,-2.0454628675937663,-14.30377895853084,-127.45297278808754
9137,-2.054115767729182,-14.315370851952764,-127.46680091984906
9138,-2.0627695048420143,-14.326962549912029,-127.4806286917283
9139,-2.0714240786963427,-14.338554052386902,-127.49445610382831
9140,-2.0800794890562844,-14.350145359355718,-127.50828315625216
9141,-2.0887357356859924,-14.36173647079688,-127.52210984910285
9142,-2.0973928183496566,-14.373327386688858,-127.53593618248335
9143,-2.106050736811504,-14.384918107010193,-127.54976215649664
9144,-2.1147094908357977,-14.396508631739492,-127.56358777124562
9145,-2.1233690801868383,-14.408098960855426,-127.57741302683318
9146,-2.132029504628963,-14.419689094336741,-127.5912379233622
9147,-2.1406907639265453,-14.431279032162244,-127.6050624609355
9148,-2.149352857843997,-14.442868774310814,-127.61888663965588
9149,-2.1580157861457656,-14.454458320761395,-127.63271045962613
9150,-2.166679548596336,-14.466047671493001,-127.64653392094897
9151,-2.175344144960231,-14.47763682648471,-127.66035702372712
9152,-2.1840095750020083,-14.48922578571567,-127.67417976806327
9153,-2.1926758384862652,-14.500814549165094,-127.68800215406006
9154,-2.201342935177635,-14.512403116812266,-127.70182418182011
9155,-2.2100108648407875,-14.523991488636531,-127.71564585144604
9156,-2.2186796272404314,-14.535579664617307,-127.72946716304038
9157,-2.227349222141312,-14.547167644734076,-127.74328811670568
9158,-2.2360196493082105,-14.558755428966387,-127.75710871254445
9159,-2.2446909085059477,-14.570343017293858,-127.77092895065915
9160,-2.2533629994993802,-14.58193040969617,-127.78474883115223
9161,-2.262035922053403,-14.593517606153073,-127.79856835412609
9162,-2.270709675932948,-14.605104606644383,-127.81238751968313
9163,-2.2793842609029844,-14.616691411149985,-127.82620632792569
9164,-2.28805967672852,-14.628278019649827,-127.8400247789561
9165,-2.296735923174599,-14.639864432123925,-127.85384287287667
9166,-2.3054130000063036,-14.651450648552363,-127.86766060978964
9167,-2.314090906988754,-14.663036668915288,-127.88147798979725
9168,-2.3227696438871077,-14.674622493192915,-127.8952950130017
9169,-2.33144921046656,-14.686208121365526,-127.90911167950517
9170,-2.340129606492344,-14.697793553413469,-127.92292798940981
9171,-2.3488108317297307,-14.709378789317155,-127.93674394281773
9172,-2.357492885944029,-14.720963829057064,-127.95055953983102
9173,-2.366175768900585,-14.732548672613744,-127.96437478055172
9174,-2.374859480364784,-14.744133319967803,-127.97818966508187
9175,-2.3835440201020477,-14.755717771099919,-127.99200419352347
9176,-2.392229387877837,-14.767302025990835,-128.00581836597848
9177,-2.40091558345765,-14.778886084621359,-128.01963218254883
9178,-2.4096026066070237,-14.790469946972365,-128.03344564333645
9179,-2.4182904570915325,-14.802053613024793,-128.04725874844317
9180,-2.426979134676789,-14.813637082759648,-128.0610714979709
9181,-2.4356686391284446,-14.825220356157999,-128.07488389202138
9182,-2.444358970212188,-14.836803433200984,-128.08869593069647
9183,-2.453050127693747,-14.848386313869803,-128.1025076140979
9184,-2.4617421113388867,-14.859968998145723,-128.1163189423274
9185,-2.4704349209134113,-14.871551486010075,-128.13012991548666
9186,-2.4791285561831633,-14.883133777444256,-128.14394053367735
9187,-2.487823016914023,-14.894715872429726,-128.1577507970011
9188,-2.49651830287191,-14.906297770948015,-128.17156070555959
9189,-2.505214413822781,-14.917879472980712,-128.18537025945432
9190,-2.513911349532633,-14.929460978509473,-128.19917945878686
9191,-2.5226091097675,-14.941042287516021,-128.21298830365873
9192,-2.5313076942934556,-14.95262339998214,-128.22679679417143
9193,-2.5400071028766114,-14.964204315889683,-128.24060493042643
9194,-2.5487073352831175,-14.975785035220563,-128.25441271252515
9195,-2.557408391279163,-14.98736555795676,-128.268220140569
9196,-2.566110270630976,-14.99894588408032,-128.28202721465937
9197,-2.5748129731048226,-15.01052601357335,-128.29583393489756
9198,-2.583516498467008,-15.022105946418021,-128.3096403013849
9199,-2.5922208464838765,-15.033685682596575,-128.32344631422268
9200,-2.6009260169218114,-15.04526522209131,-128.33725197351217
9201,-2.6096320095472336,-15.056844564884592,-128.35105727935456
9202,-2.618338824126605,-15.068423710958852,-128.36486223185108
9203,-2.627046460426424,-15.080002660296582,-128.37866683110286
9204,-2.6357549182132303,-15.09158141288034,-128.39247107721107
9205,-2.6444641972536007,-15.103159968692747,-128.4062749702768
9206,-2.6531742973141523,-15.11473832771649,-128.42007851040114
9207,-2.661885218161541,-15.126316489934316,-128.43388169768514
9208,-2.6705969595624617,-15.137894455329041,-128.4476845322298
9209,-2.6793095212836486,-15.149472223883539,-128.4614870141361
9210,-2.6880229030918747,-15.16104979558075,-128.47528914350505
9211,-2.696737104753953,-15.172627170403679,-128.48909092043752
9212,-2.7054521260367346,-15.184204348335392,-128.50289234503444
9213,-2.7141679667071115,-15.19578132935902,-128.51669341739668
9214,-2.7228846265320135,-15.207358113457756,-128.53049413762508
9215,-2.7316021052784105,-15.21893470061486,-128.54429450582046
9216,-2.7403204027133117,-15.230511090813648,-128.5580945220836
9217,-2.749039518603766,-15.242087284037506,-128.57189418651524
9218,-2.757759452716861,-15.25366328026988,-128.58569349921612
9219,-2.7664802048197243,-15.265239079494279,-128.5994924602869
9220,-2.7752017746795237,-15.276814681694276,-128.6132910698283
9221,-2.783924162063465,-15.288390086853507,-128.62708932794092
9222,-2.7926473667387954,-15.299965294955669,-128.6408872347254
9223,-2.8013713884728,-15.311540305984524,-128.65468479028226
9224,-2.810096227032805,-15.323115119923894,-128.6684819947121
9225,-2.818821882186176,-15.334689736757669,-128.6822788481154
9226,-2.827548353700317,-15.346264156469795,-128.69607535059268
9227,-2.8362756413426737,-15.357838379044285,-128.7098715022444
9228,-2.8450037448807306,-15.36941240446521,-128.72366730317097
9229,-2.853732664082012,-15.38098623271671,-128.7374627534728
9230,-2.862462398714082,-15.392559863782981,-128.75125785325028
9231,-2.8711929485445453,-15.404133297648286,-128.7650526026037
9232,-2.879924313341046,-15.415706534296948,-128.77884700163344
9233,-2.8886564928712684,-15.427279573713351,-128.79264105043973
9234,-2.897389486902936,-15.438852415881943,-128.80643474912284
9235,-2.9061232952038143,-15.450425060787234,-128.820228097783
9236,-2.9148579175417066,-15.461997508413795,-128.83402109652042
9237,-2.9235933536844576,-15.47356975874626,-128.84781374543525
9238,-2.9323296033999515,-15.485141811769322,-128.86160604462762
9239,-2.941066666456113,-15.496713667467741,-128.87539799419767
9240,-2.9498045426209076,-15.508285325826334,-128.88918959424544
9241,-2.95854323166234,-15.519856786829981,-128.902980844871
9242,-2.9672827333484557,-15.531428050463626,-128.91677174617436
9243,-2.9760230474473404,-15.542999116712272,-128.93056229825552
9244,-2.9847641737271204,-15.554569985560983,-128.94435250121447
9245,-2.993506111955962,-15.566140656994886,-128.9581423551511
9246,-3.0022488619020713,-15.577711130999168,-128.9719318601653
9247,-3.0109924233336964,-15.589281407559078,-128.98572101635702
9248,-3.019736796019125,-15.600851486659927,-128.99950982382603
9249,-3.028481979726685,-15.612421368287087,-129.0132982826722
9250,-3.037227974224745,-15.62399105242599,-129.02708639299527
9251,-3.0459747792817145,-15.63556053906213,-129.04087415489502
9252,-3.0547223946660433,-15.647129828181061,-129.05466156847118
9253,-3.063470820146222,-15.6586989197684,-129.06844863382344
9254,-3.072220055490782,-15.670267813809822,-129.08223535105148
9255,-3.0809701004682943,-15.681836510291065,-129.09602172025495
9256,-3.0897209548473725,-15.693405009197926,-129.10980774153344
9257,-3.098472618396669,-15.704973310516266,-129.12359341498657
9258,-3.107225090884879,-15.716541414232003,-129.13737874071387
9259,-3.115978372080736,-15.728109320331116,-129.15116371881484
9260,-3.124732461753017,-15.739677028799647,-129.16494834938902
9261,-3.133487359670538,-15.751244539623697,-129.17873263253585
9262,-3.1422430656021567,-15.762811852789426,-129.1925165683548
9263,-3.150999579316772,-15.774378968283056,-129.20630015694522
9264,-3.159756900583323,-15.785945886090868,-129.22008339840653
9265,-3.1685150291707895,-15.797512606199206,-129.2338662928381
9266,-3.1772739648481942,-15.80907912859447,-129.2476488403392
9267,-3.186033707384599,-15.820645453263126,-129.26143104100916
9268,-3.1947942565491076,-15.832211580191693,-129.27521289494723
9269,-3.203555612110865,-15.843777509366754,-129.28899440225265
9270,-3.212317773839057,-15.855343240774951,-129.30277556302462
9271,-3.221080741502911,-15.866908774402988,-129.31655637736233
9272,-3.2298445148716945,-15.878474110237626,-129.3303368453649
9273,-3.238609093714718,-15.890039248265685,-129.34411696713147
9274,-3.2473744778013325,-15.901604188474048,-129.3578967427611
9275,-3.25614066690093,-15.913168930849654,-129.37167617235292
9276,-3.2649076607829435,-15.924733475379504,-129.38545525600588
9277,-3.2736754592168484,-15.93629782205066,-129.39923399381905
9278,-3.282444061972161,-15.947861970850239,-129.41301238589136
9279,-3.291213468818439,-15.95942592176542,-129.42679043232178
9280,-3.299983679525282,-15.970989674783443,-129.4405681332092
9281,-3.3087546938623302,-15.982553229891604,-129.45434548865254
9282,-3.317526511599266,-15.994116587077258,-129.46812249875063
9283,-3.3262991325058135,-16.00567974632782,-129.4818991636023
9284,-3.335072556351738,-16.01724270763077,-129.49567548330634
9285,-3.343846782906846,-16.028805470973637,-129.50945145796157
9286,-3.352621811940987,-16.040368036344017,-129.5232270876667
9287,-3.3613976432240507,-16.051930403729557,-129.53700237252045
9288,-3.3701742765259697,-16.06349257311797,-129.55077731262148
9289,-3.3789517116167174,-16.075054544497025,-129.56455190806847
9290,-3.3877299482663092,-16.08661631785455,-129.57832615896004
9291,-3.396508986244803,-16.09817789317843,-129.5921000653948
9292,-3.4052888253222977,-16.109739270456615,-129.6058736274713
9293,-3.414069465268934,-16.121300449677104,-129.61964684528812
9294,-3.4228509058548955,-16.132861430827962,-129.6334197189437
9295,-3.4316331468504067,-16.144422213897307,-129.6471922485366
9296,-3.440416188025734,-16.155982798873318,-129.66096443416524
9297,-3.4492000291511866,-16.167543185744233,-129.67473627592804
9298,-3.4579846699971153,-16.179103374498347,-129.68850777392342
9299,-3.466770110333913,-16.190663365124013,-129.7022789282497
9300,-3.475556349932014,-16.202223157609648,-129.71604973900529
9301,-3.484343388561896,-16.213782751943718,-129.72982020628842
9302,-3.4931312259940777,-16.22534214811475,-129.74359033019743
9303,-3.50191986199912,-16.236901346111328,-129.75736011083055
9304,-3.5107092963476267,-16.2484603459221,-129.771129548286
9305,-3.5194995288102433,-16.26001914753577,-129.784898642662
9306,-3.5282905591576577,-16.271577750941088,-129.79866739405668
9307,-3.5370823871606003,-16.28313615612688,-129.81243580256822
9308,-3.545875012589843,-16.294694363082016,-129.8262038682947
9309,-3.554668435216201,-16.30625237179543,-129.8399715913342
9310,-3.5634626548105306,-16.317810182256114,-129.8537389717848
9311,-3.572257671143732,-16.329367794453113,-129.8675060097445
9312,-3.5810534839867474,-16.34092520837553,-129.88127270531126
9313,-3.5898500931105604,-16.352482424012532,-129.8950390585831
9314,-3.598647498286198,-16.364039441353334,-129.90880506965794
9315,-3.607445699284729,-16.375596260387216,-129.92257073863368
9316,-3.616244695877266,-16.387152881103507,-129.9363360656082
9317,-3.625044487834963,-16.398709303491604,-129.95010105067936
9318,-3.633845074929017,-16.41026552754095,-129.963865693945
9319,-3.642646456930668,-16.421821553241056,-129.97762999550287
9320,-3.6514486336111975,-16.43337738058148,-129.99139395545075
9321,-3.6602516047419305,-16.444933009551843,-130.0051575738864
9322,-3.6690553700942345,-16.456488440141822,-130.0189208509075
9323,-3.6778599294395202,-16.468043672341146,-130.03268378661176
9324,-3.68666528254924,-16.47959870613961,-130.04644638109679
9325,-3.6954714291948902,-16.49115354152705,-130.06020863446025
9326,-3.7042783691480095,-16.502708178493382,-130.07397054679973
9327,-3.7130861021801786,-16.514262617028557,-130.08773211821276
9328,-3.7218946280630227,-16.525816857122592,-130.1014933487969
9329,-3.7307039465682084,-16.537370898765563,-130.11525423864967
9330,-3.7395140574674457,-16.548924741947594,-130.12901478786853
9331,-3.748324960532488,-16.560478386658872,-130.14277499655094
9332,-3.757136655535131,-16.57203183288964,-130.1565348647943
9333,-3.7659491422472144,-16.583585080630193,-130.17029439269604
9334,-3.7747624204406196,-16.595138129870886,-130.1840535803535
9335,-3.7835764898872717,-16.606690980602128,-130.19781242786402
9336,-3.7923913503591393,-16.618243632814387,-130.21157093532491
9337,-3.8012070016282333,-16.62979608649818,-130.22532910283346
9338,-3.8100234434666085,-16.641348341644093,-130.2390869304869
9339,-3.818840675646362,-16.652900398242753,-130.25284441838247
9340,-3.827658697939635,-16.66445225628485,-130.26660156661737
9341,-3.8364775101186113,-16.676003915761132,-130.28035837528873
9342,-3.845297111955518,-16.6875553766624,-130.29411484449372
9343,-3.854117503222626,-16.699106638979508,-130.30787097432943
9344,-3.8629386836922484,-16.71065770270337,-130.32162676489295
9345,-3.871760653136743,-16.72220856782495,-130.33538221628135
9346,-3.88058341132851,-16.733759234335277,-130.34913732859164
9347,-3.8894069580399937,-16.745309702225427,-130.3628921019208
9348,-3.898231293043681,-16.756859971486534,-130.37664653636583
9349,-3.9070564161121024,-16.76841004210979,-130.3904006320236
9350,-3.9158823270178322,-16.779959914086437,-130.40415438899112
9351,-3.924709025533488,-16.791509587407774,-130.4179078073652
9352,-3.9335365114317313,-16.80305906206516,-130.43166088724269
9353,-3.9423647844852665,-16.81460833805,-130.44541362872044
9354,-3.951193844466842,-16.826157415353762,-130.45916603189525
9355,-3.96002369114925,-16.837706293967965,-130.47291809686388
9356,-3.968854324305325,-16.849254973884186,-130.48666982372305
9357,-3.977685743707947,-16.860803455094054,-130.5004212125695
9358,-3.986517949130038,-16.872351737589252,-130.51417226349992
9359,-3.995350940344565,-16.88389982136152,-130.5279229766109
9360,-4.004184717124538,-16.895447706402656,-130.54167335199915
9361,-4.013019279243011,-16.906995392704506,-130.55542338976122
9362,-4.021854626473082,-16.918542880258972,-130.56917308999368
9363,-4.030690758587892,-16.930090169058012,-130.5829224527931
9364,-4.039527675360627,-16.94163725909364,-130.59667147825596
9365,-4.048365376564515,-16.95318415035792,-130.61042016647875
9366,-4.05720386197283,-16.96473084284298,-130.62416851755793
9367,-4.06604313135889,-16.976277336540985,-130.63791653158995
9368,-4.074883184496053,-16.987823631444172,-130.6516642086712
9369,-4.083724021157726,-16.999369727544824,-130.66541154889805
9370,-4.092565641117358,-17.010915624835278,-130.67915855236683
9371,-4.101408044148441,-17.022461323307926,-130.69290521917387
9372,-4.110251230024511,-17.034006822955217,-130.70665154941543
9373,-4.119095198519151,-17.045552123769646,-130.7203975431878
9374,-4.1279399494059845,-17.05709722574377,-130.7341432005872
9375,-4.136785482458682,-17.0686421288702,-130.74788852170983
9376,-4.145631797450955,-17.08018683314159,-130.76163350665186
9377,-4.154478894156561,-17.09173133855066,-130.77537815550943
9378,-4.163326772349303,-17.10327564509018,-130.78912246837868
9379,-4.172175431803026,-17.11481975275297,-130.80286644535568
9380,-4.181024872291621,-17.12636366153191,-130.81661008653649
9381,-4.189875093589021,-17.137907371419928,-130.83035339201714
9382,-4.198726095469204,-17.149450882410008,-130.84409636189366
9383,-4.207577877706194,-17.160994194495185,-130.85783899626202
9384,-4.216430440074058,-17.172537307668552,-130.87158129521816
9385,-4.225283782346907,-17.18408022192325,-130.885323258858
9386,-4.2341379042988985,-17.195622937252477,-130.89906488727743
9387,-4.242992805704231,-17.20716545364948,-130.91280618057232
9388,-4.251848486337151,-17.218707771107567,-130.92654713883852
9389,-4.260704945971946,-17.23024988962009,-130.9402877621718
9390,-4.26956218438295,-17.241791809180462,-130.95402805066797
9391,-4.2784202013445425,-17.253333529782143,-130.96776800442277
9392,-4.287278996631145,-17.26487505141865,-130.9815076235319
9393,-4.296138570017225,-17.276416374083546,-130.9952469080911
9394,-4.304998921277295,-17.287957497770456,-131.00898585819604
9395,-4.313860050185911,-17.299498422473054,-131.02272447394233
9396,-4.322721956517673,-17.311039148185063,-131.0364627554256
9397,-4.331584640047228,-17.322579674900265,-131.0502007027414
9398,-4.340448100549266,-17.33412000261249,-131.0639383159853
9399,-4.349312337798523,-17.345660131315622,-131.07767559525283
9400,-4.358177351569777,-17.3572000610036,-131.0914125406395
9401,-4.367043141637855,-17.36873979167041,-131.10514915224078
9402,-4.375909707777624,-17.380279323310095,-131.11888543015212
9403,-4.384777049764,-17.391818655916747,-131.1326213744689
9404,-4.3936451673719406,-17.403357789484517,-131.14635698528653
9405,-4.40251406037645,-17.414896724007598,-131.16009226270037
9406,-4.411383728552576,-17.426435459480242,-131.17382720680575
9407,-4.420254171675414,-17.43797399589675,-131.18756181769797
9408,-4.4291253895201015,-17.44951233325148,-131.20129609547232
9409,-4.437997381861822,-17.461050471538837,-131.21503004022404
9410,-4.446870148475804,-17.47258841075328,-131.22876365204831
9411,-4.45574368913732,-17.484126150889317,-131.2424969310404
9412,-4.464618003621689,-17.495663691941512,-131.2562298772954
9413,-4.473493091704275,-17.50720103390448,-131.26996249090848
9414,-4.482368953160485,-17.518738176772885,-131.28369477197475
9415,-4.491245587765773,-17.530275120541447,-131.29742672058927
9416,-4.500122995295638,-17.54181186520493,-131.3111583368471
9417,-4.509001175525624,-17.55334841075816,-131.32488962084324
9418,-4.517880128231319,-17.56488475719601,-131.3386205726727
9419,-4.5267598531883575,-17.576420904513398,-131.3523511924305
9420,-4.535640350172419,-17.587956852705304,-131.3660814802115
9421,-4.5445216189592275,-17.59949260176675,-131.37981143611069
9422,-4.553403659324553,-17.61102815169282,-131.39354106022287
9423,-4.562286471044209,-17.622563502478638,-131.40727035264297
9424,-4.571170053894058,-17.634098654119384,-131.42099931346579
9425,-4.580054407650004,-17.645633606610293,-131.4347279427861
9426,-4.588939532087998,-17.657168359946645,-131.44845624069873
9427,-4.597825426984038,-17.668702914123774,-131.46218420729838
9428,-4.606712092114162,-17.680237269137066,-131.47591184267978
9429,-4.61559952725446,-17.691771424981955,-131.48963914693763
9430,-4.624487732181064,-17.703305381653927,-131.5033661201666
9431,-4.63337670667015,-17.71483913914852,-131.51709276246126
9432,-4.642266450497943,-17.726372697461322,-131.5308190739163
9433,-4.6511569634407115,-17.73790605658797,-131.54454505462624
9434,-4.66004824527477,-17.749439216524156,-131.55827070468564
9435,-4.668940295776477,-17.760972177265618,-131.57199602418905
9436,-4.677833114722239,-17.772504938808147,-131.58572101323094
9437,-4.6867267018885075,-17.784037501147587,-131.59944567190578
9438,-4.695621057051778,-17.795569864279827,-131.613170000308
9439,-4.704516179988592,-17.807102028200806,-131.62689399853204
9440,-4.713412070475539,-17.81863399290652,-131.64061766667226
9441,-4.722308728289252,-17.83016575839301,-131.654341004823
9442,-4.73120615320641,-17.841697324656373,-131.66806401307863
9443,-4.740104345003737,-17.853228691692745,-131.68178669153343
9444,-4.7490033034580055,-17.864759859498324,-131.69550904028168
9445,-4.75790302834603,-17.87629082806935,-131.7092310594176
9446,-4.766803519444673,-17.88782159740212,-131.72295274903541
9447,-4.775704776530843,-17.899352167492975,-131.73667410922934
9448,-4.784606799381494,-17.91088253833831,-131.7503951400935
9449,-4.793509587773624,-17.922412709934566,-131.76411584172206
9450,-4.80241314148428,-17.933942682278236,-131.77783621420912
9451,-4.811317460290552,-17.945472455365863,-131.79155625764875
9452,-4.820222543969579,-17.95700202919404,-131.805275972135
9453,-4.829128392298543,-17.96853140375941,-131.8189953577619
9454,-4.838035005054673,-17.980060579058666,-131.83271441462344
9455,-4.846942382015244,-17.991589555088545,-131.8464331428136
9456,-4.855850522957577,-18.00311833184584,-131.8601515424263
9457,-4.86475942765904,-18.014646909327393,-131.87386961355548
9458,-4.873669095897045,-18.026175287530094,-131.887587356295
9459,-4.882579527449051,-18.03770346645088,-131.90130477073873
9460,-4.8914907220925645,-18.049231446086736,-131.9150218569805
9461,-4.900402679605135,-18.06075922643471,-131.9287386151141
9462,-4.9093153997643615,-18.072286807491878,-131.94245504523332
9463,-4.918228882347886,-18.08381418925538,-131.9561711474319
9464,-4.9271431271334,-18.095341371722405,-131.96988692180355
9465,-4.936058133898638,-18.10686835489018,-131.98360236844198
9466,-4.944973902421383,-18.118395138755996,-131.99731748744085
9467,-4.953890432479462,-18.12992172331718,-132.0110322788938
9468,-4.9628077238507515,-18.141448108571115,-132.02474674289442
9469,-4.97172577631317,-18.15297429451523,-132.0384608795363
9470,-4.980644589644687,-18.164500281147003,-132.052174688913
9471,-4.989564163623314,-18.176026068463962,-132.06588817111805
9472,-4.998484498027111,-18.187551656463683,-132.07960132624493
9473,-5.007405592634184,-18.19907704514379,-132.09331415438714
9474,-5.016327447222686,-18.210602234501962,-132.10702665563812
9475,-5.025250061570815,-18.222127224535917,-132.12073883009126
9476,-5.034173435456816,-18.233652015243425,-132.13445067783996
9477,-5.0430975686589825,-18.245176606622305,-132.1481621989776
9478,-5.0520224609556506,-18.25670099867042,-132.1618733935975
9479,-5.060948112125206,-18.268225191385692,-132.17558426179295
9480,-5.069874521946079,-18.279749184766082,-132.18929480365725
9481,-5.078801690196747,-18.291272978809605,-132.20300501928367
9482,-5.087729616655735,-18.302796573514318,-132.2167149087654
9483,-5.096658301101613,-18.31431996887833,-132.23042447219564
9484,-5.105587743312997,-18.325843164899798,-132.24413370966758
9485,-5.114517943068552,-18.337366161576927,-132.25784262127434
9486,-5.123448900146989,-18.34888895890797,-132.27155120710904
9487,-5.132380614327063,-18.360411556891226,-132.28525946726478
9488,-5.141313085387579,-18.371933955525044,-132.2989674018346
9489,-5.150246313107387,-18.38345615480782,-132.31267501091156
9490,-5.159180297265384,-18.394978154738,-132.32638229458865
9491,-5.168115037640513,-18.406499955314068,-132.34008925295885
9492,-5.177050534011765,-18.418021556534573,-132.35379588611508
9493,-5.185986786158177,-18.429542958398095,-132.3675021941503
9494,-5.194923793858833,-18.441064160903274,-132.3812081771574
9495,-5.203861556892863,-18.452585164048788,-132.39491383522923
9496,-5.212800075039445,-18.46410596783337,-132.40861916845864
9497,-5.221739348077804,-18.47562657225579,-132.42232417693845
9498,-5.2306793757872105,-18.487146977314882,-132.43602886076144
9499,-5.239620157946982,-18.498667183009513,-132.4497332200204
9500,-5.248561694336484,-18.5101871893386,-132.463437254808
9501,-5.257503984735128,-18.52170699630111,-132.477140965217
9502,-5.266447028922372,-18.533226603896058,-132.49084435134003
9503,-5.2753908266777225,-18.544746012122502,-132.50454741326976
9504,-5.284335377780732,-18.556265220979554,-132.5182501510988
9505,-5.293280682010999,-18.567784230466366,-132.53195256491978
9506,-5.302226739148171,-18.57930304058214,-132.54565465482523
9507,-5.311173548971942,-18.590821651326124,-132.5593564209077
9508,-5.3201211112620514,-18.60234006269761,-132.57305786325972
9509,-5.329069425798288,-18.613858274695946,-132.58675898197376
9510,-5.338018492360486,-18.625376287320517,-132.60045977714228
9511,-5.346968310728527,-18.63689410057076,-132.61416024885773
9512,-5.3559188806823395,-18.64841171444616,-132.6278603972125
9513,-5.3648702020019,-18.65992912894624,-132.64156022229892
9514,-5.373822274467233,-18.671446344070578,-132.6552597242094
9515,-5.3827750978584055,-18.682963359818796,-132.66895890303624
9516,-5.391728671955538,-18.694480176190563,-132.68265775887176
9517,-5.4006829965387935,-18.705996793185594,-132.6963562918082
9518,-5.409638071388384,-18.717513210803652,-132.7100545019378
9519,-5.4185938962845706,-18.729029429044544,-132.7237523893528
9520,-5.427550471007658,-18.740545447908122,-132.73744995414535
9521,-5.436507795338,-18.75206126739429,-132.75114719640763
9522,-5.445465869055997,-18.76357688750299,-132.76484411623176
9523,-5.454424691942099,-18.775092308234214,-132.77854071370984
9524,-5.463384263776799,-18.786607529588004,-132.79223698893398
9525,-5.472344584340642,-18.798122551564443,-132.8059329419962
9526,-5.481305653414219,-18.80963737416366,-132.8196285729885
9527,-5.490267470778165,-18.821151997385837,-132.83332388200296
9528,-5.499230036213167,-18.83266642123119,-132.84701886913146
9529,-5.508193349499957,-18.84418064569999,-132.860713534466
9530,-5.5171574104193155,-18.855694670792552,-132.87440787809845
9531,-5.526122218752069,-18.86720849650923,-132.88810190012074
9532,-5.535087774279093,-18.87872212285044,-132.9017956006247
9533,-5.544054076781309,-18.890235549816627,-132.91548897970216
9534,-5.553021126039688,-18.901748777408287,-132.92918203744495
9535,-5.561988921835247,-18.91326180562596,-132.94287477394482
9536,-5.570957463949051,-18.92477463447024,-132.95656718929357
9537,-5.579926752162212,-18.936287263941754,-132.9702592835829
9538,-5.588896786255891,-18.947799694041183,-132.9839510569045
9539,-5.597867566011294,-18.959311924769253,-132.99764250935002
9540,-5.606839091209677,-18.97082395612673,-133.01133364101113
9541,-5.6158113616323435,-18.98233578811443,-133.02502445197945
9542,-5.624784377060644,-18.993847420733214,-133.03871494234656
9543,-5.633758137275977,-19.005358853983985,-133.052405112204
9544,-5.642732642059787,-19.01687008786769,-133.06609496164336
9545,-5.651707891193569,-19.02838112238533,-133.0797844907561
9546,-5.660683884458863,-19.039891957537943,-133.09347369963373
9547,-5.669660621637259,-19.05140259332661,-133.10716258836771
9548,-5.678638102510394,-19.062913029752465,-133.12085115704946
9549,-5.687616326859953,-19.074423266816684,-133.13453940577034
9550,-5.6965952944676665,-19.08593330452048,-133.14822733462177
9551,-5.705575005115316,-19.097443142865124,-133.16191494369508
9552,-5.714555458584728,-19.108952781851922,-133.1756022330816
9553,-5.723536654657781,-19.120462221482228,-133.1892892028726
9554,-5.732518593116396,-19.131971461757438,-133.20297585315936
9555,-5.7415012737425455,-19.143480502678997,-133.2166621840331
9556,-5.750484696318249,-19.154989344248396,-133.2303481955851
9557,-5.759468860625574,-19.16649798646716,-133.24403388790645
9558,-5.768453766446636,-19.178006429336868,-133.25771926108837
9559,-5.777439413563598,-19.189514672859143,-133.271404315222
9560,-5.7864258017586705,-19.20102271703565,-133.28508905039837
9561,-5.795412930814114,-19.212530561868093,-133.29877346670864
9562,-5.804400800512234,-19.22403820735823,-133.3124575642438
9563,-5.813389410635385,-19.23554565350786,-133.32614134309492
9564,-5.8223787609659725,-19.24705290031882,-133.33982480335297
9565,-5.831368851286446,-19.258559947793,-133.3535079451089
9566,-5.840359681379305,-19.270066795932326,-133.3671907684537
9567,-5.849351251027097,-19.281573444738775,-133.38087327347824
9568,-5.858343560012417,-19.293079894214365,-133.39455546027344
9569,-5.86733660811791,-19.30458614436116,-133.40823732893014
9570,-5.876330395126265,-19.316092195181263,-133.4219188795392
9571,-5.885324920820223,-19.327598046676822,-133.4356001121914
9572,-5.894320184982573,-19.33910369885003,-133.44928102697753
9573,-5.903316187396149,-19.35060915170313,-133.46296162398838
9574,-5.9123129278438356,-19.362114405238394,-133.47664190331463
9575,-5.9213104061085655,-19.373619459458155,-133.490321865047
9576,-5.93030862197332,-19.385124314364774,-133.50400150927618
9577,-5.939307575221127,-19.396628969960666,-133.5176808360928
9578,-5.948307265635064,-19.408133426248284,-133.53135984558747
9579,-5.957307692998256,-19.41963768323013,-133.54503853785081
9580,-5.966308857093878,-19.43114174090874,-133.55871691297338
9581,-5.9753107577051505,-19.442645599286703,-133.5723949710457
9582,-5.984313394615344,-19.454149258366645,-133.58607271215828
9583,-5.993316767607777,-19.46565271815124,-133.59975013640164
9584,-6.002320876465817,-19.4771559786432,-133.61342724386623
9585,-6.011325720972879,-19.488659039845285,-133.62710403464246
9586,-6.020331300912426,-19.500161901760297,-133.64078050882074
9587,-6.029337616067971,-19.51166456439108,-133.65445666649148
9588,-6.0383446662230735,-19.523167027740516,-133.668132507745
9589,-6.047352451161343,-19.53466929181154,-133.68180803267165
9590,-6.056360970666437,-19.546171356607122,-133.69548324136173
9591,-6.06537022452206,-19.55767322213028,-133.7091581339055
9592,-6.074380212511967,-19.569174888384072,-133.7228327103932
9593,-6.083390934419961,-19.5806763553716,-133.73650697091506
9594,-6.092402390029892,-19.59217762309601,-133.75018091556126
9595,-6.10141457912566,-19.603678691560486,-133.76385454442197
9596,-6.110427501491214,-19.615179560768254,-133.77752785758736
9597,-6.119441156910551,-19.62668023072259,-133.7912008551475
9598,-6.128455545167715,-19.638180701426812,-133.80487353719252
9599,-6.1374706660468,-19.649680972884273,-133.81854590381243
9600,-6.14648651933195,-19.66118104509837,-133.8322179550973
9601,-6.155503104807354,-19.67268091807255,-133.8458896911371
9602,-6.164520422257254,-19.684180591810296,-133.85956111202185
9603,-6.173538471465935,-19.695680066315134,-133.8732322178415
9604,-6.182557252217737,-19.70717934159063,-133.88690300868595
9605,-6.191576764297045,-19.7186784176404,-133.9005734846451
9606,-6.200597007488292,-19.730177294468096,-133.91424364580882
9607,-6.209617981575962,-19.74167597207741,-133.92791349226698
9608,-6.218639686344585,-19.753174450472084,-133.9415830241094
9609,-6.227662121578744,-19.764672729655896,-133.95525224142585
9610,-6.236685287063066,-19.776170809632667,-133.9689211443061
9611,-6.24570918258223,-19.78766869040626,-133.98258973283993
9612,-6.254733807920962,-19.79916637198058,-133.996258007117
9613,-6.263759162864038,-19.810663854359575,-134.00992596722702
9614,-6.272785247196282,-19.822161137547234,-134.02359361325966
9615,-6.281812060702567,-19.833658221547587,-134.03726094530452
9616,-6.290839603167814,-19.845155106364707,-134.05092796345124
9617,-6.299867874376996,-19.856651792002708,-134.0645946677894
9618,-6.3088968741151294,-19.868148278465746,-134.07826105840854
9619,-6.317926602167285,-19.87964456575802,-134.09192713539818
9620,-6.326957058318579,-19.891140653883767,-134.10559289884785
9621,-6.335988242354177,-19.902636542847265,-134.11925834884698
9622,-6.345020154059295,-19.91413223265284,-134.13292348548507
9623,-6.354052793219197,-19.925627723304853,-134.1465883088515
9624,-6.363086159619196,-19.93712301480771,-134.1602528190357
9625,-6.372120253044653,-19.948618107165856,-134.173917016127
9626,-6.381155073280978,-19.960113000383778,-134.18758090021478
9627,-6.390190620113633,-19.971607694466,-134.20124447138835
9628,-6.399226893328126,-19.9831021894171,-134.21490772973698
9629,-6.408263892710014,-19.994596485241683,-134.22857067534994
9630,-6.417301618044905,-20.006090581944402,-134.24223330831646
9631,-6.426340069118454,-20.01758447952995,-134.25589562872574
9632,-6.435379245716366,-20.02907817800306,-134.269557636667
9633,-6.444419147624394,-20.040571677368508,-134.28321933222938
9634,-6.453459774628343,-20.052064977631108,-134.296880715502
9635,-6.462501126514065,-20.063558078795715,-134.31054178657396
9636,-6.4715432030674584,-20.07505098086723,-134.32420254553435
9637,-6.4805860040744765,-20.086543683850586,-134.33786299247222
9638,-6.4896295293211175,-20.098036187750765,-134.3515231274766
9639,-6.49867377859343,-20.109528492572785,-134.3651829506365
9640,-6.507718751677511,-20.121020598321707,-134.37884246204086
9641,-6.516764448359509,-20.13251250500263,-134.39250166177865
9642,-6.525810868425618,-20.144004212620697,-134.40616054993876
9643,-6.534858011662085,-20.15549572118109,-134.41981912661012
9644,-6.543905877855204,-20.16698703068903,-134.43347739188158
9645,-6.552954466791319,-20.17847814114978,-134.44713534584199
9646,-6.562003778256822,-20.18996905256864,-134.46079298858012
9647,-6.571053812038157,-20.201459764950954,-134.47445032018481
9648,-6.580104567921813,-20.21295027830211,-134.48810734074482
9649,-6.589156045694332,-20.224440592627527,-134.50176405034884
9650,-6.598208245142303,-20.235930707932667,-134.5154204490856
9651,-6.607261166052368,-20.24742062422304,-134.5290765370438
9652,-6.616314808211213,-20.258910341504183,-134.5427323143121
9653,-6.625369171405576,-20.270399859781683,-134.5563877809791
9654,-6.634424255422245,-20.281889179061167,-134.57004293713342
9655,-6.643480060048057,-20.293378299348294,-134.58369778286362
9656,-6.652536585069897,-20.30486722064877,-134.5973523182583
9657,-6.661593830274701,-20.31635594296834,-134.61100654340592
9658,-6.670651795449454,-20.327844466312786,-134.62466045839503
9659,-6.67971048038119,-20.339332790687934,-134.63831406331406
9660,-6.688769884856992,-20.350820916099643,-134.65196735825148
9661,-6.697830008663993,-20.36230884255382,-134.6656203432957
9662,-6.7068908515893755,-20.373796570056403,-134.67927301853513
9663,-6.715952413420371,-20.385284098613376,-134.69292538405813
9664,-6.725014693944263,-20.39677142823076,-134.70657743995304
9665,-6.73407769294838,-20.408258558914618,-134.72022918630816
9666,-6.743141410220102,-20.419745490671048,-134.7338806232118
9667,-6.75220584554686,-20.431232223506193,-134.74753175075222
9668,-6.7612709987161335,-20.44271875742623,-134.76118256901762
9669,-6.770336869515451,-20.45420509243738,-134.77483307809626
9670,-6.779403457732391,-20.465691228545897,-134.7884832780763
9671,-6.7884707631545815,-20.477177165758082,-134.8021331690459
9672,-6.797538785569699,-20.488662904080268,-134.8157827510932
9673,-6.8066075247654725,-20.500148443518835,-134.82943202430627
9674,-6.815676980529677,-20.511633784080196,-134.84308098877324
9675,-6.824747152650139,-20.523118925770802,-134.85672964458212
9676,-6.8338180409147355,-20.53460386859715,-134.87037799182096
9677,-6.842889645111391,-20.546088612565768,-134.88402603057776
9678,-6.851961965028082,-20.55757315768323,-134.89767376094048
9679,-6.861035000452831,-20.56905750395614,-134.91132118299709
9680,-6.870108751173714,-20.580541651391155,-134.9249682968355
9681,-6.879183216978854,-20.592025599994958,-134.93861510254357
9682,-6.888258397656426,-20.603509349774274,-134.95226160020923
9683,-6.897334292994652,-20.61499290073587,-134.9659077899203
9684,-6.906410902781808,-20.62647625288655,-134.9795536717646
9685,-6.915488226806214,-20.637959406233154,-134.99319924582989
9686,-6.924566264856244,-20.649442360782565,-135.00684451220397
9687,-6.9336450167203205,-20.6609251165417,-135.02048947097458
9688,-6.942724482186915,-20.67240767351752,-135.03413412222943
9689,-6.951804661044551,-20.683890031717016,-135.0477784660562
9690,-6.960885553081798,-20.69537219114723,-135.06142250254257
9691,-6.969967158087279,-20.70685415181523,-135.07506623177616
9692,-6.979049475849664,-20.718335913728126,-135.08870965384457
9693,-6.988132506157676,-20.72981747689307,-135.1023527688354
9694,-6.997216248800084,-20.741298841317253,-135.11599557683618
9695,-7.00630070356571,-20.752780007007896,-135.1296380779345
9696,-7.015385870243424,-20.764260973972267,-135.1432802722178
9697,-7.0244717486221475,-20.77574174221767,-135.1569221597736
9698,-7.03355833849085,-20.78722231175144,-135.17056374068932
9699,-7.042645639638551,-20.79870268258096,-135.1842050150524
9700,-7.051733651854322,-20.810182854713645,-135.19784598295027
9701,-7.060822374927282,-20.821662828156953,-135.21148664447026
9702,-7.0699118086466015,-20.83314260291837,-135.22512699969974
9703,-7.0790019528015,-20.844622179005434,-135.23876704872603
9704,-7.088092807181248,-20.856101556425706,-135.25240679163645
9705,-7.097184371575164,-20.867580735186795,-135.26604622851823
9706,-7.106276645772619,-20.879059715296346,-135.27968535945865
9707,-7.115369629563031,-20.89053849676204,-135.2933241845449
9708,-7.124463322735871,-20.902017079591594,-135.3069627038642
9709,-7.133557725080659,-20.913495463792767,-135.3206009175037
9710,-7.142652836386964,-20.924973649373353,-135.33423882555056
9711,-7.151748656444405,-20.936451636341182,-135.34787642809187
9712,-7.160845185042652,-20.947929424704125,-135.36151372521473
9713,-7.169942421971426,-20.959407014470088,-135.37515071700622
9714,-7.1790403670204945,-20.970884405647016,-135.38878740355338
9715,-7.188139019979679,-20.98236159824289,-135.40242378494318
9716,-7.197238380638849,-20.99383859226573,-135.41605986126265
9717,-7.206338448787925,-21.005315387723588,-135.42969563259874
9718,-7.215439224216875,-21.01679198462456,-135.44333109903837
9719,-7.224540706715722,-21.02826838297678,-135.45696626066845
9720,-7.233642896074534,-21.03974458278841,-135.47060111757588
9721,-7.242745792083433,-21.051220584067654,-135.4842356698475
9722,-7.251849394532588,-21.062696386822758,-135.49786991757014
9723,-7.26095370321222,-21.074171991062002,-135.51150386083063
9724,-7.2700587179126,-21.085647396793696,-135.52513749971573
9725,-7.27916443842405,-21.0971226040262,-135.53877083431217
9726,-7.288270864536939,-21.1085976127679,-135.55240386470672
9727,-7.297377996041689,-21.120072423027217,-135.56603659098607
9728,-7.3064858327287725,-21.131547034812623,-135.5796690132369
9729,-7.315594374388711,-21.143021448132615,-135.59330113154581
9730,-7.324703620812076,-21.15449566299573,-135.6069329459995
9731,-7.33381357178949,-21.165969679410537,-135.62056445668452
9732,-7.342924227111624,-21.177443497385653,-135.63419566368745
9733,-7.352035586569202,-21.188917116929723,-135.64782656709485
9734,-7.361147649952996,-21.20039053805143,-135.66145716699324
9735,-7.370260417053831,-21.211863760759492,-135.6750874634691
9736,-7.379373887662577,-21.223336785062667,-135.6887174566089
9737,-7.388488061570161,-21.234809610969748,-135.7023471464991
9738,-7.397602938567555,-21.246282238489563,-135.71597653322613
9739,-7.406718518445784,-21.257754667630977,-135.72960561687634
9740,-7.415834800995922,-21.26922689840289,-135.74323439753613
9741,-7.424951786009095,-21.280698930814246,-135.75686287529183
9742,-7.434069473276478,-21.292170764874015,-135.77049105022977
9743,-7.443187862589295,-21.303642400591208,-135.78411892243622
9744,-7.452306953738823,-21.315113837974874,-135.79774649199746
9745,-7.461426746516389,-21.326585077034093,-135.8113737589997
9746,-7.470547240713368,-21.338056117777985,-135.82500072352917
9747,-7.479668436121188,-21.349526960215705,-135.83862738567205
9748,-7.488790332531327,-21.360997604356445,-135.85225374551453
9749,-7.497912929735312,-21.37246805020943,-135.86587980314272
9750,-7.507036227524722,-21.383938297783924,-135.87950555864273
9751,-7.516160225691184,-21.395408347089223,-135.89313101210067
9752,-7.525284924026379,-21.406878198134663,-135.90675616360255
9753,-7.534410322322035,-21.418347850929614,-135.92038101323445
9754,-7.543536420369933,-21.429817305483482,-135.93400556108233
9755,-7.552663217961903,-21.44128656180571,-135.9476298072322
9756,-7.561790714889826,-21.452755619905776,-135.96125375177004
9757,-7.5709189109456325,-21.464224479793188,-135.97487739478174
9758,-7.580047805921305,-21.4756931414775,-135.98850073635322
9759,-7.589177399608877,-21.487161604968293,-136.00212377657036
9760,-7.5983076918004295,-21.498629870275185,-136.015746515519
9761,-7.607438682288096,-21.51009793740783,-136.029368953285
9762,-7.616570370864062,-21.521565806375925,-136.04299108995414
9763,-7.6257027573205605,-21.53303347718919,-136.0566129256122
9764,-7.634835841449877,-21.544500949857387,-136.07023446034492
9765,-7.643969623044346,-21.555968224390313,-136.08385569423805
9766,-7.653104101896354,-21.5674353007978,-136.09747662737726
9767,-7.662239277798339,-21.578902179089717,-136.11109725984824
9768,-7.671375150542786,-21.590368859275962,-136.12471759173664
9769,-7.680511719922233,-21.601835341366474,-136.13833762312808
9770,-7.68964898572927,-21.613301625371225,-136.15195735410816
9771,-7.698786947756535,-21.62476771130022,-136.16557678476246
9772,-7.707925605796717,-21.636233599163504,-136.17919591517654
9773,-7.717064959642557,-21.647699288971154,-136.19281474543587
9774,-7.726205009086845,-21.65916478073328,-136.20643327562598
9775,-7.735345753922424,-21.670630074460032,-136.22005150583234
9776,-7.7444871939421835,-21.68209517016159,-136.2336694361404
9777,-7.753629328939068,-21.693560067848168,-136.24728706663555
9778,-7.7627721587060705,-21.70502476753002,-136.2609043974032
9779,-7.7719156830362355,-21.716489269217433,-136.27452142852874
9780,-7.7810599017226565,-21.72795357292073,-136.2881381600975
9781,-7.79020481455848,-21.73941767865026,-136.30175459219478
9782,-7.799350421336902,-21.750881586416416,-136.3153707249059
9783,-7.808496721851169,-21.762345296229626,-136.3289865583161
9784,-7.817643715894579,-21.773808808100345,-136.34260209251065
9785,-7.826791403260479,-21.785272122039068,-136.35621732757474
9786,-7.835939783742269,-21.796735238056325,-136.36983226359357
9787,-7.8450888571333985,-21.808198156162675,-136.3834469006523
9788,-7.854238623227368,-21.819660876368715,-136.39706123883607
9789,-7.863389081817729,-21.83112339868508,-136.41067527823
9790,-7.872540232698083,-21.842585723122433,-136.42428901891915
9791,-7.881692075662083,-21.854047849691472,-136.43790246098862
9792,-7.890844610503432,-21.865509778402934,-136.45151560452345
9793,-7.899997837015885,-21.876971509267587,-136.4651284496086
9794,-7.909151754993246,-21.88843304229623,-136.47874099632912
9795,-7.918306364229372,-21.899894377499706,-136.49235324476993
9796,-7.9274616645181695,-21.91135551488888,-136.505965195016
9797,-7.9366176556535954,-21.922816454474653,-136.5195768471522
9798,-7.9457743374296586,-21.93427719626797,-136.53318820126344
9799,-7.954931709640419,-21.9457377402798,-136.54679925743457
9800,-7.964089772079984,-21.95719808652115,-136.56041001575045
9801,-7.973248524542518,-21.96865823500306,-136.57402047629586
9802,-7.98240796682223,-21.980118185736604,-136.5876306391556
9803,-7.991568098713383,-21.99157793873289,-136.60124050441442
9804,-8.000728920010292,-22.003037494003056,-136.61485007215705
9805,-8.00989043050732,-22.01449685155828,-136.6284593424682
9806,-8.019052629998884,-22.02595601140977,-136.64206831543257
9807,-8.028215518279447,-22.037414973568772,-136.65567699113478
9808,-8.037379095143528,-22.04887373804656,-136.66928536965952
9809,-8.046543360385694,-22.060332304854438,-136.68289345109136
9810,-8.055708313800565,-22.071790674003754,-136.69650123551486
9811,-8.06487395518281,-22.083248845505885,-136.7101087230146
9812,-8.074040284327149,-22.094706819372238,-136.72371591367514
9813,-8.083207301028354,-22.106164595614256,-136.73732280758094
9814,-8.09237500508125,-22.11762217424342,-136.7509294048165
9815,-8.101543396280707,-22.129079555271232,-136.76453570546627
9816,-8.110712474421652,-22.140536738709244,-136.7781417096147
9817,-8.11988223929906,-22.151993724569024,-136.79174741734616
9818,-8.129052690707956,-22.163450512862187,-136.80535282874504
9819,-8.13822382844342,-22.174907103600376,-136.81895794389573
9820,-8.14739565230058,-22.186363496795263,-136.8325627628825
9821,-8.156568162074612,-22.19781969245856,-136.8461672857897
9822,-8.16574135756075,-22.209275690602006,-136.8597715127016
9823,-8.174915238554274,-22.220731491237377,-136.87337544370243
9824,-8.184089804850517,-22.23218709437648,-136.88697907887644
9825,-8.193265056244863,-22.24364250003116,-136.90058241830783
9826,-8.202440992532745,-22.255097708213288,-136.91418546208078
9827,-8.211617613509649,-22.26655271893477,-136.92778821027943
9828,-8.220794918971112,-22.278007532207543,-136.9413906629879
9829,-8.229972908712723,-22.28946214804358,-136.95499282029033
9830,-8.239151582530118,-22.300916566454887,-136.96859468227078
9831,-8.24833094021899,-22.312370787453503,-136.98219624901327
9832,-8.257510981575077,-22.323824811051495,-136.99579752060185
9833,-8.266691706394173,-22.335278637260966,-137.00939849712054
9834,-8.27587311447212,-22.346732266094055,-137.0229991786533
9835,-8.285055205604811,-22.358185697562927,-137.03659956528406
9836,-8.294237979588194,-22.36963893167978,-137.05019965709678
9837,-8.303421436218263,-22.38109196845685,-137.06379945417538
9838,-8.312605575291068,-22.3925448079064,-137.0773989566037
9839,-8.321790396602704,-22.40399745004073,-137.0909981644656
9840,-8.330975899949324,-22.415449894872168,-137.1045970778449
9841,-8.340162085127128,-22.426902142413077,-137.11819569682538
9842,-8.349348951932367,-22.438354192675853,-137.13179402149086
9843,-8.358536500161344,-22.44980604567292,-137.14539205192506
9844,-8.367724729610416,-22.461257701416734,-137.15898978821173
9845,-8.376913640075985,-22.47270915991979,-137.17258723043454
9846,-8.386103231354511,-22.484160421194613,-137.1861843786772
9847,-8.395293503242499,-22.495611485253754,-137.19978123302334
9848,-8.40448445553651,-22.507062352109802,-137.2133777935566
9849,-8.413676088033153,-22.518513021775377,-137.22697406036053
9850,-8.42286840052909,-22.52996349426313,-137.24057003351876
9851,-8.432061392821034,-22.54141376958574,-137.25416571311484
9852,-8.441255064705748,-22.55286384775593,-137.26776109923227
9853,-8.450449415980048,-22.56431372878644,-137.2813561919546
9854,-8.459644446440798,-22.57576341269005,-137.29495099136523
9855,-8.468840155884918,-22.587212899479574,-137.30854549754764
9856,-8.478036544109376,-22.59866218916785,-137.32213971058528
9857,-8.48723361091119,-22.610111281767754,-137.33573363056152
9858,-8.496431356087433,-22.62156017729219,-137.34932725755974
9859,-8.505629779435228,-22.633008875754093,-137.3629205916633
9860,-8.514828880751748,-22.644457377166436,-137.37651363295555
9861,-8.524028659834219,-22.65590568154222,-137.39010638151973
9862,-8.533229116479914,-22.667353788894474,-137.40369883743915
9863,-8.542430250486163,-22.67880169923626,-137.41729100079706
9864,-8.551632061650345,-22.690249412580677,-137.4308828716767
9865,-8.56083454976989,-22.701696928940848,-137.44447445016124
9866,-8.570037714642277,-22.71314424832993,-137.45806573633388
9867,-8.57924155606504,-22.72459137076111,-137.47165673027777
9868,-8.588446073835765,-22.736038296247614,-137.48524743207602
9869,-8.597651267752086,-22.74748502480269,-137.49883784181173
9870,-8.606857137611689,-22.75893155643962,-137.512427959568
9871,-8.616063683212312,-22.77037789117172,-137.52601778542785
9872,-8.625270904351744,-22.78182402901233,-137.53960731947433
9873,-8.634478800827827,-22.793269969974833,-137.55319656179043
9874,-8.64368737243845,-22.804715714072632,-137.56678551245915
9875,-8.65289661898156,-22.816161261319163,-137.5803741715634
9876,-8.662106540255149,-22.827606611727898,-137.59396253918612
9877,-8.671317136057263,-22.839051765312334,-137.60755061541025
9878,-8.680528406186001,-22.850496722086007,-137.6211384003186
9879,-8.689740350439509,-22.861941482062473,-137.6347258939941
9880,-8.69895296861599,-22.873386045255327,-137.64831309651953
9881,-8.708166260513693,-22.884830411678195,-137.6619000079777
9882,-8.717380225930922,-22.896274581344727,-137.67548662845138
9883,-8.726594864666032,-22.90771855426861,-137.68907295802333
9884,-8.735810176517425,-22.919162330463557,-137.70265899677628
9885,-8.745026161283562,-22.930605909943317,-137.71624474479293
9886,-8.75424281876295,-22.942049292721666,-137.72983020215597
9887,-8.763460148754149,-22.953492478812414,-137.74341536894804
9888,-8.77267815105577,-22.964935468229395,-137.75700024525176
9889,-8.781896825466475,-22.97637826098648,-137.77058483114973
9890,-8.79111617178498,-22.987820857097567,-137.78416912672458
9891,-8.800336189810048,-22.999263256576587,-137.7977531320588
9892,-8.809556879340498,-23.010705459437496,-137.81133684723497
9893,-8.818778240175197,-23.02214746569429,-137.82492027233556
9894,-8.828000272113064,-23.033589275360985,-137.83850340744308
9895,-8.837222974953072,-23.04503088845163,-137.85208625263996
9896,-8.846446348494243,-23.056472304980314,-137.86566880800865
9897,-8.855670392535652,-23.067913524961142,-137.87925107363154
9898,-8.864895106876423,-23.079354548408254,-137.89283304959102
9899,-8.874120491315734,-23.090795375335826,-137.90641473596943
9900,-8.883346545652815,-23.10223600575806,-137.91999613284912
9901,-8.892573269686944,-23.113676439689183,-137.93357724031242
9902,-8.901800663217452,-23.12511667714346,-137.94715805844157
9903,-8.911028726043725,-23.136556718135182,-137.96073858731884
9904,-8.920257457965194,-23.147996562678674,-137.97431882702648
9905,-8.929486858781347,-23.159436210788286,-137.98789877764668
9906,-8.938716928291722,-23.170875662478398,-138.00147843926163
9907,-8.947947666295907,-23.18231491776342,-138.01505781195348
9908,-8.957179072593542,-23.1937539766578,-138.02863689580437
9909,-8.966411146984319,-23.205192839176,-138.04221569089643
9910,-8.975643889267984,-23.216631505332526,-138.0557941973117
9911,-8.98487729924433,-23.22806997514191,-138.0693724151323
9912,-8.994111376713203,-23.23950824861871,-138.08295034444023
9913,-9.003346121474502,-23.250946325777512,-138.0965279853175
9914,-9.012581533328177,-23.262384206632944,-138.11010533784608
9915,-9.02181761207423,-23.27382189119965,-138.12368240210796
9916,-9.031054357512714,-23.28525937949231,-138.13725917818508
9917,-9.040291769443732,-23.29669667152563,-138.15083566615934
9918,-9.04952984766744,-23.30813376731435,-138.16441186611263
9919,-9.058768591984045,-23.319570666873233,-138.1779877781268
9920,-9.068008002193807,-23.33100737021708,-138.19156340228372
9921,-9.077248078097037,-23.342443877360715,-138.20513873866517
9922,-9.086488819494097,-23.353880188318993,-138.21871378735295
9923,-9.095730226185399,-23.3653163031068,-138.23228854842884
9924,-9.10497229797141,-23.376752221739046,-138.24586302197457
9925,-9.114215034652647,-23.388187944230676,-138.25943720807186
9926,-9.123458436029678,-23.399623470596662,-138.2730111068024
9927,-9.132702501903124,-23.411058800852004,-138.28658471824784
9928,-9.141947232073655,-23.422493935011733,-138.30015804248984
9929,-9.151192626341995,-23.43392887309091,-138.31373107961002
9930,-9.16043868450892,-23.445363615104622,-138.32730382968998
9931,-9.169685406375256,-23.456798161067987,-138.3408762928113
9932,-9.17893279174188,-23.46823251099615,-138.35444846905546
9933,-9.188180840409725,-23.479666664904286,-138.36802035850403
9934,-9.197429552179768,-23.4911006228076,-138.3815919612385
9935,-9.206678926853046,-23.502534384721326,-138.39516327734034
9936,-9.21592896423064,-23.51396795066072,-138.408734306891
9937,-9.22517966411369,-23.52540132064108,-138.4223050499719
9938,-9.23443102630338,-23.536834494677723,-138.43587550666442
9939,-9.243683050600954,-23.548267472785998,-138.44944567704994
9940,-9.2529357368077,-23.55970025498128,-138.46301556120983
9941,-9.262189084724962,-23.571132841278974,-138.47658515922538
9942,-9.271443094154135,-23.582565231694513,-138.49015447117793
9943,-9.280697764896663,-23.593997426243362,-138.5037234971487
9944,-9.289953096754047,-23.60542942494101,-138.517292237219
9945,-9.299209089527835,-23.616861227802982,-138.53086069147002
9946,-9.308465743019628,-23.62829283484482,-138.544428859983
9947,-9.31772305703108,-23.639724246082103,-138.55799674283904
9948,-9.326981031363893,-23.651155461530436,-138.57156434011935
9949,-9.336239665819825,-23.66258648120545,-138.58513165190504
9950,-9.345498960200684,-23.674017305122813,-138.59869867827723
9951,-9.35475891430833,-23.68544793329821,-138.612265419317
9952,-9.364019527944674,-23.69687836574736,-138.62583187510538
9953,-9.373280800911678,-23.70830860248601,-138.63939804572342
9954,-9.382542733011357,-23.719738643529933,-138.65296393125215
9955,-9.391805324045778,-23.731168488894934,-138.6665295317725
9956,-9.40106857381706,-23.742598138596843,-138.68009484736547
9957,-9.410332482127371,-23.75402759265152,-138.69365987811196
9958,-9.419597048778934,-23.765456851074852,-138.7072246240929
9959,-9.42886227357402,-23.776885913882754,-138.72078908538916
9960,-9.438128156314958,-23.78831478109117,-138.7343532620816
9961,-9.447394696804121,-23.79974345271607,-138.7479171542511
9962,-9.456661894843938,-23.81117192877345,-138.76148076197842
9963,-9.46592975023689,-23.82260020927934,-138.77504408534435
9964,-9.475198262785508,-23.834028294249794,-138.7886071244297
9965,-9.484467432292377,-23.845456183700897,-138.80216987931513
9966,-9.493737258560131,-23.856883877648755,-138.81573235008142
9967,-9.503007741391457,-23.86831137610951,-138.82929453680924
9968,-9.512278880589095,-23.879738679099326,-138.84285643957926
9969,-9.521550675955835,-23.8911657866344,-138.85641805847212
9970,-9.530823127294518,-23.90259269873095,-138.86997939356843
9971,-9.54009623440804,-23.91401941540522,-138.88354044494878
9972,-9.549369997099346,-23.925445936673498,-138.89710121269374
9973,-9.558644415171434,-23.93687226255208,-138.91066169688386
9974,-9.567919488427354,-23.948298393057296,-138.92422189759966
9975,-9.577195216670205,-23.95972432820551,-138.93778181492164
9976,-9.58647159970314,-23.971150068013106,-138.95134144893026
9977,-9.595748637329365,-23.982575612496497,-138.964900799706
9978,-9.605026329352137,-23.994000961672125,-138.97845986732924
9979,-9.614304675574763,-24.005426115556457,-138.9920186518804
9980,-9.623583675800603,-24.016851074165988,-139.00557715343982
9981,-9.63286332983307,-24.028275837517246,-139.0191353720879
9982,-9.642143637475625,-24.03970040562678,-139.03269330790496
9983,-9.651424598531785,-24.051124778511163,-139.0462509609713
9984,-9.660706212805117,-24.062548956187,-139.05980833136715
9985,-9.66998848009924,-24.073972938670927,-139.07336541917283
9986,-9.679271400217825,-24.085396725979603,-139.08692222446854
9987,-9.688554972964594,-24.096820318129712,-139.10047874733448
9988,-9.69783919814332,-24.108243715137966,-139.11403498785083
9989,-9.707124075557832,-24.119666917021107,-139.12759094609774
9990,-9.716409605012005,-24.131089923795898,-139.14114662215536
9991,-9.725695786309771,-24.142512735479137,-139.1547020161038
9992,-9.73498261925511,-24.153935352087643,-139.16825712802316
9993,-9.744270103652056,-24.165357773638267,-139.18181195799346
9994,-9.753558239304695,-24.17678000014788,-139.19536650609476
9995,-9.762847026017162,-24.18820203163338,-139.20892077240705
9996,-9.772136463593649,-24.199623868111704,-139.22247475701033
9997,-9.781426551838392,-24.211045509599803,-139.23602845998457
9998,-9.790717290555687,-24.222466956114655,-139.2495818814097
9999,-9.800008679549878,-24.23388820767327,-139.26313502136568
10000,-9.809300718625359,-24.245309264292686,-139.27668787993235
10001,-9.81859340758658,-24.25673012598996,-139.29024045718958
10002,-9.82788674623804,-24.268150792782183,-139.30379275321724
10003,-9.83718073438429,-24.27957126468647,-139.31734476809513
10004,-9.846475371829934,-24.29099154171996,-139.33089650190306
10005,-9.855770658379626,-24.302411623899822,-139.34444795472078
10006,-9.865066593838076,-24.313831511243247,-139.35799912662804
10007,-9.874363178010041,-24.325251203767458,-139.37155001770458
10008,-9.883660410700331,-24.3366707014897,-139.38510062803007
10009,-9.89295829171381,-24.34809000442725,-139.39865095768423
10010,-9.902256820855394,-24.3595091125974,-139.41220100674667
10011,-9.911555997930046,-24.370928026017484,-139.42575077529705
10012,-9.920855822742785,-24.38234674470485,-139.43930026341494
10013,-9.930156295098683,-24.393765268676876,-139.45284947117995
10014,-9.939457414802861,-24.405183597950966,-139.4663983986716
10015,-9.948759181660494,-24.41660173254455,-139.47994704596945
10016,-9.958061595476805,-24.428019672475084,-139.493495413153
10017,-9.967364656057072,-24.439437417760054,-139.50704350030173
10018,-9.976668363206626,-24.450854968416966,-139.5205913074951
10019,-9.985972716730847,-24.462272324463353,-139.53413883481252
10020,-9.995277716435169,-24.47368948591678,-139.54768608233343
10021,-10.004583362125075,-24.485106452794827,-139.56123305013722
10022,-10.013889653606105,-24.496523225115112,-139.57477973830325
10023,-10.023196590683845,-24.507939802895272,-139.58832614691084
10024,-10.032504173163938,-24.519356186152972,-139.60187227603933
10025,-10.041812400852073,-24.5307723749059,-139.61541812576797
10026,-10.051121273553997,-24.54218836917177,-139.62896369617607
10027,-10.060430791075508,-24.55360416896833,-139.64250898734286
10028,-10.06974095322245,-24.565019774313342,-139.65605399934756
10029,-10.079051759800725,-24.5764351852246,-139.66959873226935
10030,-10.088363210616285,-24.587850401719923,-139.6831431861874
10031,-10.097675305475134,-24.599265423817155,-139.6966873611809
10032,-10.106988044183327,-24.610680251534166,-139.71023125732893
10033,-10.116301426546972,-24.62209488488885,-139.7237748747106
10034,-10.125615452372228,-24.633509323899126,-139.73731821340502
10035,-10.134930121465308,-24.644923568582946,-139.75086127349118
10036,-10.144245433632474,-24.65633761895828,-139.76440405504815
10037,-10.153561388680039,-24.667751475043122,-139.77794655815492
10038,-10.162877986414374,-24.679165136855495,-139.79148878289047
10039,-10.172195226641895,-24.69057860441345,-139.80503072933377
10040,-10.181513109169074,-24.701991877735058,-139.81857239756374
10041,-10.190831633802436,-24.713404956838417,-139.8321137876593
10042,-10.20015080034855,-24.724817841741654,-139.84565489969933
10043,-10.209470608614048,-24.736230532462915,-139.85919573376268
10044,-10.218791058405605,-24.747643029020374,-139.87273628992818
10045,-10.228112149529954,-24.759055331432233,-139.88627656827467
10046,-10.237433881793876,-24.770467439716715,-139.89981656888094
10047,-10.246756255004206,-24.781879353892066,-139.91335629182572
10048,-10.256079268967827,-24.793291073976565,-139.92689573718778
10049,-10.265402923491681,-24.804702599988513,-139.94043490504583
10050,-10.274727218382756,-24.81611393194623,-139.9539737954786
10051,-10.284052153448094,-24.82752506986807,-139.9675124085647
10052,-10.29337772849479,-24.838936013772408,-139.9810507443828
10053,-10.302703943329988,-24.85034676367764,-139.99458880301154
10054,-10.312030797760885,-24.86175731960219,-140.00812658452952
10055,-10.321358291594732,-24.87316768156451,-140.0216640890153
10056,-10.33068642463883,-24.884577849583074,-140.03520131654744
10057,-10.340015196700532,-24.895987823676382,-140.04873826720444
10058,-10.349344607587245,-24.907397603862954,-140.06227494106483
10059,-10.358674657106423,-24.91880719016134,-140.0758113382071
10060,-10.368005345065578,-24.930216582590113,-140.08934745870968
10061,-10.37733667127227,-24.941625781167872,-140.10288330265104
10062,-10.386668635534111,-24.953034785913236,-140.11641887010956
10063,-10.396001237658767,-24.964443596844855,-140.12995416116362
10064,-10.405334477453955,-24.9758522139814,-140.1434891758916
10065,-10.414668354727443,-24.987260637341567,-140.15702391437185
10066,-10.424002869287053,-24.998668866944076,-140.17055837668266
10067,-10.433338020940656,-25.010076902807672,-140.18409256290232
10068,-10.442673809496178,-25.021484744951124,-140.1976264731091
10069,-10.452010234761593,-25.032892393393226,-140.21116010738126
10070,-10.46134729654493,-25.044299848152797,-140.224693465797
10071,-10.470684994654272,-25.05570710924868,-140.23822654843454
10072,-10.48002332889775,-25.06711417669974,-140.25175935537203
10073,-10.489362299083545,-25.078521050524866,-140.2652918866876
10074,-10.498701905019898,-25.08992773074298,-140.27882414245943
10075,-10.508042146515093,-25.101334217373015,-140.29235612276557
10076,-10.517383023377473,-25.112740510433937,-140.30588782768413
10077,-10.526724535415427,-25.124146609944734,-140.31941925729316
10078,-10.5360666824374,-25.13555251592442,-140.33295041167068
10079,-10.54540946425189,-25.14695822839203,-140.3464812908947
10080,-10.554752880667442,-25.158363747366625,-140.36001189504321
10081,-10.564096931492656,-25.169769072867286,-140.37354222419418
10082,-10.573441616536185,-25.181174204913123,-140.3870722784255
10083,-10.58278693560673,-25.192579143523268,-140.40060205781515
10084,-10.59213288851305,-25.203983888716877,-140.41413156244096
10085,-10.601479475063948,-25.21538844051313,-140.42766079238083
10086,-10.610826695068289,-25.226792798931232,-140.4411897477126
10087,-10.62017454833498,-25.23819696399041,-140.45471842851407
10088,-10.629523034672983,-25.249600935709918,-140.46824683486304
10089,-10.638872153891317,-25.261004714109028,-140.4817749668373
10090,-10.648221905799048,-25.272408299207036,-140.49530282451457
10091,-10.657572290205293,-25.28381169102327,-140.50883040797257
10092,-10.666923306919225,-25.29521488957708,-140.52235771728903
10093,-10.676274955750065,-25.306617894887825,-140.53588475254162
10094,-10.68562723650709,-25.31802070697491,-140.549411513808
10095,-10.694980148999626,-25.329423325857746,-140.56293800116578
10096,-10.704333693037052,-25.340825751555776,-140.57646421469255
10097,-10.713687868428798,-25.35222798408846,-140.58999015446594
10098,-10.723042674984345,-25.363630023475295,-140.60351582056347
10099,-10.73239811251323,-25.375031869735786,-140.61704121306272
10100,-10.74175418082504,-25.38643352288947,-140.63056633204116
10101,-10.751110879729412,-25.397834982955903,-140.64409117757629
10102,-10.760468209036036,-25.409236249954667,-140.6576157497456
10103,-10.769826168554655,-25.420637323905368,-140.67114004862648
10104,-10.779184758095061,-25.432038204827634,-140.6846640742964
10105,-10.788543977467103,-25.44343889274112,-140.69818782683274
10106,-10.79790382648068,-25.454839387665498,-140.71171130631285
10107,-10.807264304945738,-25.466239689620465,-140.7252345128141
10108,-10.816625412672282,-25.477639798625745,-140.7387574464138
10109,-10.825987149470365,-25.48903971470108,-140.75228010718928
10110,-10.835349515150092,-25.500439437866238,-140.7658024952178
10111,-10.844712509521623,-25.51183896814101,-140.77932461057662
10112,-10.854076132395166,-25.523238305545213,-140.79284645334297
10113,-10.863440383580983,-25.534637450098682,-140.80636802359405
10114,-10.872805262889388,-25.546036401821276,-140.81988932140703
10115,-10.882170770130745,-25.557435160732876,-140.8334103468591
10116,-10.891536905115474,-25.56883372685339,-140.84693110002738
10117,-10.900903667654044,-25.58023210020275,-140.86045158098898
10118,-10.910271057556974,-25.591630280800903,-140.873971789821
10119,-10.919639074634839,-25.603028268667824,-140.88749172660053
10120,-10.929007718698264,-25.61442606382351,-140.90101139140458
10121,-10.938376989557925,-25.625823666287985,-140.9145307843102
10122,-10.947746887024552,-25.63722107608129,-140.92804990539435
10123,-10.957117410908927,-25.64861829322349,-140.94156875473402
10124,-10.966488561021881,-25.660015317734672,-140.95508733240618
10125,-10.9758603371743,-25.67141214963495,-140.96860563848773
10126,-10.985232739177121,-25.682808788944456,-140.98212367305558
10127,-10.994605766841334,-25.69420523568335,-140.99564143618665
10128,-11.003979419977975,-25.705601489871807,-141.00915892795774
10129,-11.013353698398141,-25.716997551530028,-141.02267614844573
10130,-11.022728601912975,-25.72839342067824,-141.0361930977274
10131,-11.032104130333675,-25.73978909733669,-141.04970977587953
10132,-11.041480283471486,-25.751184581525646,-141.06322618297892
10133,-11.050857061137712,-25.7625798732654,-141.07674231910227
10134,-11.060234463143702,-25.773974972576262,-141.09025818432633
10135,-11.069612489300862,-25.785369879478573,-141.10377377872777
10136,-11.078991139420648,-25.79676459399269,-141.11728910238327
10137,-11.088370413314568,-25.808159116138995,-141.13080415536947
10138,-11.097750310794181,-25.819553445937892,-141.14431893776302
10139,-11.1071308316711,-25.830947583409802,-141.15783344964052
10140,-11.116511975756989,-25.84234152857518,-141.17134769107852
10141,-11.125893742863562,-25.85373528145449,-141.1848616621536
10142,-11.135276132802588,-25.865128842068227,-141.19837536294227
10143,-11.144659145385885,-25.876522210436907,-141.21188879352104
10144,-11.154042780425328,-25.887915386581064,-141.2254019539664
10145,-11.163427037732838,-25.899308370521254,-141.23891484435484
10146,-11.17281191712039,-25.910701162278063,-141.25242746476277
10147,-11.18219741840001,-25.92209376187209,-141.26593981526662
10148,-11.19158354138378,-25.933486169323967,-141.27945189594274
10149,-11.200970285883828,-25.94487838465433,-141.29296370686754
10150,-11.21035765171234,-25.956270407883856,-141.30647524811735
10151,-11.219745638681548,-25.96766223903323,-141.31998651976852
10152,-11.22913424660374,-25.97905387812317,-141.33349752189733
10153,-11.238523475291256,-25.99044532517441,-141.34700825458003
10154,-11.247913324556485,-26.0018365802077,-141.36051871789292
10155,-11.25730379421187,-26.013227643243823,-141.3740289119122
10156,-11.266694884069905,-26.024618514303576,-141.3875388367141
10157,-11.276086593943136,-26.036009193407782,-141.40104849237477
10158,-11.285478923644161,-26.047399680577286,-141.41455787897038
10159,-11.294871872985633,-26.05878997583295,-141.4280669965771
10160,-11.30426544178025,-26.070180079195666,-141.441575845271
10161,-11.31365962984077,-26.081569990686333,-141.45508442512818
10162,-11.323054436979994,-26.09295971032589,-141.46859273622474
10163,-11.332449863010783,-26.10434923813528,-141.4821007786367
10164,-11.341845907746047,-26.115738574135484,-141.49560855244007
10165,-11.351242570998744,-26.12712771834749,-141.50911605771088
10166,-11.36063985258189,-26.13851667079232,-141.5226232945251
10167,-11.370037752308551,-26.149905431491007,-141.53613026295864
10168,-11.379436269991842,-26.161294000464608,-141.54963696308747
10169,-11.388835405444935,-26.17268237773421,-141.5631433949875
10170,-11.398235158481048,-26.184070563320905,-141.5766495587346
10171,-11.407635528913454,-26.195458557245825,-141.59015545440462
10172,-11.417036516555479,-26.20684635953011,-141.60366108207342
10173,-11.4264381212205,-26.218233970194927,-141.6171664418168
10174,-11.435840342721944,-26.22962138926146,-141.63067153371057
10175,-11.445243180873291,-26.24100861675092,-141.64417635783047
10176,-11.454646635488075,-26.252395652684537,-141.65768091425227
10177,-11.46405070637988,-26.263782497083557,-141.67118520305166
10178,-11.47345539336234,-26.275169149969255,-141.68468922430438
10179,-11.482860696249144,-26.28655561136292,-141.69819297808607
10180,-11.492266614854032,-26.297941881285873,-141.7116964644724
10181,-11.501673148990795,-26.30932795975944,-141.725199683539
10182,-11.511080298473276,-26.32071384680498,-141.73870263536145
10183,-11.520488063115371,-26.332099542443874,-141.75220532001538
10184,-11.529896442731028,-26.343485046697516,-141.76570773757632
10185,-11.539305437134244,-26.354870359587323,-141.77920988811982
10186,-11.548715046139073,-26.366255481134736,-141.7927117717214
10187,-11.558125269559614,-26.377640411361217,-141.80621338845654
10188,-11.567536107210024,-26.389025150288248,-141.8197147384007
10189,-11.57694755890451,-26.400409697937327,-141.83321582162935
10190,-11.58635962445733,-26.41179405432998,-141.84671663821788
10191,-11.595772303682793,-26.423178219487752,-141.86021718824173
10192,-11.60518559639526,-26.434562193432203,-141.87371747177627
10193,-11.614599502409149,-26.445945976184923,-141.88721748889685
10194,-11.624014021538922,-26.457329567767516,-141.90071723967878
10195,-11.6334291535991,-26.468712968201608,-141.9142167241974
10196,-11.642844898404247,-26.480096177508845,-141.92771594252795
10197,-11.65226125576899,-26.491479195710895,-141.94121489474574
10198,-11.661678225507998,-26.502862022829447,-141.95471358092598
10199,-11.671095807435998,-26.514244658886213,-141.9682120011439
10200,-11.680514001367767,-26.52562710390292,-141.9817101554747
10201,-11.689932807118131,-26.53700935790132,-141.99520804399356
10202,-11.699352224501974,-26.548391420903176,-142.0087056667756
10203,-11.708772253334226,-26.559773292930284,-142.02220302389597
10204,-11.718192893429872,-26.571154974004457,-142.03570011542976
10205,-11.727614144603947,-26.582536464147523,-142.04919694145204
10206,-11.73703600667154,-26.593917763381338,-142.0626935020379
10207,-11.746458479447789,-26.605298871727772,-142.07618979726232
10208,-11.755881562747886,-26.616679789208717,-142.08968582720036
10209,-11.765305256387077,-26.628060515846084,-142.10318159192698
10210,-11.774729560180653,-26.63944105166181,-142.11667709151718
10211,-11.784154473943962,-26.650821396677845,-142.13017232604585
10212,-11.793579997492404,-26.662201550916166,-142.14366729558796
10213,-11.803006130641428,-26.673581514398762,-142.15716200021836
10214,-11.812432873206538,-26.68496128714765,-142.17065644001198
10215,-11.821860225003284,-26.696340869184862,-142.18415061504362
10216,-11.831288185847276,-26.707720260532454,-142.19764452538814
10217,-11.84071675555417,-26.719099461212497,-142.21113817112035
10218,-11.850145933939677,-26.73047847124709,-142.224631552315
10219,-11.859575720819556,-26.74185729065834,-142.23812466904687
10220,-11.869006116009622,-26.753235919468388,-142.2516175213907
10221,-11.878437119325737,-26.764614357699383,-142.26511010942122
10222,-11.88786873058382,-26.7759926053735,-142.27860243321308
10223,-11.897300949599838,-26.78737066251293,-142.292094492841
10224,-11.906733776189812,-26.798748529139893,-142.30558628837957
10225,-11.916167210169814,-26.810126205276617,-142.31907781990347
10226,-11.925601251355967,-26.82150369094536,-142.33256908748726
10227,-11.935035899564449,-26.83288098616839,-142.34606009120554
10228,-11.944471154611485,-26.844258090968,-142.35955083113288
10229,-11.953907016313353,-26.855635005366505,-142.37304130734378
10230,-11.963343484486387,-26.867011729386235,-142.38653151991275
10231,-11.972780558946967,-26.878388263049544,-142.4000214689143
10232,-11.982218239511528,-26.8897646063788,-142.41351115442288
10233,-11.991656525996557,-26.901140759396398,-142.42700057651294
10234,-12.00109541821859,-26.912516722124746,-142.4404897352589
10235,-12.010534915994217,-26.923892494586273,-142.45397863073515
10236,-12.01997501914008,-26.935268076803432,-142.46746726301606
10237,-12.029415727472873,-26.946643468798687,-142.480955632176
10238,-12.03885704080934,-26.95801867059453,-142.49444373828928
10239,-12.048298958966278,-26.96939368221347,-142.50793158143023
10240,-12.057741481760534,-26.980768503678036,-142.5214191616731
10241,-12.067184609009008,-26.992143135010767,-142.53490647909217
10242,-12.076628340528654,-27.003517576234238,-142.54839353376167
10243,-12.086072676136473,-27.014891827371027,-142.56188032575582
10244,-12.095517615649522,-27.026265888443746,-142.57536685514881
10245,-12.104963158884907,-27.037639759475013,-142.58885312201483
10246,-12.114409305659787,-27.049013440487474,-142.602339126428
10247,-12.123856055791373,-27.060386931503793,-142.61582486846248
10248,-12.133303409096927,-27.071760232546648,-142.62931034819235
10249,-12.142751365393762,-27.083133343638746,-142.64279556569167
10250,-12.152199924499245,-27.094506264802803,-142.65628052103452
10251,-12.161649086230792,-27.10587899606156,-142.66976521429493
10252,-12.171098850405873,-27.11725153743777,-142.6832496455469
10253,-12.180549216842007,-27.128623888954216,-142.69673381486447
10254,-12.190000185356768,-27.139996050633695,-142.71021772232157
10255,-12.199451755767779,-27.151368022499017,-142.72370136799213
10256,-12.208903927892717,-27.16273980457302,-142.7371847519501
10257,-12.21835670154931,-27.174111396878562,-142.75066787426937
10258,-12.227810076555334,-27.18548279943851,-142.7641507350238
10259,-12.237264052728623,-27.196854012275754,-142.77763333428726
10260,-12.246718629887058,-27.208225035413207,-142.79111567213357
10261,-12.256173807848574,-27.219595868873796,-142.80459774863655
10262,-12.265629586431157,-27.23096651268047,-142.81807956387
10263,-12.275085965452844,-27.242336966856197,-142.83156111790765
10264,-12.284542944731724,-27.253707231423963,-142.84504241082328
10265,-12.294000524085938,-27.26507730640677,-142.8585234426906
10266,-12.303458703333678,-27.27644719182764,-142.87200421358327
10267,-12.312917482293189,-27.287816887709614,-142.885484723575
10268,-12.322376860782768,-27.299186394075758,-142.89896497273944
10269,-12.33183683862076,-27.310555710949146,-142.91244496115021
10270,-12.341297415625565,-27.321924838352874,-142.9259246888809
10271,-12.350758591615635,-27.333293776310065,-142.93940415600514
10272,-12.360220366409472,-27.344662524843848,-142.95288336259645
10273,-12.36968273982563,-27.356031083977378,-142.96636230872838
10274,-12.379145711682714,-27.367399453733825,-142.97984099447447
10275,-12.388609281799383,-27.37876763413638,-142.99331941990818
10276,-12.398073449994344,-27.390135625208252,-143.006797585103
10277,-12.407538216086358,-27.40150342697267,-143.02027549013238
10278,-12.417003579894239,-27.412871039452877,-143.03375313506973
10279,-12.426469541236848,-27.42423846267214,-143.0472305199885
10280,-12.435936099933103,-27.435605696653738,-143.060707644962
10281,-12.44540325580197,-27.44697274142097,-143.07418451006367
10282,-12.454871008662469,-27.45833959699716,-143.0876611153668
10283,-12.46433935833367,-27.46970626340564,-143.10113746094473
10284,-12.473808304634693,-27.48107274066977,-143.11461354687071
10285,-12.483277847384713,-27.49243902881292,-143.12808937321805
10286,-12.492747986402955,-27.503805127858488,-143.14156494005996
10287,-12.502218721508696,-27.515171037829877,-143.1550402474697
10288,-12.511690052521264,-27.526536758750517,-143.16851529552048
10289,-12.521161979260038,-27.537902290643856,-143.18199008428547
10290,-12.53063450154445,-27.549267633533358,-143.19546461383783
10291,-12.540107619193984,-27.560632787442504,-143.20893888425067
10292,-12.549581332028174,-27.571997752394797,-143.22241289559713
10293,-12.559055639866605,-27.583362528413755,-143.2358866479503
10294,-12.568530542528917,-27.59472711552291,-143.24936014138325
10295,-12.578006039834797,-27.606091513745824,-143.26283337596902
10296,-12.587482131603988,-27.617455723106065,-143.27630635178065
10297,-12.596958817656281,-27.628819743627222,-143.2897790688911
10298,-12.606436097811521,-27.640183575332905,-143.3032515273734
10299,-12.615913971889603,-27.65154721824674,-143.31672372730046
10300,-12.625392439710474,-27.662910672392375,-143.33019566874526
10301,-12.634871501094132,-27.674273937793465,-143.34366735178068
10302,-12.644351155860628,-27.685637014473695,-143.35713877647964
10303,-12.653831403830065,-27.69699990245676,-143.370609942915
10304,-12.663312244822594,-27.708362601766375,-143.38408085115958
10305,-12.67279367865842,-27.71972511242627,-143.39755150128624
10306,-12.682275705157801,-27.7310874344602,-143.41102189336777
10307,-12.691758324141043,-27.74244956789193,-143.42449202747696
10308,-12.701241535428506,-27.753811512745248,-143.43796190368653
10309,-12.710725338840602,-27.765173269043956,-143.45143152206924
10310,-12.720209734197791,-27.776534836811873,-143.4649008826978
10311,-12.729694721320588,-27.78789621607284,-143.47836998564492
10312,-12.739180300029558,-27.799257406850714,-143.49183883098323
10313,-12.748666470145318,-27.81061840916937,-143.5053074187854
10314,-12.758153231488537,-27.821979223052693,-143.51877574912405
10315,-12.767640583879935,-27.833339848524595,-143.53224382207176
10316,-12.777128527140281,-27.844700285609,-143.54571163770115
10317,-12.7866170610904,-27.856060534329856,-143.55917919608476
10318,-12.796106185551166,-27.86742059471112,-143.57264649729512
10319,-12.805595900343503,-27.87878046677677,-143.58611354140476
10320,-12.81508620528839,-27.890140150550803,-143.59958032848616
10321,-12.824577100206856,-27.901499646057232,-143.61304685861177
10322,-12.83406858491998,-27.912858953320086,-143.62651313185404
10323,-12.843560659248892,-27.924218072363413,-143.63997914828542
10324,-12.853053323014779,-27.935577003211275,-143.6534449079783
10325,-12.862546576038872,-27.946935745887757,-143.66691041100506
10326,-12.872040418142458,-27.958294300416952,-143.68037565743805
10327,-12.881534849146874,-27.96965266682298,-143.69384064734962
10328,-12.89102986887351,-27.981010845129976,-143.70730538081207
10329,-12.900525477143805,-27.99236883536209,-143.7207698578977
10330,-12.910021673779251,-28.003726637543487,-143.73423407867875
10331,-12.919518458601392,-28.01508425169835,-143.7476980432275
10332,-12.92901583143182,-28.026441677850887,-143.76116175161619
10333,-12.938513792092184,-28.03779891602531,-143.774625203917
10334,-12.94801234040418,-28.049155966245856,-143.7880884002021
10335,-12.957511476189556,-28.060512828536776,-143.80155134054365
10336,-12.967011199270113,-28.071869502922343,-143.81501402501382
10337,-12.9765115094677,-28.083225989426843,-143.8284764536847
10338,-12.986012406604223,-28.094582288074577,-143.84193862662838
10339,-12.995513890501636,-28.105938398889865,-143.85540054391694
10340,-13.005015960981943,-28.11729432189704,-143.8688622056224
10341,-13.014518617867202,-28.128650057120463,-143.88232361181684
10342,-13.024021860979522,-28.140005604584502,-143.89578476257222
10343,-13.033525690141062,-28.151360964313543,-143.90924565796053
10344,-13.043030105174031,-28.16271613633199,-143.92270629805375
10345,-13.052535105900695,-28.174071120664262,-143.9361666829238
10346,-13.062040692143366,-28.185425917334797,-143.9496268126426
10347,-13.07154686372441,-28.19678052636805,-143.96308668728204
10348,-13.081053620466244,-28.208134947788494,-143.976546306914
10349,-13.090560962191335,-28.219489181620613,-143.99000567161033
10350,-13.100068888722202,-28.23084322788891,-144.00346478144286
10351,-13.109577399881417,-28.242197086617907,-144.0169236364834
10352,-13.119086495491599,-28.25355075783214,-144.03038223680372
10353,-13.128596175375424,-28.264904241556163,-144.04384058247558
10354,-13.138106439355616,-28.276257537814544,-144.05729867357073
10355,-13.147617287254949,-28.287610646631872,-144.0707565101609
10356,-13.157128718896253,-28.29896356803275,-144.08421409231775
10357,-13.166640734102405,-28.310316302041795,-144.097671420113
10358,-13.176153332696334,-28.321668848683643,-144.11112849361828
10359,-13.185666514501023,-28.33302120798295,-144.12458531290523
10360,-13.195180279339503,-28.344373379964377,-144.13804187804544
10361,-13.204694627034858,-28.355725364652614,-144.1514981891105
10362,-13.214209557410223,-28.36707716207236,-144.164954246172
10363,-13.223725070288785,-28.37842877224833,-144.17841004930145
10364,-13.23324116549378,-28.38978019520526,-144.1918655985704
10365,-13.242757842848498,-28.401131430967904,-144.20532089405032
10366,-13.252275102176277,-28.41248247956102,-144.2187759358127
10367,-13.261792943300511,-28.423833341009395,-144.23223072392898
10368,-13.27131136604464,-28.435184015337825,-144.24568525847062
10369,-13.280830370232161,-28.446534502571122,-144.25913953950902
10370,-13.290349955686617,-28.45788480273412,-144.27259356711556
10371,-13.299870122231603,-28.469234915851665,-144.28604734136164
10372,-13.309390869690768,-28.48058484194862,-144.29950086231858
10373,-13.318912197887812,-28.49193458104986,-144.3129541300577
10374,-13.328434106646483,-28.503284133180287,-144.32640714465032
10375,-13.337956595790583,-28.514633498364805,-144.3398599061677
10376,-13.347479665143965,-28.52598267662834,-144.3533124146811
10377,-13.35700331453053,-28.53733166799584,-144.36676467026177
10378,-13.366527543774236,-28.548680472492258,-144.38021667298094
10379,-13.376052352699087,-28.56002909014257,-144.39366842290977
10380,-13.385577741129142,-28.57137752097177,-144.40711992011944
10381,-13.395103708888508,-28.582725765004856,-144.4205711646811
10382,-13.404630255801344,-28.594073822266854,-144.43402215666586
10383,-13.414157381691862,-28.6054216927828,-144.44747289614486
10384,-13.423685086384323,-28.616769376577754,-144.46092338318917
10385,-13.433213369703042,-28.628116873676777,-144.47437361786984
10386,-13.442742231472382,-28.639464184104956,-144.4878236002579
10387,-13.452271671516758,-28.65081130788739,-144.50127333042443
10388,-13.461801689660637,-28.662158245049202,-144.51472280844035
10389,-13.471332285728538,-28.673504995615517,-144.5281720343767
10390,-13.480863459545029,-28.684851559611484,-144.5416210083044
10391,-13.490395210934729,-28.696197937062266,-144.55506973029435
10392,-13.49992753972231,-28.707544127993042,-144.56851820041751
10393,-13.509460445732495,-28.718890132429006,-144.58196641874477
10394,-13.518993928790056,-28.730235950395368,-144.59541438534697
10395,-13.52852798871982,-28.741581581917355,-144.60886210029494
10396,-13.53806262534666,-28.752927027020203,-144.62230956365954
10397,-13.547597838495504,-28.76427228572917,-144.63575677551154
10398,-13.55713362799133,-28.775617358069532,-144.64920373592173
10399,-13.566669993659167,-28.786962244066572,-144.6626504449609
10400,-13.576206935324095,-28.79830694374559,-144.67609690269973
10401,-13.585744452811245,-28.80965145713191,-144.68954310920896
10402,-13.595282545945798,-28.820995784250858,-144.7029890645593
10403,-13.60482121455299,-28.832339925127787,-144.7164347688214
10404,-13.614360458458103,-28.84368387978806,-144.7298802220659
10405,-13.623900277486474,-28.855027648257057,-144.74332542436346
10406,-13.63344067146349,-28.86637123056017,-144.75677037578467
10407,-13.642981640214586,-28.87771462672281,-144.7702150764001
10408,-13.652523183565254,-28.889057836770398,-144.7836595262803
10409,-13.662065301341032,-28.90040086072838,-144.79710372549584
10410,-13.67160799336751,-28.911743698622207,-144.81054767411723
10411,-13.681151259470331,-28.923086350477348,-144.82399137221498
10412,-13.690695099475189,-28.93442881631929,-144.83743481985954
10413,-13.700239513207825,-28.945771096173534,-144.85087801712137
10414,-13.709784500494035,-28.957113190065595,-144.86432096407094
10415,-13.719330061159665,-28.968455098021003,-144.8777636607786
10416,-13.728876195030612,-28.979796820065307,-144.89120610731482
10417,-13.738422901932823,-28.991138356224063,-144.9046483037499
10418,-13.747970181692299,-29.00247970652285,-144.9180902501542
10419,-13.757518034135089,-29.013820870987253,-144.93153194659803
10420,-13.767066459087292,-29.02516184964288,-144.9449733931517
10421,-13.776615456375062,-29.03650264251535,-144.95841458988554
10422,-13.7861650258246,-29.047843249630304,-144.97185553686975
10423,-13.795715167262161,-29.059183671013386,-144.9852962341746
10424,-13.80526588051405,-29.070523906690262,-144.9987366818703
10425,-13.814817165406623,-29.08186395668661,-145.01217688002703
10426,-13.824369021766286,-29.09320382102813,-145.025616828715
10427,-13.833921449419496,-29.104543499740526,-145.0390565280043
10428,-13.843474448192762,-29.11588299284952,-145.0524959779651
10429,-13.853028017912644,-29.127222300380858,-145.0659351786675
10430,-13.862582158405752,-29.138561422360286,-145.0793741301816
10431,-13.872136869498748,-29.14990035881358,-145.09281283257747
10432,-13.881692151018344,-29.161239109766512,-145.10625128592514
10433,-13.891248002791302,-29.172577675244888,-145.11968949029463
10434,-13.900804424644438,-29.183916055274516,-145.13312744575595
10435,-13.910361416404616,-29.195254249881224,-145.14656515237908
10436,-13.919918977898751,-29.20659225909085,-145.16000261023396
10437,-13.929477108953812,-29.217930082929257,-145.17343981939055
10438,-13.939035809396815,-29.229267721422307,-145.18687677991875
10439,-13.94859507905483,-29.24060517459589,-145.20031349188847
10440,-13.958154917754975,-29.2519424424759,-145.21374995536956
10441,-13.96771532532442,-29.263279525088254,-145.2271861704319
10442,-13.977276301590388,-29.27461642245888,-145.2406221371453
10443,-13.98683784638015,-29.28595313461372,-145.25405785557956
10444,-13.996399959521028,-29.29728966157873,-145.26749332580448
10445,-14.005962640840396,-29.30862600337988,-145.2809285478898
10446,-14.01552589016568,-29.319962160043158,-145.2943635219053
10447,-14.025089707324355,-29.33129813159456,-145.3077982479207
10448,-14.034654092143946,-29.342633918060105,-145.32123272600566
10449,-14.04421904445203,-29.353969519465817,-145.3346669562299
10450,-14.053784564076237,-29.36530493583774,-145.34810093866307
10451,-14.063350650844244,-29.376640167201934,-145.3615346733748
10452,-14.07291730458378,-29.387975213584465,-145.3749681604347
10453,-14.082484525122627,-29.39931007501142,-145.38840139991234
10454,-14.092052312288615,-29.410644751508897,-145.40183439187734
10455,-14.101620665909627,-29.421979243103014,-145.41526713639925
10456,-14.111189585813593,-29.433313549819893,-145.42869963354755
10457,-14.120759071828498,-29.44464767168568,-145.4421318833918
10458,-14.130329123782376,-29.455981608726525,-145.45556388600144
10459,-14.139899741503314,-29.467315360968602,-145.46899564144599
10460,-14.149470924819445,-29.478648928438094,-145.48242714979486
10461,-14.159042673558956,-29.4899823111612,-145.49585841111747
10462,-14.168614987550084,-29.50131550916413,-145.50928942548322
10463,-14.178187866621117,-29.51264852247311,-145.52272019296151
10464,-14.187761310600395,-29.523981351114383,-145.53615071362168
10465,-14.197335319316306,-29.535313995114198,-145.54958098753306
10466,-14.20690989259729,-29.546646454498823,-145.563011014765
10467,-14.216485030271839,-29.55797872929454,-145.5764407953868
10468,-14.226060732168493,-29.569310819527644,-145.58987032946766
10469,-14.235636998115847,-29.580642725224447,-145.60329961707689
10470,-14.24521382794254,-29.591974446411268,-145.6167286582837
10471,-14.25479122147727,-29.603305983114446,-145.63015745315732
10472,-14.264369178548778,-29.614637335360328,-145.64358600176695
10473,-14.27394769898586,-29.625968503175283,-145.65701430418173
10474,-14.283526782617361,-29.637299486585686,-145.6704423604708
10475,-14.293106429272179,-29.648630285617926,-145.68387017070327
10476,-14.302686638779258,-29.65996090029841,-145.69729773494828
10477,-14.3122674109676,-29.67129133065356,-145.7107250532749
10478,-14.32184874566625,-29.682621576709806,-145.7241521257522
10479,-14.331430642704307,-29.693951638493594,-145.7375789524492
10480,-14.34101310191092,-29.705281516031384,-145.75100553343495
10481,-14.350596123115293,-29.716611209349647,-145.76443186877842
10482,-14.360179706146674,-29.727940718474873,-145.77785795854857
10483,-14.369763850834364,-29.73927004343356,-145.79128380281438
10484,-14.379348557007715,-29.750599184252223,-145.80470940164477
10485,-14.388933824496132,-29.76192814095739,-145.81813475510867
10486,-14.398519653129066,-29.7732569135756,-145.83155986327495
10487,-14.408106042736021,-29.78458550213341,-145.8449847262125
10488,-14.417692993146552,-29.795913906657386,-145.85840934399013
10489,-14.427280504190264,-29.807242127174106,-145.87183371667672
10490,-14.436868575696812,-29.818570163710167,-145.88525784434103
10491,-14.446457207495902,-29.829898016292177,-145.89868172705187
10492,-14.456046399417291,-29.841225684946757,-145.912105364878
10493,-14.465636151290786,-29.85255316970054,-145.92552875788815
10494,-14.475226462946246,-29.86388047058017,-145.93895190615103
10495,-14.484817334213577,-29.875207587612316,-145.95237480973537
10496,-14.49440876492274,-29.88653452082365,-145.96579746870987
10497,-14.504000754903743,-29.897861270240853,-145.97921988314314
10498,-14.513593303986646,-29.90918783589063,-145.99264205310382
10499,-14.523186412001559,-29.9205142177997,-146.00606397866056
10500,-14.532780078778645,-29.93184041599478,-146.01948565988192
10501,-14.542374304148113,-29.943166430502618,-146.03290709683648
10502,-14.551969087940227,-29.954492261349962,-146.04632828959282
10503,-14.561564429985298,-29.96581790856358,-146.05974923821944
10504,-14.571160330113688,-29.97714337217025,-146.07316994278486
10505,-14.580756788155812,-29.988468652196765,-146.08659040335758
10506,-14.590353803942133,-29.99979374866993,-146.10001062000603
10507,-14.599951377303166,-30.011118661616564,-146.1134305927987
10508,-14.609549508069474,-30.022443391063497,-146.12685032180397
10509,-14.619148196071674,-30.033767937037574,-146.1402698070903
10510,-14.62874744114043,-30.045092299565653,-146.15368904872605
10511,-14.638347243106459,-30.056416478674603,-146.16710804677956
10512,-14.647947601800528,-30.067740474391307,-146.1805268013192
10513,-14.657548517053453,-30.079064286742664,-146.19394531241326
10514,-14.667149988696101,-30.09038791575558,-146.20736358013008
10515,-14.67675201655939,-30.101711361456978,-146.2207816045379
10516,-14.68635460047429,-30.11303462387379,-146.234199385705
10517,-14.695957740271817,-30.124357703032967,-146.2476169236996
10518,-14.705561435783041,-30.135680598961464,-146.26103421858994
10519,-14.71516568683908,-30.14700331168626,-146.2744512704442
10520,-14.724770493271105,-30.158325841234333,-146.28786807933054
10521,-14.734375854910336,-30.169648187632685,-146.30128464531714
10522,-14.743981771588043,-30.18097035090833,-146.3147009684721
10523,-14.753588243135546,-30.192292331088286,-146.32811704886353
10524,-14.763195269384216,-30.203614128199593,-146.34153288655955
10525,-14.772802850165474,-30.214935742269297,-146.3549484816282
10526,-14.782410985310795,-30.226257173324463,-146.36836383413757
10527,-14.792019674651698,-30.23757842139216,-146.38177894415563
10528,-14.801628918019755,-30.24889948649948,-146.3951938117504
10529,-14.811238715246592,-30.26022036867352,-146.40860843698988
10530,-14.820849066163879,-30.27154106794139,-146.42202281994204
10531,-14.83045997060334,-30.282861584330213,-146.43543696067482
10532,-14.840071428396747,-30.29418191786713,-146.4488508592561
10533,-14.849683439375928,-30.30550206857929,-146.46226451575384
10534,-14.859296003372753,-30.316822036493853,-146.4756779302359
10535,-14.868909120219149,-30.328141821637992,-146.4890911027701
10536,-14.87852278974709,-30.339461424038895,-146.50250403342432
10537,-14.8881370117886,-30.350780843723758,-146.51591672226635
10538,-14.897751786175757,-30.362100080719795,-146.52932916936402
10539,-14.907367112740683,-30.373419135054228,-146.54274137478507
10540,-14.916982991315555,-30.384738006754294,-146.55615333859726
10541,-14.926599421732599,-30.39605669584724,-146.56956506086834
10542,-14.93621640382409,-30.407375202360324,-146.582976541666
10543,-14.945833937422357,-30.418693526320823,-146.59638778105796
10544,-14.955452022359774,-30.43001166775602,-146.60979877911186
10545,-14.965070658468768,-30.44132962669321,-146.62320953589537
10546,-14.974689845581818,-30.45264740315971,-146.63662005147611
10547,-14.984309583531449,-30.46396499718283,-146.6500303259217
10548,-14.99392987215024,-30.475282408789912,-146.6634403592997
10549,-15.003550711270817,-30.486599638008297,-146.6768501516777
10550,-15.013172100725859,-30.497916684865345,-146.69025970312325
10551,-15.022794040348092,-30.509233549388426,-146.70366901370386
10552,-15.032416529970295,-30.520550231604922,-146.71707808348702
10553,-15.042039569425295,-30.531866731542227,-146.73048691254024
10554,-15.051663158545972,-30.543183049227746,-146.74389550093096
10555,-15.061287297165254,-30.554499184688897,-146.75730384872665
10556,-15.070911985116119,-30.565815137953113,-146.7707119559947
10557,-15.080537222231596,-30.57713090904783,-146.78411982280252
10558,-15.090163008344764,-30.58844649800051,-146.7975274492175
10559,-15.09978934328875,-30.599761904838616,-146.810934835307
10560,-15.109416226896736,-30.61107712958962,-146.82434198113833
10561,-15.119043659001948,-30.622392172281018,-146.83774888677883
10562,-15.128671639437666,-30.63370703294031,-146.85115555229578
10563,-15.13830016803722,-30.64502171159501,-146.86456197775647
10564,-15.147929244633989,-30.65633620827264,-146.87796816322813
10565,-15.157558869061402,-30.66765052300074,-146.89137410877802
10566,-15.16718904115294,-30.678964655806862,-146.90477981447336
10567,-15.176819760742129,-30.69027860671856,-146.9181852803813
10568,-15.18645102766255,-30.70159237576341,-146.93159050656905
10569,-15.196082841747833,-30.712905962968996,-146.94499549310373
10570,-15.205715202831657,-30.724219368362913,-146.9584002400525
10571,-15.215348110747751,-30.73553259197277,-146.97180474748245
10572,-15.224981565329896,-30.746845633826183,-146.98520901546067
10573,-15.234615566411922,-30.758158493950788,-146.99861304405422
10574,-15.244250113827706,-30.76947117237422,-147.01201683333016
10575,-15.253885207411178,-30.78078366912414,-147.02542038335554
10576,-15.263520846996318,-30.79209598422821,-147.03882369419733
10577,-15.273157032417156,-30.80340811771411,-147.0522267659225
10578,-15.28279376350777,-30.814720069609525,-147.06562959859806
10579,-15.292431040102292,-30.826031839942157,-147.07903219229092
10580,-15.302068862034899,-30.837343428739718,-147.09243454706802
10581,-15.31170722913982,-30.848654836029933,-147.10583666299627
10582,-15.321346141251336,-30.859966061840534,-147.11923854014253
10583,-15.330985598203775,-30.87127710619927,-147.13264017857367
10584,-15.340625599831515,-30.882587969133898,-147.14604157835652
10585,-15.350266145968988,-30.893898650672185,-147.1594427395579
10586,-15.35990723645067,-30.905209150841912,-147.17284366224462
10587,-15.36954887111109,-30.916519469670874,-147.18624434648345
10588,-15.37919104978483,-30.92782960718687,-147.19964479234116
10589,-15.388833772306514,-30.939139563417715,-147.2130449998845
10590,-15.398477038510823,-30.950449338391238,-147.22644496918014
10591,-15.408120848232484,-30.96175893213527,-147.2398447002948
10592,-15.417765201306274,-30.973068344677667,-147.2532441932952
10593,-15.427410097567025,-30.984377576046285,-147.26664344824792
10594,-15.437055536849611,-30.995686626268995,-147.28004246521962
10595,-15.446701518988961,-31.00699549537368,-147.29344124427692
10596,-15.456348043820054,-31.01830418338823,-147.3068397854864
10597,-15.465995111177914,-31.029612690340556,-147.32023808891466
10598,-15.475642720897621,-31.04092101625857,-147.33363615462824
10599,-15.485290872814302,-31.052229161170192,-147.34703398269366
10600,-15.494939566763131,-31.06353712510337,-147.36043157317744
10601,-15.504588802579336,-31.07484490808605,-147.37382892614605
10602,-15.514238580098194,-31.08615251014619,-147.38722604166597
10603,-15.52388889915503,-31.09745993131176,-147.40062291980368
10604,-15.533539759585222,-31.108767171610747,-147.41401956062558
10605,-15.543191161224193,-31.120074231071143,-147.42741596419808
10606,-15.55284310390742,-31.13138110972095,-147.44081213058755
10607,-15.562495587470428,-31.142687807588185,-147.45420805986038
10608,-15.57214861174879,-31.15399432470087,-147.4676037520829
10609,-15.581802176578133,-31.16530066108705,-147.48099920732147
10610,-15.59145628179413,-31.176606816774765,-147.49439442564238
10611,-15.601110927232506,-31.18791279179208,-147.5077894071119
10612,-15.610766112729033,-31.19921858616706,-147.5211841517963
10613,-15.620421838119537,-31.21052419992779,-147.53457865976182
10614,-15.630078103239889,-31.221829633102356,-147.5479729310747
10615,-15.639734907926012,-31.233134885718865,-147.5613669658011
10616,-15.649392252013879,-31.24443995780543,-147.57476076400727
10617,-15.659050135339513,-31.255744849390172,-147.58815432575932
10618,-15.668708557738984,-31.267049560501228,-147.6015476511234
10619,-15.678367519048415,-31.278354091166744,-147.61494074016565
10620,-15.688027019103975,-31.289658441414872,-147.62833359295217
10621,-15.697687057741888,-31.300962611273786,-147.64172620954903
10622,-15.707347634798422,-31.312266600771657,-147.65511859002228
10623,-15.717008750109898,-31.32357040993668,-147.66851073443797
10624,-15.726670403512685,-31.334874038797047,-147.68190264286213
10625,-15.736332594843203,-31.34617748738097,-147.69529431536074
10626,-15.74599532393792,-31.35748075571667,-147.70868575199978
10627,-15.755658590633356,-31.368783843832375,-147.7220769528452
10628,-15.765322394766077,-31.38008675175633,-147.73546791796298
10629,-15.774986736172702,-31.391389479516786,-147.74885864741898
10630,-15.784651614689897,-31.402692027142006,-147.76224914127914
10631,-15.79431703015438,-31.41399439466026,-147.7756393996093
10632,-15.803982982402916,-31.425296582099836,-147.78902942247535
10633,-15.813649471272322,-31.436598589489027,-147.8024192099431
10634,-15.823316496599462,-31.447900416856132,-147.81580876207838
10635,-15.832984058221252,-31.459202064229473,-147.82919807894697
10636,-15.842652155974656,-31.470503531637373,-147.84258716061467
10637,-15.85232078969669,-31.481804819108167,-147.8559760071472
10638,-15.861989959224413,-31.4931059266702,-147.86936461861032
10639,-15.871659664394942,-31.50440685435183,-147.88275299506972
10640,-15.881329905045437,-31.515707602181426,-147.89614113659113
10641,-15.89100068101311,-31.52700817018736,-147.90952904324018
10642,-15.900671992135225,-31.538308558398025,-147.92291671508255
10643,-15.910343838249089,-31.549608766841818,-147.93630415218388
10644,-15.920016219192064,-31.560908795547142,-147.94969135460977
10645,-15.92968913480156,-31.57220864454242,-147.9630783224258
10646,-15.939362584915036,-31.583508313856083,-147.97646505569753
10647,-15.949036569370001,-31.594807803516563,-147.98985155449054
10648,-15.958711088004012,-31.606107113552312,-148.00323781887036
10649,-15.968386140654678,-31.61740624399179,-148.0166238489025
10650,-15.978061727159654,-31.628705194863468,-148.03000964465244
10651,-15.987737847356646,-31.64000396619582,-148.04339520618564
10652,-15.997414501083412,-31.651302558017342,-148.05678053356755
10653,-16.007091688177756,-31.662600970356532,-148.07016562686363
10654,-16.016769408477533,-31.6738992032419,-148.08355048613925
10655,-16.026447661820644,-31.68519725670196,-148.09693511145983
10656,-16.036126448045046,-31.696495130765253,-148.11031950289072
10657,-16.04580576698874,-31.70779282546031,-148.12370366049728
10658,-16.055485618489776,-31.719090340815683,-148.13708758434484
10659,-16.065166002386256,-31.730387676859934,-148.1504712744987
10660,-16.074846918516332,-31.741684833621633,-148.16385473102414
10661,-16.084528366718203,-31.75298181112936,-148.17723795398643
10662,-16.094210346830117,-31.764278609411704,-148.19062094345082
10663,-16.103892858690372,-31.775575228497267,-148.20400369948254
10664,-16.11357590213732,-31.78687166841466,-148.2173862221468
10665,-16.123259477009356,-31.798167929192495,-148.23076851150878
10666,-16.13294358314492,-31.809464010859408,-148.24415056763365
10667,-16.142628220382516,-31.82075991344404,-148.25753239058656
10668,-16.152313388560685,-31.832055636975035,-148.27091398043262
10669,-16.161999087518023,-31.843351181481054,-148.28429533723695
10670,-16.17168531709317,-31.854646546990768,-148.29767646106464
10671,-16.181372077124824,-31.865941733532853,-148.31105735198074
10672,-16.19105936745172,-31.877236741136002,-148.3244380100503
10673,-16.200747187912658,-31.88853156982891,-148.33781843533836
10674,-16.21043553834647,-31.899826219640282,-148.35119862790992
10675,-16.220124418592047,-31.91112069059884,-148.36457858782995
10676,-16.22981382848833,-31.922414982733308,-148.37795831516343
10677,-16.239503767874304,-31.933709096072427,-148.3913378099753
10678,-16.24919423658901,-31.94500303064494,-148.4047170723305
10679,-16.258885234471528,-31.95629678647961,-148.4180961022939
10680,-16.268576761361,-31.967590363605193,-148.4314748999304
10681,-16.278268817096606,-31.978883762050472,-148.44485346530487
10682,-16.28796140151758,-31.99017698184423,-148.45823179848216
10683,-16.297654514463208,-32.00147002301526,-148.4716098995271
10684,-16.307348155772818,-32.012762885592366,-148.48498776850445
10685,-16.317042325285794,-32.024055569604364,-148.49836540547903
10686,-16.326737022841566,-32.03534807508008,-148.5117428105156
10687,-16.33643224827961,-32.04664040204835,-148.52511998367893
10688,-16.346128001439457,-32.057932550538,-148.5384969250337
10689,-16.355824282160686,-32.0692245205779,-148.55187363464464
10690,-16.365521090282922,-32.0805163121969,-148.56525011257642
10691,-16.375218425645837,-32.09180792542387,-148.5786263588937
10692,-16.38491628808916,-32.1030993602877,-148.59200237366113
10693,-16.39461467745266,-32.11439061681727,-148.60537815694335
10694,-16.404313593576166,-32.12568169504148,-148.61875370880495
10695,-16.414013036299547,-32.13697259498924,-148.6321290293105
10696,-16.423713005462723,-32.148263316689466,-148.6455041185246
10697,-16.433413500905665,-32.15955386017109,-148.65887897651174
10698,-16.44311452246839,-32.17084422546304,-148.6722536033365
10699,-16.45281606999097,-32.18213441259427,-148.68562799906334
10700,-16.462518143313517,-32.19342442159373,-148.69900216375677
10701,-16.472220742276196,-32.20471425249038,-148.71237609748124
10702,-16.481923866719224,-32.2160039053132,-148.7257498003012
10703,-16.49162751648287,-32.22729338009117,-148.73912327228106
10704,-16.501331691407437,-32.23858267685328,-148.75249651348526
10705,-16.511036391333292,-32.24987179562853,-148.76586952397815
10706,-16.520741616100846,-32.26116073644594,-148.7792423038241
10707,-16.530447365550557,-32.27244949933451,-148.79261485308746
10708,-16.540153639522934,-32.28373808432329,-148.80598717183256
10709,-16.549860437858534,-32.2950264914413,-148.8193592601237
10710,-16.559567760397965,-32.306314720717594,-148.83273111802512
10711,-16.56927560698188,-32.317602772181225,-148.84610274560114
10712,-16.57898397745098,-32.32889064586126,-148.85947414291599
10713,-16.58869287164603,-32.34017834178677,-148.87284531003388
10714,-16.59840228940782,-32.35146585998683,-148.88621624701904
10715,-16.608112230577202,-32.362753200490545,-148.89958695393562
10716,-16.61782269499508,-32.37404036332701,-148.91295743084783
10717,-16.627533682502403,-32.38532734852534,-148.92632767781978
10718,-16.637245192940163,-32.39661415611464,-148.93969769491562
10719,-16.64695722614941,-32.407900786124046,-148.95306748219943
10720,-16.65666978197124,-32.419187238582694,-148.9664370397353
10721,-16.66638286024679,-32.43047351351973,-148.97980636758732
10722,-16.67609646081726,-32.441759610964304,-148.9931754658195
10723,-16.685810583523885,-32.45304553094559,-149.00654433449589
10724,-16.69552522820796,-32.464331273492746,-149.01991297368048
10725,-16.70524039471082,-32.475616838634956,-149.03328138343727
10726,-16.714956082873858,-32.48690222640141,-149.04664956383021
10727,-16.724672292538507,-32.49818743682131,-149.06001751492326
10728,-16.734389023546253,-32.509472469923864,-149.07338523678033
10729,-16.74410627573863,-32.52075732573828,-149.08675272946533
10730,-16.75382404895722,-32.532042004293785,-149.10011999304217
10731,-16.763542343043653,-32.54332650561962,-149.1134870275747
10732,-16.773261157839613,-32.554610829745016,-149.12685383312677
10733,-16.782980493186827,-32.56589497669923,-149.1402204097622
10734,-16.79270034892707,-32.577178946511516,-149.15358675754482
10735,-16.80242072490217,-32.588462739211145,-149.16695287653837
10736,-16.812141620954,-32.599746354827396,-149.18031876680666
10737,-16.82186303692449,-32.611029793389555,-149.19368442841343
10738,-16.83158497265561,-32.62231305492691,-149.2070498614224
10739,-16.841307427989374,-32.63359613946877,-149.22041506589727
10740,-16.851030402767858,-32.64487904704444,-149.23378004190175
10741,-16.860753896833177,-32.65616177768324,-149.2471447894995
10742,-16.8704779100275,-32.6674443314145,-149.26050930875414
10743,-16.880202442193042,-32.678726708267554,-149.27387359972934
10744,-16.889927493172067,-32.69000890827175,-149.2872376624887
10745,-16.899653062806888,-32.70129093145644,-149.3006014970958
10746,-16.909379150939866,-32.71257277785099,-149.31396510361424
10747,-16.919105757413412,-32.72385444748476,-149.32732848210753
10748,-16.928832882069983,-32.735135940387146,-149.34069163263922
10749,-16.938560524752084,-32.74641725658752,-149.35405455527282
10750,-16.948288685302273,-32.75769839611528,-149.36741725007184
10751,-16.958017363563155,-32.768979358999836,-149.38077971709973
10752,-16.96774655937738,-32.780260145270596,-149.39414195641993
10753,-16.977476272587655,-32.79154075495698,-149.40750396809588
10754,-16.98720650303672,-32.80282118808843,-149.42086575219102
10755,-16.99693725056738,-32.814101444694366,-149.4342273087687
10756,-17.006668515022483,-32.82538152480424,-149.44758863789232
10757,-17.016400296244917,-32.83666142844751,-149.46094973962522
10758,-17.026132594077634,-32.847941155653636,-149.47431061403074
10759,-17.03586540836362,-32.859220706452085,-149.4876712611722
10760,-17.045598738945916,-32.87050008087234,-149.50103168111292
10761,-17.055332585667614,-32.88177927894389,-149.51439187391614
10762,-17.06506694837185,-32.89305830069622,-149.5277518396451
10763,-17.074801826901812,-32.90433714615884,-149.54111157836306
10764,-17.084537221100735,-32.915615815361264,-149.55447109013323
10765,-17.0942731308119,-32.92689430833301,-149.56783037501881
10766,-17.104009555878637,-32.938172625103604,-149.58118943308298
10767,-17.113746496144326,-32.949450765702586,-149.5945482643889
10768,-17.123483951452396,-32.960728730159495,-149.6079068689997
10769,-17.133221921646324,-32.97200651850389,-149.62126524697848
10770,-17.142960406569635,-32.98328413076533,-149.63462339838836
10771,-17.152699406065903,-32.994561566973374,-149.6479813232924
10772,-17.162438919978747,-33.0058388271576,-149.66133902175372
10773,-17.17217894815184,-33.0171159113476,-149.67469649383528
10774,-17.181919490428896,-33.028392819572964,-149.68805373960015
10775,-17.191660546653686,-33.03966955186329,-149.7014107591113
10776,-17.20140211667002,-33.05094610824819,-149.71476755243174
10777,-17.211144200321765,-33.06222248875728,-149.7281241196244
10778,-17.220886797452835,-33.07349869342018,-149.74148046075226
10779,-17.230629907907183,-33.08477472226652,-149.75483657587822
10780,-17.24037353152882,-33.096050575325954,-149.76819246506517
10781,-17.250117668161806,-33.10732625262812,-149.78154812837602
10782,-17.259862317650242,-33.11860175420267,-149.7949035658736
10783,-17.269607479838285,-33.129877080079275,-149.80825877762078
10784,-17.27935315457013,-33.1411522302876,-149.82161376368038
10785,-17.289099341690033,-33.15242720485733,-149.8349685241152
10786,-17.29884604104229,-33.16370200381815,-149.84832305898803
10787,-17.308593252471244,-33.17497662719976,-149.86167736836163
10788,-17.31834097582129,-33.186251075031855,-149.87503145229874
10789,-17.32808921093687,-33.19752534734415,-149.8883853108621
10790,-17.337837957662476,-33.20879944416635,-149.90173894411444
10791,-17.347587215842648,-33.2200733655282,-149.91509235211842
10792,-17.35733698532197,-33.23134711145943,-149.9284455349367
10793,-17.36708726594508,-33.24262068198977,-149.94179849263196
10794,-17.37683805755666,-33.25389407714898,-149.9551512252668
10795,-17.38658936000144,-33.26516729696681,-149.96850373290383
10796,-17.396341173124203,-33.27644034147303,-149.98185601560564
10797,-17.406093496769774,-33.287713210697405,-149.99520807343484
10798,-17.41584633078303,-33.29898590466972,-150.00855990645394
10799,-17.425599675008893,-33.31025842341976,-150.02191151472547
10800,-17.43535352929234,-33.321530766977325,-150.03526289831197
10801,-17.445107893478383,-33.332802935372214,-150.04861405727593
10802,-17.454862767412095,-33.344074928634235,-150.06196499167982
10803,-17.464618150938595,-33.3553467467932,-150.07531570158608
10804,-17.474374043903044,-33.366618389878944,-150.08866618705716
10805,-17.484130446150655,-33.377889857921296,-150.10201644815547
10806,-17.493887357526688,-33.389161150950095,-150.11536648494342
10807,-17.503644777876453,-33.40043226899519,-150.12871629748338
10808,-17.513402707045305,-33.41170321208643,-150.1420658858377
10809,-17.52316114487865,-33.42297398025369,-150.1554152500687
10810,-17.53292009122194,-33.434244573526826,-150.16876439023875
10811,-17.542679545920674,-33.44551499193572,-150.18211330641012
10812,-17.552439508820402,-33.45678523551025,-150.19546199864507
10813,-17.56219997976672,-33.46805530428033,-150.2088104670059
10814,-17.571960958605274,-33.47932519827583,-150.2221587115548
10815,-17.581722445181757,-33.49059491752668,-150.23550673235405
10816,-17.591484439341908,-33.50186446206278,-150.24885452946583
10817,-17.601246940931514,-33.513133831914054,-150.26220210295233
10818,-17.611009949796415,-33.52440302711043,-150.27554945287568
10819,-17.62077346578249,-33.53567204768185,-150.28889657929807
10820,-17.63053748873568,-33.54694089365825,-150.3022434822816
10821,-17.640302018501956,-33.55820956506959,-150.31559016188837
10822,-17.65006705492735,-33.569478061945816,-150.32893661818048
10823,-17.65983259785794,-33.580746384316896,-150.34228285122
10824,-17.669598647139846,-33.5920145322128,-150.355628861069
10825,-17.67936520261924,-33.603282505663515,-150.36897464778946
10826,-17.689132264142344,-33.61455030469902,-150.3823202114434
10827,-17.698899831555426,-33.62581792934932,-150.39566555209285
10828,-17.7086679047048,-33.6370853796444,-150.40901066979976
10829,-17.718436483436825,-33.64835265561427,-150.42235556462606
10830,-17.728205567597918,-33.65961975728895,-150.4357002366337
10831,-17.737975157034533,-33.67088668469846,-150.4490446858846
10832,-17.74774525159318,-33.68215343787283,-150.46238891244062
10833,-17.757515851120413,-33.6934200168421,-150.47573291636368
10834,-17.767286955462833,-33.7046864216363,-150.4890766977156
10835,-17.77705856446709,-33.715952652285495,-150.50242025655825
10836,-17.786830677979882,-33.727218708819734,-150.51576359295342
10837,-17.796603295847955,-33.738484591269085,-150.52910670696292
10838,-17.806376417918102,-33.74975029966362,-150.54244959864852
10839,-17.816150044037162,-33.76101583403341,-150.555792268072
10840,-17.825924174052027,-33.77228119440854,-150.56913471529506
10841,-17.83569880780963,-33.78354638081911,-150.58247694037948
10842,-17.84547394515696,-33.79481139329522,-150.59581894338692
10843,-17.855249585941046,-33.80607623186697,-150.60916072437905
10844,-17.865025730008963,-33.81734089656447,-150.62250228341756
10845,-17.874802377207843,-33.82860538741784,-150.6358436205641
10846,-17.88457952738486,-33.839869704457215,-150.64918473588025
10847,-17.89435718038724,-33.851133847712724,-150.66252562942768
10848,-17.904135336062247,-33.8623978172145,-150.67586630126794
10849,-17.9139139942572,-33.8736616129927,-150.68920675146262
10850,-17.923693154819468,-33.88492523507747,-150.70254698007324
10851,-17.93347281759646,-33.89618868349897,-150.71588698716133
10852,-17.94325298243564,-33.907451958287375,-150.72922677278842
10853,-17.953033649184515,-33.91871505947286,-150.742566337016
10854,-17.962814817690642,-33.9299779870856,-150.75590567990554
10855,-17.972596487801624,-33.94124074115578,-150.76924480151848
10856,-17.98237865936511,-33.9525033217136,-150.78258370191625
10857,-17.9921613322288,-33.963765728789255,-150.7959223811603
10858,-18.00194450624044,-33.97502796241296,-150.80926083931197
10859,-18.011728181247825,-33.986290022614924,-150.82259907643268
10860,-18.021512357098796,-33.99755190942537,-150.83593709258378
10861,-18.03129703364124,-34.00881362287452,-150.8492748878266
10862,-18.041082210723097,-34.02007516299261,-150.86261246222244
10863,-18.050867888192347,-34.03133652980989,-150.87594981583263
10864,-18.060654065897022,-34.0425977233566,-150.88928694871845
10865,-18.070440743685204,-34.05385874366299,-150.90262386094113
10866,-18.080227921405015,-34.06511959075933,-150.91596055256196
10867,-18.090015598904632,-34.076380264675876,-150.92929702364214
10868,-18.099803776032275,-34.08764076544291,-150.94263327424287
10869,-18.10959245263621,-34.09890109309071,-150.95596930442534
10870,-18.11938162856476,-34.11016124764956,-150.96930511425072
10871,-18.129171303666283,-34.12142122914975,-150.98264070378013
10872,-18.13896147778919,-34.132681037621595,-150.99597607307473
10873,-18.148752150781945,-34.143940673095386,-151.0093112221956
10874,-18.158543322493045,-34.15520013560144,-151.02264615120387
10875,-18.16833499277105,-34.166459425170075,-151.0359808601606
10876,-18.17812716146456,-34.17771854183162,-151.04931534912683
10877,-18.18791982842222,-34.18897748561639,-151.0626496181636
10878,-18.19771299349273,-34.200236256554746,-151.0759836673319
10879,-18.207506656524828,-34.21149485467702,-151.0893174966928
10880,-18.217300817367306,-34.22275328001356,-151.10265110630718
10881,-18.227095475869,-34.234011532594735,-151.11598449623605
10882,-18.236890631878797,-34.2452696124509,-151.12931766654035
10883,-18.246686285245627,-34.25652751961242,-151.14265061728096
10884,-18.25648243581847,-34.267785254109675,-151.15598334851882
10885,-18.266279083446353,-34.27904281597306,-151.1693158603148
10886,-18.27607622797835,-34.290300205232946,-151.18264815272977
10887,-18.285873869263582,-34.30155742191973,-151.19598022582457
10888,-18.295672007151218,-34.31281446606382,-151.20931207966
10889,-18.305470641490473,-34.32407133769562,-151.2226437142969
10890,-18.31526977213061,-34.335328036845546,-151.23597512979603
10891,-18.325069398920938,-34.34658456354401,-151.24930632621817
10892,-18.334869521710818,-34.35784091782145,-151.26263730362408
10893,-18.344670140349653,-34.369097099708284,-151.27596806207447
10894,-18.354471254686892,-34.38035310923495,-151.28929860163007
10895,-18.36427286457204,-34.39160894643191,-151.30262892235154
10896,-18.37407496985464,-34.4028646113296,-151.3159590242996
10897,-18.383877570384286,-34.414120103958474,-151.32928890753485
10898,-18.393680666010617,-34.425375424349,-151.34261857211797
10899,-18.403484256583322,-34.43663057253165,-151.35594801810956
10900,-18.413288341952136,-34.44788554853689,-151.36927724557023
10901,-18.423092921966838,-34.4591403523952,-151.38260625456053
10902,-18.432897996477262,-34.47039498413708,-151.39593504514104
10903,-18.442703565333282,-34.48164944379301,-151.40926361737232
10904,-18.45250962838482,-34.49290373139349,-151.42259197131486
10905,-18.46231618548185,-34.50415784696903,-151.43592010702918
10906,-18.47212323647439,-34.51541179055014,-151.44924802457575
10907,-18.481930781212498,-34.52666556216733,-151.46257572401504
10908,-18.491738819546292,-34.53791916185113,-151.4759032054075
10909,-18.50154735132593,-34.54917258963206,-151.48923046881356
10910,-18.511356376401615,-34.56042584554066,-151.5025575142936
10911,-18.521165894623604,-34.571678929607465,-151.51588434190808
10912,-18.530975905842194,-34.58293184186303,-151.52921095171732
10913,-18.540786409907735,-34.5941845823379,-151.54253734378167
10914,-18.55059740667062,-34.60543715106264,-151.5558635181615
10915,-18.560408895981286,-34.616689548067804,-151.56918947491707
10916,-18.570220877690225,-34.62794177338397,-151.5825152141087
10917,-18.580033351647973,-34.63919382704171,-151.59584073579668
10918,-18.58984631770511,-34.650445709071604,-151.60916604004126
10919,-18.599659775712265,-34.661697419504236,-151.6224911269027
10920,-18.609473725520115,-34.672948958370206,-151.63581599644118
10921,-18.61928816697938,-34.684200325700104,-151.64914064871695
10922,-18.62910309994083,-34.69545152152454,-151.66246508379015
10923,-18.638918524255285,-34.70670254587412,-151.67578930172098
10924,-18.648734439773605,-34.717953398779464,-151.68911330256955
10925,-18.658550846346703,-34.729204080271195,-151.70243708639603
10926,-18.668367743825534,-34.74045459037993,-151.7157606532605
10927,-18.678185132061106,-34.75170492913631,-151.72908400322305
10928,-18.688003010904467,-34.76295509657097,-151.74240713634376
10929,-18.697821380206715,-34.77420509271455,-151.75573005268268
10930,-18.707640239818996,-34.78545491759771,-151.76905275229984
10931,-18.7174595895925,-34.7967045712511,-151.78237523525527
10932,-18.72727942937847,-34.80795405370537,-151.79569750160894
10933,-18.737099759028187,-34.8192033649912,-151.80901955142085
10934,-18.74692057839298,-34.83045250513926,-151.82234138475093
10935,-18.756741887324235,-34.841701474180226,-151.83566300165916
10936,-18.766563685673376,-34.85295027214478,-151.84898440220545
10937,-18.776385973291873,-34.86419889906361,-151.86230558644968
10938,-18.786208750031246,-34.87544735496741,-151.87562655445174
10939,-18.796032015743062,-34.88669563988689,-151.88894730627152
10940,-18.805855770278935,-34.897943753852736,-151.90226784196884
10941,-18.81568001349052,-34.90919169689567,-151.91558816160355
10942,-18.82550474522953,-34.9204394690464,-151.92890826523544
10943,-18.835329965347714,-34.931687070335656,-151.94222815292432
10944,-18.845155673696873,-34.94293450079416,-151.95554782472993
10945,-18.85498187012885,-34.95418176045265,-151.96886728071206
10946,-18.86480855449554,-34.965428849341855,-151.98218652093044
10947,-18.874635726648883,-34.97667576749252,-151.99550554544476
10948,-18.884463386440867,-34.987922514935406,-152.00882435431473
10949,-18.894291533723525,-34.999169091701255,-152.02214294760003
10950,-18.904120168348935,-35.01041549782082,-152.03546132536033
10951,-18.913949290169224,-35.02166173332488,-152.04877948765528
10952,-18.923778899036567,-35.032907798244196,-152.06209743454448
10953,-18.93360899480318,-35.04415369260954,-152.07541516608754
10954,-18.94343957732133,-35.0553994164517,-152.08873268234404
10955,-18.953270646443336,-35.06664496980146,-152.10204998337358
10956,-18.96310220202155,-35.07789035268961,-152.11536706923567
10957,-18.97293424390838,-35.08913556514694,-152.12868393998986
10958,-18.98276677195628,-35.100380607204265,-152.14200059569566
10959,-18.992599786017745,-35.11162547889238,-152.15531703641255
10960,-19.002433285945326,-35.122870180242096,-152.16863326220002
10961,-19.012267271591615,-35.13411471128424,-152.18194927311754
10962,-19.022101742809248,-35.14535907204963,-152.19526506922452
10963,-19.03193669945091,-35.15660326256909,-152.2085806505804
10964,-19.041772141369332,-35.16784728287345,-152.22189601724455
10965,-19.0516080684173,-35.179091132993555,-152.23521116927637
10966,-19.06144448044763,-35.190334812960245,-152.24852610673523
10967,-19.071281377313195,-35.201578322804366,-152.26184082968047
10968,-19.081118758866914,-35.21282166255678,-152.2751553381714
10969,-19.090956624961752,-35.22406483224833,-152.28846963226735
10970,-19.10079497545072,-35.23530783190989,-152.3017837120276
10971,-19.110633810186876,-35.24655066157233,-152.31509757751144
10972,-19.12047312902332,-35.25779332126651,-152.3284112287781
10973,-19.130312931813204,-35.26903581102332,-152.3417246658868
10974,-19.140153218409722,-35.28027813087364,-152.3550378888968
10975,-19.14999398866612,-35.29152028084836,-152.36835089786726
10976,-19.159835242435687,-35.30276226097837,-152.3816636928574
10977,-19.169676979571754,-35.31400407129457,-152.39497627392632
10978,-19.179519199927707,-35.32524571182786,-152.4082886411332
10979,-19.189361903356975,-35.336487182609154,-152.42160079453714
10980,-19.19920508971303,-35.34772848366936,-152.43491273419727
10981,-19.209048758849395,-35.35896961503939,-152.44822446017267
10982,-19.218892910619637,-35.37021057675018,-152.4615359725224
10983,-19.228737544877365,-35.38145136883266,-152.47484727130552
10984,-19.238582661476244,-35.39269199131775,-152.48815835658104
10985,-19.24842826026998,-35.40393244423639,-152.50146922840798
10986,-19.258274341112323,-35.41517272761953,-152.51477988684536
10987,-19.26812090385707,-35.42641284149811,-152.52809033195214
10988,-19.27796794835807,-35.43765278590309,-152.54140056378728
10989,-19.287815474469216,-35.448892560865424,-152.55471058240968
10990,-19.29766348204444,-35.46013216641607,-152.5680203878783
10991,-19.30751197093773,-35.47137160258599,-152.58132998025206
10992,-19.31736094100311,-35.482610869406166,-152.59463935958982
10993,-19.32721039209466,-35.493849966907575,-152.60794852595043
10994,-19.337060324066503,-35.50508889512119,-152.62125747939277
10995,-19.346910736772806,-35.516327654078,-152.63456621997562
10996,-19.356761630067787,-35.52756624380899,-152.64787474775784
10997,-19.366613003805703,-35.538804664345164,-152.6611830627982
10998,-19.376464857840862,-35.55004291571752,-152.67449116515544
10999,-19.38631719202762,-35.561280997957056,-152.6877990548884
11000,-19.39617000622037,-35.57251891109479,-152.70110673205573
11001,-19.406023300273564,-35.58375665516173,-152.7144141967162
11002,-19.41587707404169,-35.594994230188895,-152.7277214489285
11003,-19.425731327379285,-35.60623163620731,-152.74102848875128
11004,-19.435586060140935,-35.617468873248,-152.75433531624324
11005,-19.44544127218127,-35.628705941342,-152.76764193146303
11006,-19.455296963354964,-35.63994284052034,-152.78094833446926
11007,-19.46515313351674,-35.65117957081407,-152.79425452532055
11008,-19.475009782521365,-35.662416132254236,-152.80756050407547
11009,-19.484866910223655,-35.67365252487188,-152.8208662707926
11010,-19.494724516478467,-35.68488874869807,-152.83417182553052
11011,-19.50458260114071,-35.69612480376386,-152.84747716834772
11012,-19.51444116406534,-35.70736069010031,-152.86078229930274
11013,-19.524300205107345,-35.71859640773849,-152.8740872184541
11014,-19.534159724121775,-35.72983195670947,-152.88739192586024
11015,-19.54401972096372,-35.741067337044335,-152.90069642157965
11016,-19.55388019548832,-35.75230254877416,-152.91400070567076
11017,-19.563741147550747,-35.76353759193004,-152.92730477819202
11018,-19.573602577006238,-35.77477246654306,-152.94060863920183
11019,-19.583464483710063,-35.78600717264432,-152.95391228875854
11020,-19.593326867517543,-35.79724171026491,-152.96721572692056
11021,-19.603189728284043,-35.80847607943595,-152.98051895374624
11022,-19.613053065864978,-35.81971028018854,-152.99382196929392
11023,-19.622916880115802,-35.83094431255379,-153.00712477362188
11024,-19.63278117089202,-35.84217817656282,-153.02042736678845
11025,-19.64264593804918,-35.85341187224675,-153.0337297488519
11026,-19.65251118144288,-35.864645399636714,-153.0470319198705
11027,-19.662376900928756,-35.87587875876383,-153.0603338799025
11028,-19.6722430963625,-35.88711194965924,-153.07363562900608
11029,-19.682109767599844,-35.89834497235409,-153.0869371672395
11030,-19.691976914496564,-35.909577826879506,-153.10023849466094
11031,-19.70184453690849,-35.92081051326665,-153.11353961132855
11032,-19.711712634691484,-35.93204303154667,-153.1268405173005
11033,-19.72158120770147,-35.943275381750716,-153.14014121263492
11034,-19.731450255794403,-35.95450756390996,-153.15344169738992
11035,-19.741319778826295,-35.965739578055555,-153.16674197162362
11036,-19.7511897766532,-35.976971424218675,-153.18004203539408
11037,-19.761060249131212,-35.98820310243049,-153.19334188875936
11038,-19.770931196116482,-35.99943461272218,-153.2066415317775
11039,-19.7808026174652,-36.01066595512493,-153.21994096450655
11040,-19.790674513033597,-36.02189712966992,-153.2332401870045
11041,-19.80054688267796,-36.033128136388335,-153.24653919932933
11042,-19.810419726254615,-36.04435897531138,-153.25983800153904
11043,-19.820293043619934,-36.05558964647025,-153.27313659369156
11044,-19.830166834630337,-36.066820149896145,-153.28643497584483
11045,-19.84004109914229,-36.07805048562027,-153.29973314805676
11046,-19.849915837012304,-36.08928065367383,-153.31303111038525
11047,-19.85979104809693,-36.10051065408805,-153.3263288628882
11048,-19.869666732252774,-36.11174048689414,-153.33962640562348
11049,-19.879542889336484,-36.12297015212333,-153.3529237386489
11050,-19.889419519204754,-36.13419964980684,-153.36622086202232
11051,-19.899296621714317,-36.1454289799759,-153.37951777580153
11052,-19.909174196721963,-36.15665814266175,-153.3928144800443
11053,-19.91905224408452,-36.16788713789562,-153.40611097480846
11054,-19.928930763658858,-36.17911596570876,-153.4194072601517
11055,-19.938809755301904,-36.190344626132415,-153.4327033361318
11056,-19.948689218870623,-36.20157311919783,-153.44599920280646
11057,-19.958569154222026,-36.21280144493627,-153.4592948602334
11058,-19.968449561213173,-36.22402960337898,-153.47259030847027
11059,-19.978330439701164,-36.23525759455723,-153.48588554757475
11060,-19.98821178954315,-36.24648541850229,-153.49918057760448
11061,-19.998093610596325,-36.25771307524542,-153.5124753986171
11062,-20.007975902717927,-36.268940564817896,-153.52577001067024
11063,-20.017858665765242,-36.280167887251004,-153.53906441382145
11064,-20.0277418995956,-36.29139504257601,-153.55235860812832
11065,-20.037625604066378,-36.30262203082422,-153.5656525936484
11066,-20.047509779034993,-36.31384885202691,-153.57894637043924
11067,-20.057394424358915,-36.32507550621537,-153.59223993855835
11068,-20.067279539895658,-36.3363019934209,-153.60553329806325
11069,-20.077165125502777,-36.34752831367481,-153.6188264490114
11070,-20.087051181037875,-36.35875446700839,-153.6321193914603
11071,-20.096937706358602,-36.36998045345296,-153.64541212546737
11072,-20.10682470132265,-36.38120627303983,-153.65870465109006
11073,-20.116712165787764,-36.39243192580031,-153.67199696838577
11074,-20.12660009961172,-36.40365741176572,-153.68528907741188
11075,-20.136488502652355,-36.41488273096739,-153.69858097822578
11076,-20.14637737476754,-36.42610788343664,-153.71187267088484
11077,-20.156266715815196,-36.43733286920481,-153.7251641554464
11078,-20.16615652565329,-36.44855768830322,-153.73845543196776
11079,-20.17604680413983,-36.45978234076321,-153.75174650050624
11080,-20.185937551132877,-36.47100682661613,-153.76503736111914
11081,-20.195828766490532,-36.48223114589333,-153.7783280138637
11082,-20.20572045007094,-36.493455298626145,-153.7916184587972
11083,-20.215612601732296,-36.504679284845935,-153.80490869597685
11084,-20.225505221332835,-36.515903104584055,-153.81819872545987
11085,-20.23539830873084,-36.52712675787187,-153.83148854730345
11086,-20.245291863784644,-36.538350244740734,-153.8447781615648
11087,-20.255185886352614,-36.54957356522202,-153.85806756830104
11088,-20.26508037629317,-36.560796719347096,-153.87135676756935
11089,-20.274975333464777,-36.572019707147334,-153.88464575942686
11090,-20.284870757725944,-36.58324252865412,-153.89793454393066
11091,-20.294766648935227,-36.594465183898826,-153.91122312113782
11092,-20.30466300695122,-36.60568767291284,-153.92451149110545
11093,-20.31455983163257,-36.61690999572755,-153.93779965389058
11094,-20.32445712283797,-36.628132152374356,-153.95108760955026
11095,-20.33435488042615,-36.63935414288464,-153.9643753581415
11096,-20.34425310425589,-36.65057596728981,-153.9776628997213
11097,-20.35415179418602,-36.66179762562126,-153.99095023434668
11098,-20.364050950075402,-36.6730191179104,-154.00423736207458
11099,-20.373950571782956,-36.68424044418864,-154.01752428296192
11100,-20.383850659167642,-36.69546160448739,-154.03081099706566
11101,-20.393751212088468,-36.70668259883807,-154.0440975044427
11102,-20.40365223040448,-36.7179034272721,-154.05738380514993
11103,-20.41355371397477,-36.72912408982089,-154.07066989924422
11104,-20.423455662658487,-36.74034458651588,-154.08395578678247
11105,-20.433358076314814,-36.75156491738849,-154.09724146782148
11106,-20.44326095480298,-36.76278508247016,-154.1105269424181
11107,-20.45316429798226,-36.774005081792325,-154.1238122106291
11108,-20.463068105711972,-36.78522491538642,-154.1370972725113
11109,-20.472972377851487,-36.79644458328389,-154.15038212812146
11110,-20.482877114260216,-36.80766408551619,-154.16366677751634
11111,-20.49278231479761,-36.81888342211475,-154.17695122075267
11112,-20.50268797932317,-36.83010259311104,-154.19023545788716
11113,-20.512594107696444,-36.84132159853651,-154.2035194889765
11114,-20.52250069977702,-36.852540438422615,-154.2168033140774
11115,-20.532407755424533,-36.86375911280082,-154.2300869332465
11116,-20.542315274498666,-36.8749776217026,-154.24337034654044
11117,-20.55222325685914,-36.88619596515941,-154.25665355401586
11118,-20.562131702365726,-36.897414143202724,-154.26993655572937
11119,-20.57204061087824,-36.90863215586403,-154.28321935173756
11120,-20.581949982256543,-36.91985000317479,-154.29650194209702
11121,-20.591859816360536,-36.93106768516649,-154.3097843268643
11122,-20.601770113050172,-36.942285201870625,-154.32306650609593
11123,-20.611680872185442,-36.95350255331868,-154.33634847984843
11124,-20.621592093626386,-36.96471973954213,-154.3496302481783
11125,-20.63150377723309,-36.975936760572495,-154.36291181114203
11126,-20.64141592286568,-36.987153616441255,-154.3761931687961
11127,-20.65132853038433,-36.99837030717991,-154.38947432119696
11128,-20.66124159964926,-37.00958683281997,-154.40275526840102
11129,-20.671155130520727,-37.02080319339294,-154.41603601046472
11130,-20.681069122859046,-37.03201938893034,-154.42931654744447
11131,-20.690983576524566,-37.043235419463656,-154.44259687939663
11132,-20.700898491377686,-37.05445128502443,-154.45587700637756
11133,-20.710813867278844,-37.065666985644164,-154.46915692844362
11134,-20.72072970408853,-37.07688252135439,-154.48243664565112
11135,-20.730646001667274,-37.08809789218663,-154.49571615805638
11136,-20.740562759875655,-37.099313098172416,-154.50899546571569
11137,-20.75047997857429,-37.11052813934327,-154.5222745686853
11138,-20.760397657623848,-37.121743015730736,-154.53555346702151
11139,-20.770315796885036,-37.132957727366346,-154.54883216078056
11140,-20.78023439621861,-37.14417227428164,-154.56211065001864
11141,-20.790153455485367,-37.155386656508156,-154.57538893479196
11142,-20.800072974546154,-37.16660087407745,-154.58866701515672
11143,-20.809992953261858,-37.17781492702107,-154.60194489116907
11144,-20.819913391493415,-37.189028815370555,-154.61522256288518
11145,-20.8298342891018,-37.20024253915747,-154.62850003036118
11146,-20.839755645948035,-37.21145609841337,-154.6417772936532
11147,-20.84967746189319,-37.22266949316982,-154.65505435281733
11148,-20.859599736798373,-37.23388272345837,-154.66833120790963
11149,-20.869522470524743,-37.245095789310604,-154.68160785898618
11150,-20.8794456629335,-37.25630869075808,-154.69488430610303
11151,-20.889369313885886,-37.26752142783237,-154.7081605493162
11152,-20.899293423243197,-37.27873400056505,-154.7214365886817
11153,-20.909217990866765,-37.2899464089877,-154.73471242425555
11154,-20.919143016617966,-37.3011586531319,-154.7479880560937
11155,-20.929068500358223,-37.312370733029226,-154.7612634842521
11156,-20.938994441949006,-37.32358264871127,-154.7745387087867
11157,-20.948920841251827,-37.334794400209624,-154.78781372975345
11158,-20.958847698128242,-37.34600598755587,-154.80108854720822
11159,-20.968775012439853,-37.35721741078161,-154.81436316120693
11160,-20.978702784048302,-37.36842866991844,-154.8276375718054
11161,-20.988631012815283,-37.379639764997954,-154.84091177905955
11162,-20.99855969860253,-37.39085069605176,-154.85418578302517
11163,-21.00848884127182,-37.40206146311145,-154.8674595837581
11164,-21.018418440684975,-37.41327206620865,-154.8807331813141
11165,-21.028348496703867,-37.42448250537496,-154.89400657574902
11166,-21.038279009190404,-37.435692780642,-154.90727976711858
11167,-21.048209978006543,-37.44690289204138,-154.92055275547855
11168,-21.058141403014286,-37.458112839604716,-154.93382554088464
11169,-21.068073284075677,-37.46932262336364,-154.94709812339258
11170,-21.078005621052803,-37.480532243349764,-154.96037050305807
11171,-21.0879384138078,-37.49174169959472,-154.97364267993677
11172,-21.09787166220285,-37.50295099213013,-154.98691465408436
11173,-21.107805366100166,-37.51416012098763,-155.00018642555648
11174,-21.11773952536202,-37.52536908619886,-155.01345799440875
11175,-21.127674139850722,-37.536577887795445,-155.02672936069678
11176,-21.137609209428625,-37.54778652580903,-155.04000052447617
11177,-21.14754473395813,-37.55899500027126,-155.0532714858025
11178,-21.157480713301684,-37.570203311213774,-155.0665422447313
11179,-21.167417147321768,-37.58141145866822,-155.07981280131813
11180,-21.177354035880917,-37.59261944266625,-155.0930831556185
11181,-21.187291378841707,-37.60382726323951,-155.10635330768795
11182,-21.197229176066756,-37.61503492041966,-155.11962325758194
11183,-21.20716742741873,-37.626242414238355,-155.13289300535592
11184,-21.217106132760343,-37.637449744727256,-155.14616255106537
11185,-21.22704529195434,-37.648656911918025,-155.15943189476573
11186,-21.236984904863522,-37.65986391584232,-155.17270103651242
11187,-21.24692497135073,-37.67107075653181,-155.1859699763608
11188,-21.256865491278845,-37.68227743401817,-155.19923871436632
11189,-21.2668064645108,-37.69348394833306,-155.21250725058428
11190,-21.27674789090957,-37.704690299508165,-155.22577558507007
11191,-21.286689770338167,-37.71589648757516,-155.239043717879
11192,-21.29663210265966,-37.727102512565715,-155.2523116490664
11193,-21.30657488773715,-37.73830837451152,-155.26557937868756
11194,-21.316518125433785,-37.74951407344425,-155.27884690679775
11195,-21.326461815612763,-37.7607196093956,-155.29211423345225
11196,-21.33640595813732,-37.77192498239725,-155.30538135870628
11197,-21.34635055287074,-37.7831301924809,-155.3186482826151
11198,-21.356295599676343,-37.79433523967823,-155.3319150052339
11199,-21.366241098417504,-37.80554012402095,-155.34518152661786
11200,-21.376187048957636,-37.81674484554075,-155.3584478468222
11201,-21.386133451160198,-37.82794940426932,-155.37171396590205
11202,-21.396080304888688,-37.83915380023837,-155.38497988391254
11203,-21.406027610006657,-37.85035803347961,-155.3982456009088
11204,-21.41597536637769,-37.86156210402474,-155.41151111694595
11205,-21.425923573865422,-37.872766011905476,-155.42477643207906
11206,-21.43587223233353,-37.883969757153515,-155.43804154636322
11207,-21.44582134164574,-37.895173339800586,-155.4513064598535
11208,-21.45577090166581,-37.90637675987839,-155.4645711726049
11209,-21.465720912257556,-37.91758001741866,-155.47783568467247
11210,-21.47567137328483,-37.9287831124531,-155.4910999961112
11211,-21.485622284611527,-37.939986045013434,-155.50436410697606
11212,-21.495573646101587,-37.951188815131395,-155.51762801732204
11213,-21.505525457618997,-37.96239142283871,-155.53089172720408
11214,-21.515477719027785,-37.9735938681671,-155.5441552366771
11215,-21.525430430192024,-37.9847961511483,-155.55741854579608
11216,-21.53538359097583,-37.995998271814045,-155.57068165461587
11217,-21.545337201243363,-38.00720023019606,-155.58394456319135
11218,-21.555291260858827,-38.01840202632609,-155.5972072715774
11219,-21.56524576968647,-38.02960366023588,-155.61046977982883
11220,-21.57520072759058,-38.04080513195716,-155.62373208800054
11221,-21.585156134435497,-38.05200644152167,-155.6369941961473
11222,-21.5951119900856,-38.06320758896116,-155.65025610432392
11223,-21.605068294405307,-38.074408574307384,-155.66351781258516
11224,-21.61502504725909,-38.08560939759209,-155.6767793209858
11225,-21.624982248511454,-38.09681005884702,-155.69004062958058
11226,-21.634939898026957,-38.108010558103935,-155.70330173842424
11227,-21.644897995670195,-38.119210895394595,-155.7165626475715
11228,-21.654856541305808,-38.130411070750746,-155.729823357077
11229,-21.664815534798482,-38.14161108420416,-155.74308386699548
11230,-21.674774976012948,-38.15281093578659,-155.75634417738155
11231,-21.684734864813976,-38.1640106255298,-155.76960428828988
11232,-21.69469520106638,-38.17521015346556,-155.7828641997751
11233,-21.70465598463502,-38.18640951962563,-155.7961239118918
11234,-21.714617215384802,-38.197608724041785,-155.80938342469457
11235,-21.72457889318067,-38.2088077667458,-155.822642738238
11236,-21.73454101788762,-38.22000664776944,-155.83590185257663
11237,-21.744503589370677,-38.23120536714448,-155.849160767765
11238,-21.754466607494926,-38.24240392490271,-155.86241948385765
11239,-21.764430072125485,-38.253602321075896,-155.8756780009091
11240,-21.774393983127517,-38.26480055569582,-155.8889363189738
11241,-21.784358340366232,-38.27599862879427,-155.90219443810625
11242,-21.794323143706883,-38.28719654040302,-155.91545235836088
11243,-21.80428839301476,-38.29839429055387,-155.92871007979215
11244,-21.81425408815521,-38.30959187927861,-155.94196760245447
11245,-21.82422022899361,-38.32078930660901,-155.95522492640222
11246,-21.834186815395388,-38.331986572576874,-155.96848205168982
11247,-21.844153847226007,-38.343183677214,-155.98173897837162
11248,-21.854121324350988,-38.354380620552185,-155.994995706502
11249,-21.86408924663588,-38.36557740262322,-156.0082522361353
11250,-21.874057613946288,-38.3767740234589,-156.02150856732578
11251,-21.88402642614785,-38.38797048309103,-156.0347647001278
11252,-21.893995683106258,-38.39916678155142,-156.0480206345956
11253,-21.90396538468724,-38.41036291887187,-156.06127637078347
11254,-21.913935530756568,-38.42155889508418,-156.07453190874566
11255,-21.923906121180057,-38.432754710220166,-156.0877872485364
11256,-21.93387715582357,-38.44395036431163,-156.1010423902099
11257,-21.943848634553007,-38.45514585739039,-156.11429733382036
11258,-21.953820557234316,-38.466341189488254,-156.12755207942197
11259,-21.96379292373349,-38.47753636063704,-156.1408066270689
11260,-21.973765733916558,-38.488731370868564,-156.15406097681532
11261,-21.9837389876496,-38.49992622021464,-156.1673151287153
11262,-21.993712684798734,-38.51112090870709,-156.18056908282298
11263,-22.003686825230123,-38.522315436377745,-156.19382283919248
11264,-22.013661408809977,-38.53350980325842,-156.20707639787784
11265,-22.02363643540454,-38.544704009380936,-156.22032975893316
11266,-22.03361190488011,-38.555898054777124,-156.23358292241247
11267,-22.043587817103024,-38.56709193947881,-156.24683588836982
11268,-22.05356417193966,-38.57828566351782,-156.26008865685918
11269,-22.063540969256437,-38.58947922692599,-156.2733412279346
11270,-22.073518208919822,-38.60067262973515,-156.28659360165003
11271,-22.08349589079633,-38.611865871977145,-156.29984577805942
11272,-22.093474014752505,-38.623058953683795,-156.31309775721672
11273,-22.10345258065495,-38.63425187488695,-156.32634953917588
11274,-22.1134315883703,-38.64544463561844,-156.33960112399078
11275,-22.12341103776524,-38.65663723591011,-156.35285251171533
11276,-22.133390928706493,-38.667829675793804,-156.36610370240342
11277,-22.143371261060828,-38.67902195530136,-156.3793546961089
11278,-22.153352034695054,-38.69021407446463,-156.3926054928856
11279,-22.163333249476025,-38.70140603331545,-156.40585609278736
11280,-22.173314905270644,-38.71259783188568,-156.419106495868
11281,-22.183297001945846,-38.72378947020716,-156.4323567021813
11282,-22.193279539368618,-38.734980948311744,-156.445606711781
11283,-22.203262517405985,-38.746172266231284,-156.45885652472094
11284,-22.21324593592502,-38.75736342399764,-156.4721061410548
11285,-22.223229794792832,-38.768554421642655,-156.48535556083633
11286,-22.23321409387658,-38.7797452591982,-156.4986047841192
11287,-22.24319883304346,-38.79093593669612,-156.51185381095718
11288,-22.25318401216072,-38.80212645416829,-156.5251026414039
11289,-22.26316963109564,-38.81331681164655,-156.53835127551298
11290,-22.273155689715548,-38.82450700916278,-156.5515997133381
11291,-22.283142187887815,-38.835697046748834,-156.5648479549329
11292,-22.293129125479858,-38.84688692443658,-156.57809600035097
11293,-22.30311650235913,-38.85807664225789,-156.5913438496459
11294,-22.313104318393133,-38.869266200244624,-156.60459150287127
11295,-22.323092573449408,-38.880455598428654,-156.61783896008063
11296,-22.333081267395542,-38.89164483684185,-156.63108622132754
11297,-22.343070400099165,-38.902833915516084,-156.6443332866655
11298,-22.35305997142795,-38.91402283448323,-156.65758015614801
11299,-22.363049981249606,-38.92521159377516,-156.6708268298286
11300,-22.373040429431896,-38.93640019342375,-156.6840733077607
11301,-22.383031315842615,-38.94758863346088,-156.6973195899978
11302,-22.39302264034961,-38.95877691391843,-156.71056567659332
11303,-22.403014402820766,-38.96996503482827,-156.72381156760068
11304,-22.41300660312401,-38.98115299622229,-156.7370572630733
11305,-22.422999241127318,-38.992340798132375,-156.75030276306455
11306,-22.4329923166987,-39.003528440590394,-156.76354806762782
11307,-22.442985829706217,-39.014715923628245,-156.77679317681648
11308,-22.452979780017966,-39.0259032472778,-156.79003809068385
11309,-22.46297416750209,-39.037090411570965,-156.80328280928325
11310,-22.472968992026775,-39.04827741653961,-156.816527332668
11311,-22.48296425346025,-39.059464262215634,-156.82977166089137
11312,-22.492959951670784,-39.07065094863092,-156.84301579400665
11313,-22.50295608652669,-39.081837475817366,-156.8562597320671
11314,-22.51295265789633,-39.09302384380686,-156.86950347512592
11315,-22.522949665648103,-39.1042100526313,-156.8827470232364
11316,-22.532947109650443,-39.115396102322585,-156.8959903764517
11317,-22.542944989771843,-39.126581992912605,-156.909233534825
11318,-22.552943305880827,-39.13776772443326,-156.9224764984095
11319,-22.562942057845962,-39.148953296916446,-156.93571926725835
11320,-22.572941245535866,-39.160138710394065,-156.94896184142468
11321,-22.58294086881919,-39.171323964898015,-156.9622042209616
11322,-22.592940927564634,-39.1825090604602,-156.97544640592224
11323,-22.60294142164094,-39.19369399711252,-156.9886883963597
11324,-22.61294235091689,-39.20487877488688,-157.00193019232702
11325,-22.622943715261307,-39.21606339381518,-157.01517179387727
11326,-22.632945514543064,-39.22724785392934,-157.0284132010635
11327,-22.64294774863107,-39.23843215526126,-157.04165441393872
11328,-22.652950417394276,-39.249616297842834,-157.05489543255592
11329,-22.66295352070168,-39.26080028170599,-157.06813625696813
11330,-22.672957058422323,-39.271984106882634,-157.0813768872283
11331,-22.682961030425282,-39.28316777340467,-157.09461732338937
11332,-22.692965436579684,-39.29435128130402,-157.1078575655043
11333,-22.70297027675469,-39.305534630612584,-157.121097613626
11334,-22.712975550819515,-39.31671782136229,-157.1343374678074
11335,-22.722981258643408,-39.32790085358504,-157.14757712810137
11336,-22.732987400095663,-39.33908372731276,-157.1608165945608
11337,-22.742993975045614,-39.350266442577365,-157.17405586723854
11338,-22.75300098336264,-39.36144899941077,-157.1872949461874
11339,-22.763008424916162,-39.37263139784489,-157.20053383146023
11340,-22.773016299575644,-39.38381363791165,-157.21377252310984
11341,-22.783024607210596,-39.39499571964297,-157.227011021189
11342,-22.79303334769056,-39.40617764307078,-157.24024932575054
11343,-22.80304252088513,-39.417359408226986,-157.25348743684717
11344,-22.813052126663937,-39.42854101514352,-157.26672535453162
11345,-22.82306216489666,-39.439722463852306,-157.27996307885664
11346,-22.83307263545301,-39.450903754385266,-157.29320060987493
11347,-22.843083538202755,-39.46208488677433,-157.30643794763918
11348,-22.853094873015692,-39.473265861051416,-157.31967509220206
11349,-22.863106639761668,-39.484446677248464,-157.33291204361623
11350,-22.873118838310567,-39.495627335397394,-157.34614880193433
11351,-22.883131468532323,-39.50680783553014,-157.359385367209
11352,-22.893144530296905,-39.517988177678625,-157.37262173949284
11353,-22.90315802347433,-39.52916836187479,-157.38585791883844
11354,-22.91317194793465,-39.540348388150555,-157.39909390529837
11355,-22.92318630354797,-39.55152825653786,-157.4123296989252
11356,-22.933201090184422,-39.56270796706863,-157.42556529977145
11357,-22.943216307714195,-39.573887519774814,-157.43880070788967
11358,-22.953231956007514,-39.58506691468833,-157.45203592333237
11359,-22.963248034934644,-39.59624615184113,-157.46527094615203
11360,-22.973264544365897,-39.60742523126513,-157.47850577640114
11361,-22.983281484171624,-39.61860415299228,-157.49174041413215
11362,-22.993298854222218,-39.62978291705452,-157.5049748593975
11363,-23.00331665438812,-39.64096152348378,-157.51820911224962
11364,-23.013334884539802,-39.652139972312,-157.53144317274092
11365,-23.02335354454779,-39.66331826357112,-157.5446770409238
11366,-23.03337263428264,-39.67449639729308,-157.55791071685064
11367,-23.04339215361496,-39.68567437350983,-157.5711442005738
11368,-23.0534121024154,-39.6968521922533,-157.58437749214562
11369,-23.063432480554646,-39.708029853555445,-157.59761059161843
11370,-23.07345328790343,-39.71920735744819,-157.61084349904456
11371,-23.083474524332527,-39.730384703963495,-157.6240762144763
11372,-23.09349618971275,-39.741561893133294,-157.63730873796592
11373,-23.103518283914955,-39.752738924989536,-157.65054106956566
11374,-23.113540806810043,-39.76391579956417,-157.66377320932781
11375,-23.123563758268958,-39.77509251688913,-157.67700515730456
11376,-23.133587138162678,-39.786269076996376,-157.69023691354815
11377,-23.143610946362234,-39.79744547991785,-157.70346847811078
11378,-23.15363518273869,-39.8086217256855,-157.7166998510446
11379,-23.163659847163157,-39.819797814331274,-157.72993103240182
11380,-23.173684939506785,-39.83097374588712,-157.74316202223457
11381,-23.183710459640768,-39.84214952038499,-157.75639282059498
11382,-23.19373640743634,-39.853325137856835,-157.76962342753515
11383,-23.20376278276478,-39.8645005983346,-157.7828538431072
11384,-23.21378958549741,-39.87567590185024,-157.7960840673632
11385,-23.223816815505586,-39.8868510484357,-157.80931410035524
11386,-23.233844472660714,-39.89802603812294,-157.82254394213533
11387,-23.243872556834237,-39.90920087094391,-157.83577359275554
11388,-23.253901067897644,-39.92037554693057,-157.84900305226788
11389,-23.263930005722465,-39.931550066114866,-157.86223232072433
11390,-23.27395937018027,-39.94272442852875,-157.8754613981769
11391,-23.283989161142667,-39.95389863420418,-157.88869028467755
11392,-23.294019378481316,-39.96507268317311,-157.90191898027823
11393,-23.30405002206791,-39.9762465754675,-157.91514748503087
11394,-23.314081091774185,-39.9874203111193,-157.92837579898742
11395,-23.324112587471923,-39.99859389016047,-157.94160392219976
11396,-23.334144509032946,-40.00976731262296,-157.95483185471977
11397,-23.344176856329117,-40.02094057853874,-157.96805959659935
11398,-23.354209629232344,-40.032113687939756,-157.98128714789033
11399,-23.364242827614568,-40.04328664085797,-157.99451450864453
11400,-23.374276451347782,-40.05445943732534,-158.00774167891382
11401,-23.384310500304018,-40.06563207737383,-158.02096865874998
11402,-23.39434497435534,-40.07680456103539,-158.0341954482048
11403,-23.404379873373873,-40.08797688834198,-158.04742204733006
11404,-23.414415197231765,-40.09914905932556,-158.0606484561775
11405,-23.424450945801215,-40.110321074018096,-158.07387467479887
11406,-23.43448711895446,-40.121492932451545,-158.0871007032459
11407,-23.444523716563786,-40.13266463465787,-158.1003265415703
11408,-23.45456073850151,-40.14383618066903,-158.11355218982376
11409,-23.464598184639996,-40.15500757051698,-158.12677764805795
11410,-23.474636054851654,-40.166178804233695,-158.14000291632453
11411,-23.484674349008927,-40.17734988185113,-158.15322799467515
11412,-23.494713066984303,-40.188520803401246,-158.16645288316144
11413,-23.504752208650316,-40.19969156891601,-158.17967758183502
11414,-23.514791773879537,-40.21086217842738,-158.19290209074748
11415,-23.52483176254458,-40.222032631967316,-158.20612640995037
11416,-23.534872174518096,-40.23320292956779,-158.21935053949528
11417,-23.544913009672786,-40.24437307126076,-158.23257447943374
11418,-23.55495426788139,-40.25554305707819,-158.2457982298173
11419,-23.564995949016684,-40.26671288705205,-158.25902179069746
11420,-23.57503805295149,-40.2778825612143,-158.27224516212573
11421,-23.58508057955867,-40.2890520795969,-158.28546834415357
11422,-23.59512352871113,-40.30022144223182,-158.29869133683246
11423,-23.605166900281816,-40.31139064915103,-158.31191414021387
11424,-23.615210694143716,-40.322559700386485,-158.32513675434922
11425,-23.625254910169858,-40.33372859597016,-158.3383591792899
11426,-23.63529954823331,-40.34489733593401,-158.35158141508734
11427,-23.645344608207186,-40.35606592031,-158.36480346179292
11428,-23.655390089964637,-40.36723434913011,-158.378025319458
11429,-23.66543599337886,-40.378402622426286,-158.39124698813396
11430,-23.67548231832309,-40.38957074023051,-158.4044684678721
11431,-23.685529064670604,-40.40073870257474,-158.41768975872375
11432,-23.69557623229472,-40.41190650949095,-158.43091086074023
11433,-23.705623821068798,-40.423074161011094,-158.4441317739728
11434,-23.715671830866242,-40.43424165716715,-158.45735249847277
11435,-23.725720261560493,-40.44540899799107,-158.47057303429136
11436,-23.735769113025036,-40.45657618351484,-158.48379338147984
11437,-23.745818385133397,-40.46774321377041,-158.49701354008943
11438,-23.755868077759143,-40.47891008878976,-158.5102335101713
11439,-23.765918190775878,-40.49007680860485,-158.5234532917767
11440,-23.775968724057254,-40.50124337324764,-158.53667288495674
11441,-23.786019677476965,-40.51240978275011,-158.54989228976265
11442,-23.79607105090874,-40.523576037144224,-158.56311150624552
11443,-23.80612284422635,-40.534742136461944,-158.5763305344565
11444,-23.816175057303614,-40.54590808073524,-158.5895493744467
11445,-23.826227690014385,-40.557073869996074,-158.60276802626723
11446,-23.83628074223256,-40.56823950427642,-158.61598648996915
11447,-23.84633421383208,-40.57940498360824,-158.6292047656035
11448,-23.85638810468692,-40.5905703080235,-158.64242285322138
11449,-23.866442414671106,-40.60173547755417,-158.65564075287378
11450,-23.876497143658693,-40.61290049223222,-158.66885846461173
11451,-23.88655229152379,-40.62406535208961,-158.68207598848625
11452,-23.896607858140534,-40.63523005715831,-158.6952933245483
11453,-23.906663843383118,-40.646394607470285,-158.70851047284884
11454,-23.916720247125767,-40.65755900305751,-158.72172743343884
11455,-23.926777069242746,-40.66872324395194,-158.73494420636925
11456,-23.936834309608365,-40.679887330185544,-158.74816079169096
11457,-23.946891968096974,-40.69105126179029,-158.7613771894549
11458,-23.95695004458296,-40.70221503879815,-158.7745933997119
11459,-23.96700853894076,-40.71337866124109,-158.78780942251288
11460,-23.977067451044846,-40.72454212915106,-158.8010252579087
11461,-23.98712678076973,-40.73570544256005,-158.81424090595016
11462,-23.99718652798997,-40.746868601500005,-158.82745636668812
11463,-24.00724669258016,-40.7580316060029,-158.84067164017338
11464,-24.017307274414936,-40.769194456100706,-158.85388672645672
11465,-24.027368273368978,-40.78035715182538,-158.86710162558893
11466,-24.037429689317005,-40.79151969320888,-158.88031633762077
11467,-24.047491522133775,-40.80268208028319,-158.89353086260297
11468,-24.057553771694092,-40.81384431308027,-158.90674520058627
11469,-24.0676164378728,-40.82500639163207,-158.91995935162137
11470,-24.077679520544777,-40.836168315970575,-158.93317331575898
11471,-24.08774301958495,-40.847330086127734,-158.9463870930498
11472,-24.09780693486828,-40.85849170213552,-158.95960068354444
11473,-24.10787126626978,-40.86965316402589,-158.97281408729359
11474,-24.11793601366449,-40.88081447183082,-158.98602730434786
11475,-24.128001176927505,-40.891975625582255,-158.99924033475787
11476,-24.13806675593395,-40.90313662531217,-159.01245317857425
11477,-24.14813275055899,-40.91429747105253,-159.02566583584755
11478,-24.15819916067784,-40.92545816283529,-159.03887830662836
11479,-24.16826598616575,-40.93661870069242,-159.05209059096723
11480,-24.178333226898012,-40.94777908465588,-159.06530268891467
11481,-24.18840088274996,-40.95893931475762,-159.07851460052123
11482,-24.198468953596965,-40.97009939102962,-159.0917263258374
11483,-24.208537439314444,-40.981259313503834,-159.1049378649137
11484,-24.21860633977785,-40.99241908221222,-159.11814921780058
11485,-24.22867565486268,-41.00357869718675,-159.1313603845485
11486,-24.238745384444474,-41.014738158459366,-159.1445713652079
11487,-24.248815528398804,-41.02589746606204,-159.1577821598292
11488,-24.258886086601294,-41.03705662002673,-159.1709927684628
11489,-24.268957058927597,-41.0482156203854,-159.18420319115916
11490,-24.279028445253417,-41.05937446717,-159.1974134279686
11491,-24.28910024545449,-41.070533160412495,-159.2106234789415
11492,-24.299172459406606,-41.081691700144845,-159.2238333441282
11493,-24.30924508698558,-41.092850086399,-159.23704302357902
11494,-24.319318128067277,-41.10400831920692,-159.2502525173443
11495,-24.3293915825276,-41.115166398600564,-159.26346182547434
11496,-24.33946545024249,-41.12632432461189,-159.27667094801942
11497,-24.349539731087933,-41.13748209727286,-159.2898798850298
11498,-24.359614424939956,-41.14863971661542,-159.3030886365557
11499,-24.369689531674624,-41.15979718267153,-159.31629720264743
11500,-24.379765051168043,-41.17095449547315,-159.32950558335517
11501,-24.38984098329636,-41.182111655052225,-159.34271377872912
11502,-24.399917327935764,-41.19326866144071,-159.35592178881947
11503,-24.40999408496248,-41.20442551467057,-159.3691296136764
11504,-24.420071254252782,-41.21558221477375,-159.38233725335007
11505,-24.430148835682974,-41.2267387617822,-159.39554470789062
11506,-24.440226829129408,-41.23789515572788,-159.40875197734817
11507,-24.450305234468473,-41.249051396642734,-159.42195906177287
11508,-24.460384051576604,-41.26020748455872,-159.43516596121475
11509,-24.470463280330268,-41.27136341950779,-159.44837267572393
11510,-24.48054292060598,-41.28251920152189,-159.46157920535046
11511,-24.490622972280292,-41.29367483063298,-159.47478555014442
11512,-24.500703435229795,-41.304830306872994,-159.4879917101558
11513,-24.510784309331125,-41.315985630273886,-159.50119768543462
11514,-24.520865594460954,-41.32714080086761,-159.5144034760309
11515,-24.530947290495995,-41.33829581868611,-159.52760908199463
11516,-24.541029397313004,-41.34945068376134,-159.54081450337577
11517,-24.551111914788777,-41.36060539612524,-159.55401974022428
11518,-24.56119484280015,-41.37175995580975,-159.56722479259008
11519,-24.571278181223995,-41.382914362846826,-159.5804296605231
11520,-24.581361929937234,-41.39406861726841,-159.59363434407325
11521,-24.59144608881682,-41.40522271910645,-159.6068388432904
11522,-24.60153065773975,-41.416376668392886,-159.62004315822446
11523,-24.611615636583064,-41.42753046515966,-159.63324728892528
11524,-24.62170102522384,-41.438684109438725,-159.6464512354427
11525,-24.63178682353919,-41.44983760126201,-159.65965499782655
11526,-24.641873031406277,-41.46099094066146,-159.67285857612663
11527,-24.6519596487023,-41.47214412766902,-159.68606197039276
11528,-24.662046675304495,-41.483297162316624,-159.6992651806747
11529,-24.672134111090145,-41.49445004463622,-159.71246820702223
11530,-24.68222195593657,-41.505602774659735,-159.72567104948507
11531,-24.692310209721125,-41.51675535241912,-159.738873708113
11532,-24.70239887232121,-41.527907777946304,-159.7520761829557
11533,-24.71248794361427,-41.53906005127323,-159.7652784740629
11534,-24.722577423477784,-41.550212172431834,-159.77848058148427
11535,-24.73266731178927,-41.56136414145405,-159.7916825052695
11536,-24.742757608426295,-41.57251595837181,-159.80488424546823
11537,-24.752848313266455,-41.583667623217046,-159.81808580213013
11538,-24.76293942618739,-41.5948191360217,-159.8312871753048
11539,-24.773030947066786,-41.6059704968177,-159.84448836504183
11540,-24.78312287578236,-41.617121705636976,-159.85768937139085
11541,-24.79321521221188,-41.628272762511465,-159.87089019440143
11542,-24.80330795623314,-41.639423667473096,-159.88409083412313
11543,-24.81340110772399,-41.650574420553795,-159.8972912906055
11544,-24.823494666562308,-41.66172502178549,-159.91049156389806
11545,-24.833588632626014,-41.67287547120012,-159.92369165405034
11546,-24.843683005793075,-41.684025768829606,-159.93689156111185
11547,-24.85377778594149,-41.69517591470587,-159.95009128513203
11548,-24.863872972949302,-41.70632590886085,-159.9632908261604
11549,-24.873968566694593,-41.717475751326454,-159.9764901842464
11550,-24.88406456705549,-41.72862544213462,-159.98968935943944
11551,-24.89416097391015,-41.73977498131727,-160.00288835178898
11552,-24.90425778713678,-41.75092436890632,-160.01608716134442
11553,-24.914355006613615,-41.7620736049337,-160.02928578815514
11554,-24.924452632218944,-41.77322268943132,-160.04248423227054
11555,-24.93455066383109,-41.78437162243112,-160.05568249373997
11556,-24.944649101328412,-41.795520403965,-160.06888057261276
11557,-24.954747944589318,-41.80666903406489,-160.08207846893825
11558,-24.964847193492247,-41.8178175127627,-160.09527618276576
11559,-24.974946847915678,-41.828965840090355,-160.1084737141446
11560,-24.985046907738138,-41.84011401607976,-160.121671063124
11561,-24.99514737283819,-41.85126204076284,-160.1348682297533
11562,-25.00524824309443,-41.86240991417151,-160.1480652140817
11563,-25.01534951838551,-41.87355763633767,-160.16126201615847
11564,-25.0254511985901,-41.88470520729325,-160.17445863603282
11565,-25.035553283586932,-41.895852627070155,-160.18765507375397
11566,-25.04565577325476,-41.906999895700295,-160.2008513293711
11567,-25.055758667472393,-41.918147013215574,-160.21404740293335
11568,-25.065861966118668,-41.92929397964791,-160.22724329448994
11569,-25.075965669072463,-41.940440795029204,-160.24043900408998
11570,-25.086069776212703,-41.95158745939137,-160.2536345317826
11571,-25.09617428741835,-41.96273397276631,-160.26682987761694
11572,-25.106279202568402,-41.973880335185925,-160.28002504164206
11573,-25.1163845215419,-41.98502654668213,-160.29322002390708
11574,-25.126490244217926,-41.996172607286816,-160.30641482446103
11575,-25.136596370475598,-42.00731851703189,-160.319609443353
11576,-25.146702900194075,-42.018464275949256,-160.33280388063199
11577,-25.156809833252556,-42.029609884070815,-160.34599813634705
11578,-25.166917169530283,-42.040755341428465,-160.35919221054718
11579,-25.17702490890653,-42.0519006480541,-160.37238610328137
11580,-25.187133051260624,-42.06304580397962,-160.3855798145986
11581,-25.197241596471915,-42.074190809236924,-160.3987733445478
11582,-25.207350544419803,-42.085335663857904,-160.41196669317796
11583,-25.217459894983726,-42.096480367874456,-160.42515986053797
11584,-25.22756964804316,-42.10762492131847,-160.43835284667676
11585,-25.237679803477626,-42.11876932422184,-160.45154565164324
11586,-25.247790361166675,-42.12991357661645,-160.46473827548627
11587,-25.257901320989905,-42.1410576785342,-160.47793071825473
11588,-25.268012682826953,-42.152201630006985,-160.49112297999747
11589,-25.278124446557495,-42.16334543106668,-160.50431506076333
11590,-25.288236612061244,-42.17448908174517,-160.51750696060114
11591,-25.298349179217954,-42.185632582074355,-160.5306986795597
11592,-25.30846214790742,-42.196775932086105,-160.5438902176878
11593,-25.318575518009474,-42.20791913181231,-160.5570815750342
11594,-25.328689289403993,-42.219062181284855,-160.57027275164768
11595,-25.338803461970883,-42.23020508053561,-160.58346374757699
11596,-25.348918035590103,-42.24134782959647,-160.59665456287084
11597,-25.35903301014164,-42.25249042849931,-160.60984519757795
11598,-25.36914838550553,-42.263632877275995,-160.62303565174702
11599,-25.379264161561835,-42.27477517595842,-160.63622592542674
11600,-25.389380338190673,-42.28591732457844,-160.6494160186658
11601,-25.39949691527219,-42.29705932316795,-160.6626059315128
11602,-25.40961389268658,-42.30820117175882,-160.6757956640164
11603,-25.419731270314063,-42.31934287038291,-160.68898521622523
11604,-25.42984904803491,-42.3304844190721,-160.70217458818792
11605,-25.43996722572943,-42.34162581785826,-160.715363779953
11606,-25.450085803277968,-42.352767066773254,-160.72855279156911
11607,-25.46020478056091,-42.36390816584895,-160.7417416230848
11608,-25.470324157458688,-42.375049115117214,-160.7549302745486
11609,-25.480443933851756,-42.386189914609915,-160.76811874600904
11610,-25.490564109620625,-42.39733056435892,-160.78130703751464
11611,-25.500684684645837,-42.40847106439608,-160.7944951491139
11612,-25.510805658807975,-42.41961141475326,-160.80768308085533
11613,-25.52092703198766,-42.43075161546233,-160.82087083278736
11614,-25.531048804065556,-42.44189166655514,-160.83405840495848
11615,-25.54117097492236,-42.453031568063544,-160.84724579741712
11616,-25.551293544438813,-42.4641713200194,-160.8604330102117
11617,-25.561416512495697,-42.475310922454575,-160.87362004339062
11618,-25.57153987897383,-42.48645037540091,-160.8868068970023
11619,-25.58166364375407,-42.497589678890265,-160.89999357109508
11620,-25.59178780671731,-42.50872883295449,-160.91318006571734
11621,-25.60191236774449,-42.519867837625426,-160.92636638091744
11622,-25.612037326716585,-42.53100669293493,-160.93955251674373
11623,-25.62216268351461,-42.54214539891485,-160.9527384732445
11624,-25.632288438019618,-42.553283955597024,-160.96592425046805
11625,-25.6424145901127,-42.56442236301331,-160.97910984846268
11626,-25.65254113967499,-42.57556062119554,-160.99229526727666
11627,-25.66266808658766,-42.58669873017556,-161.00548050695826
11628,-25.672795430731924,-42.597836689985215,-161.01866556755573
11629,-25.682923171989028,-42.60897450065634,-161.03185044911726
11630,-25.69305131024026,-42.62011216222077,-161.04503515169108
11631,-25.70317984536695,-42.63124967471035,-161.0582196753254
11632,-25.713308777250464,-42.642387038156905,-161.0714040200684
11633,-25.72343810577221,-42.65352425259228,-161.08458818596822
11634,-25.73356783081363,-42.664661318048296,-161.09777217307303
11635,-25.743697952256213,-42.675798234556794,-161.11095598143098
11636,-25.753828469981478,-42.6869350021496,-161.12413961109016
11637,-25.76395938387099,-42.69807162085855,-161.13732306209872
11638,-25.774090693806347,-42.70920809071546,-161.1505063345047
11639,-25.784222399669193,-42.72034441175215,-161.16368942835624
11640,-25.794354501341207,-42.73148058400046,-161.17687234370135
11641,-25.804486998704107,-42.7426166074922,-161.19005508058808
11642,-25.814619891639648,-42.75375248225921,-161.20323763906447
11643,-25.82475318002963,-42.76488820833329,-161.21642001917854
11644,-25.83488686375589,-42.77602378574627,-161.2296022209783
11645,-25.845020942700298,-42.78715921452996,-161.24278424451174
11646,-25.85515541674477,-42.798294494716174,-161.25596608982679
11647,-25.865290285771255,-42.80942962633674,-161.26914775697142
11648,-25.87542554966175,-42.82056460942346,-161.2823292459936
11649,-25.885561208298277,-42.831699444008144,-161.29551055694122
11650,-25.895697261562912,-42.842834130122604,-161.30869168986223
11651,-25.905833709337763,-42.853968667798654,-161.3218726448045
11652,-25.915970551504973,-42.86510305706809,-161.3350534218159
11653,-25.92610778794673,-42.876237297962724,-161.34823402094432
11654,-25.93624541854526,-42.88737139051436,-161.3614144422376
11655,-25.946383443182818,-42.8985053347548,-161.37459468574357
11656,-25.956521861741713,-42.909639130715846,-161.38777475151008
11657,-25.966660674104286,-42.92077277842929,-161.40095463958488
11658,-25.976799880152917,-42.931906277926934,-161.41413435001581
11659,-25.986939479770022,-42.94303962924058,-161.42731388285063
11660,-25.997079472838063,-42.954172832402016,-161.4404932381371
11661,-26.00721985923953,-42.96530588744304,-161.45367241592294
11662,-26.017360638856964,-42.976438794395435,-161.4668514162559
11663,-26.027501811572936,-42.987571553291,-161.48003023918372
11664,-26.037643377270058,-42.998704164161516,-161.49320888475407
11665,-26.04778533583098,-43.00983662703877,-161.50638735301465
11666,-26.057927687138392,-43.02096894195456,-161.5195656440131
11667,-26.068070431075025,-43.03210110894065,-161.53274375779714
11668,-26.078213567523644,-43.04323312802884,-161.54592169441435
11669,-26.088357096367055,-43.05436499925089,-161.55909945391238
11670,-26.098501017488104,-43.065496722638606,-161.57227703633885
11671,-26.108645330769676,-43.076628298223746,-161.58545444174132
11672,-26.11879003609469,-43.08775972603809,-161.5986316701674
11673,-26.128935133346108,-43.098891006113405,-161.61180872166466
11674,-26.139080622406926,-43.110022138481476,-161.62498559628062
11675,-26.149226503160186,-43.12115312317407,-161.63816229406285
11676,-26.15937277548896,-43.13228396022295,-161.65133881505886
11677,-26.169519439276367,-43.14341464965989,-161.66451515931615
11678,-26.17966649440556,-43.154545191516654,-161.6776913268822
11679,-26.18981394075973,-43.16567558582501,-161.69086731780453
11680,-26.199961778222107,-43.17680583261671,-161.70404313213055
11681,-26.21011000667596,-43.187935931923526,-161.71721876990773
11682,-26.2202586260046,-43.199065883777216,-161.7303942311835
11683,-26.23040763609137,-43.21019568820953,-161.7435695160053
11684,-26.24055703681966,-43.22132534525223,-161.7567446244205
11685,-26.250706828072886,-43.23245485493707,-161.76991955647648
11686,-26.260857009734515,-43.24358421729579,-161.78309431222064
11687,-26.271007581688043,-43.254713432360155,-161.79626889170032
11688,-26.28115854381701,-43.26584250016191,-161.80944329496288
11689,-26.291309896004996,-43.2769714207328,-161.82261752205562
11690,-26.301461638135617,-43.28810019410457,-161.8357915730259
11691,-26.311613770092524,-43.299228820308976,-161.84896544792093
11692,-26.32176629175941,-43.31035729937774,-161.86213914678808
11693,-26.331919203020007,-43.32148563134262,-161.87531266967457
11694,-26.342072503758082,-43.332613816235344,-161.8884860166277
11695,-26.352226193857447,-43.343741854087654,-161.90165918769466
11696,-26.362380273201946,-43.35486974493128,-161.9148321829227
11697,-26.372534741675462,-43.36599748879796,-161.92800500235901
11698,-26.382689599161917,-43.37712508571942,-161.9411776460508
11699,-26.392844845545277,-43.388252535727396,-161.95435011404524
11700,-26.403000480709537,-43.39937983885361,-161.9675224063895
11701,-26.413156504538733,-43.41050699512979,-161.98069452313072
11702,-26.423312916916945,-43.421634004587666,-161.99386646431606
11703,-26.433469717728286,-43.43276086725895,-162.00703822999262
11704,-26.44362690685691,-43.44388758317537,-162.0202098202075
11705,-26.453784484187008,-43.45501415236864,-162.0333812350078
11706,-26.463942449602808,-43.46614057487048,-162.04655247444057
11707,-26.474100802988577,-43.4772668507126,-162.0597235385529
11708,-26.48425954422862,-43.48839297992673,-162.07289442739184
11709,-26.494418673207285,-43.49951896254456,-162.0860651410044
11710,-26.50457818980895,-43.510644798597816,-162.09923567943764
11711,-26.514738093918037,-43.5217704881182,-162.1124060427385
11712,-26.524898385419004,-43.53289603113741,-162.125576230954
11713,-26.535059064196346,-43.54402142768716,-162.1387462441311
11714,-26.545220130134602,-43.55514667779915,-162.15191608231677
11715,-26.55538158311834,-43.56627178150508,-162.16508574555795
11716,-26.565543423032175,-43.57739673883665,-162.17825523390155
11717,-26.575705649760753,-43.58852154982555,-162.19142454739452
11718,-26.585868263188765,-43.59964621450349,-162.20459368608374
11719,-26.596031263200935,-43.61077073290214,-162.21776265001608
11720,-26.606194649682028,-43.621895105053206,-162.23093143923842
11721,-26.616358422516843,-43.633019330988375,-162.2441000537976
11722,-26.626522581590223,-43.64414341073933,-162.2572684937405
11723,-26.63668712678704,-43.655267344337766,-162.27043675911392
11724,-26.646852057992216,-43.66639113181535,-162.28360484996466
11725,-26.657017375090703,-43.67751477320378,-162.29677276633953
11726,-26.667183077967493,-43.688638268534724,-162.3099405082853
11727,-26.677349166507618,-43.69976161783986,-162.32310807584875
11728,-26.687515640596143,-43.71088482115087,-162.3362754690766
11729,-26.697682500118173,-43.722007878499426,-162.34944268801564
11730,-26.707849744958853,-43.73313078991719,-162.36260973271257
11731,-26.718017375003367,-43.74425355543584,-162.3757766032141
11732,-26.728185390136936,-43.755376175087044,-162.38894329956688
11733,-26.738353790244815,-43.76649864890246,-162.40210982181762
11734,-26.748522575212302,-43.77762097691377,-162.415276170013
11735,-26.75869174492473,-43.78874315915261,-162.42844234419965
11736,-26.768861299267467,-43.79986519565065,-162.44160834442422
11737,-26.779031238125928,-43.81098708643956,-162.45477417073332
11738,-26.789201561385557,-43.82210883155098,-162.46793982317354
11739,-26.79937226893184,-43.83323043101657,-162.48110530179147
11740,-26.809543360650302,-43.844351884867976,-162.4942706066337
11741,-26.819714836426503,-43.85547319313685,-162.50743573774682
11742,-26.82988669614604,-43.86659435585484,-162.52060069517734
11743,-26.840058939694554,-43.8777153730536,-162.5337654789718
11744,-26.850231566957717,-43.888836244764754,-162.5469300891767
11745,-26.860404577821242,-43.89995697101996,-162.56009452583857
11746,-26.87057797217088,-43.91107755185085,-162.57325878900386
11747,-26.88075174989242,-43.92219798728907,-162.58642287871908
11748,-26.890925910871683,-43.93331827736624,-162.5995867950307
11749,-26.901100454994538,-43.944438422114,-162.6127505379851
11750,-26.911275382146883,-43.95555842156398,-162.6259141076288
11751,-26.92145069221466,-43.96667827574781,-162.63907750400816
11752,-26.93162638508384,-43.97779798469712,-162.65224072716958
11753,-26.941802460640446,-43.98891754844353,-162.66540377715947
11754,-26.951978918770525,-44.000036967018666,-162.67856665402417
11755,-26.96215575936017,-44.01115624045414,-162.69172935781003
11756,-26.972332982295505,-44.022275368781585,-162.70489188856345
11757,-26.9825105874627,-44.0333943520326,-162.71805424633072
11758,-26.99268857474795,-44.04451319023881,-162.73121643115815
11759,-27.002866944037507,-44.05563188343183,-162.74437844309205
11760,-27.01304569521764,-44.06675043164326,-162.7575402821787
11761,-27.023224828174673,-44.077868834904706,-162.77070194846436
11762,-27.033404342794952,-44.08898709324779,-162.7838634419953
11763,-27.043584238964872,-44.1001052067041,-162.79702476281773
11764,-27.053764516570862,-44.11122317530524,-162.8101859109779
11765,-27.063945175499384,-44.122340999082816,-162.82334688652205
11766,-27.074126215636948,-44.133458678068415,-162.83650768949633
11767,-27.084307636870093,-44.144576212293636,-162.84966831994694
11768,-27.094489439085397,-44.15569360179007,-162.86282877792007
11769,-27.10467162216948,-44.166810846589314,-162.87598906346184
11770,-27.114854186008994,-44.177927946722946,-162.88914917661842
11771,-27.12503713049063,-44.18904490222256,-162.90230911743592
11772,-27.135220455501116,-44.20016171311974,-162.91546888596045
11773,-27.145404160927225,-44.21127837944606,-162.92862848223808
11774,-27.155588246655753,-44.2223949012331,-162.94178790631494
11775,-27.16577271257355,-44.233511278512445,-162.95494715823708
11776,-27.17595755856749,-44.24462751131566,-162.96810623805052
11777,-27.18614278452449,-44.255743599674325,-162.98126514580133
11778,-27.196328390331505,-44.26685954362001,-162.9944238815355
11779,-27.20651437587553,-44.27797534318427,-163.0075824452991
11780,-27.216700741043585,-44.28909099839869,-163.02074083713808
11781,-27.22688748572274,-44.300206509294824,-163.0338990570984
11782,-27.237074609800104,-44.311321875904234,-163.0470571052261
11783,-27.247262113162815,-44.32243709825848,-163.06021498156704
11784,-27.25744999569805,-44.33355217638912,-163.07337268616723
11785,-27.267638257293026,-44.344667110327705,-163.08653021907256
11786,-27.277826897834995,-44.35578190010579,-163.09968758032895
11787,-27.28801591721125,-44.36689654575492,-163.11284476998227
11788,-27.29820531530912,-44.37801104730665,-163.12600178807844
11789,-27.308395092015964,-44.38912540479252,-163.1391586346633
11790,-27.31858524721919,-44.40023961824408,-163.1523153097827
11791,-27.328775780806232,-44.41135368769286,-163.16547181348247
11792,-27.338966692664574,-44.422467613170404,-163.17862814580843
11793,-27.349157982681728,-44.43358139470825,-163.19178430680643
11794,-27.359349650745244,-44.444695032337926,-163.2049402965222
11795,-27.36954169674271,-44.45580852609097,-163.21809611500157
11796,-27.379734120561757,-44.466921875998906,-163.23125176229027
11797,-27.389926922090044,-44.478035082093264,-163.24440723843406
11798,-27.400120101215272,-44.48914814440557,-163.25756254347868
11799,-27.41031365782518,-44.50026106296734,-163.27071767746986
11800,-27.420507591807542,-44.5113738378101,-163.2838726404533
11801,-27.43070190305017,-44.52248646896536,-163.29702743247466
11802,-27.440896591440914,-44.533598956464644,-163.31018205357967
11803,-27.45109165686766,-44.54471130033946,-163.32333650381395
11804,-27.461287099218335,-44.555823500621315,-163.33649078322318
11805,-27.471482918380897,-44.56693555734172,-163.349644891853
11806,-27.48167911424334,-44.578047470532184,-163.36279882974898
11807,-27.491875686693707,-44.589159240224205,-163.37595259695678
11808,-27.502072635620063,-44.600270866449286,-163.38910619352197
11809,-27.512269960910523,-44.61138234923892,-163.40225961949014
11810,-27.522467662453227,-44.622493688624616,-163.41541287490685
11811,-27.532665740136363,-44.633604884637855,-163.42856595981763
11812,-27.54286419384815,-44.64471593731013,-163.44171887426805
11813,-27.553063023476845,-44.65582684667293,-163.4548716183036
11814,-27.563262228910745,-44.66693761275774,-163.4680241919698
11815,-27.57346181003818,-44.67804823559605,-163.48117659531212
11816,-27.583661766747515,-44.689158715219335,-163.49432882837607
11817,-27.593862098927158,-44.70026905165908,-163.50748089120708
11818,-27.604062806465553,-44.71137924494675,-163.52063278385063
11819,-27.614263889251177,-44.72248929511383,-163.53378450635213
11820,-27.62446534717255,-44.73359920219179,-163.54693605875704
11821,-27.63466718011822,-44.744708966212094,-163.56008744111074
11822,-27.644869387976783,-44.755818587206214,-163.57323865345862
11823,-27.655071970636865,-44.76692806520561,-163.58638969584607
11824,-27.665274927987127,-44.77803740024174,-163.59954056831842
11825,-27.675478259916275,-44.78914659234608,-163.61269127092106
11826,-27.685681966313044,-44.800255641550066,-163.6258418036993
11827,-27.69588604706621,-44.81136454788516,-163.63899216669847
11828,-27.706090502064583,-44.822473311382815,-163.65214235996388
11829,-27.716295331197013,-44.83358193207448,-163.66529238354082
11830,-27.726500534352386,-44.8446904099916,-163.67844223747457
11831,-27.736706111419622,-44.85579874516562,-163.69159192181039
11832,-27.74691206228768,-44.86690693762798,-163.70474143659354
11833,-27.75711838684556,-44.87801498741012,-163.71789078186924
11834,-27.76732508498229,-44.889122894543476,-163.73103995768273
11835,-27.777532156586943,-44.90023065905948,-163.7441889640792
11836,-27.787739601548626,-44.91133828098957,-163.75733780110386
11837,-27.79794741975648,-44.922445760365164,-163.7704864688019
11838,-27.808155611099686,-44.9335530972177,-163.78363496721843
11839,-27.81836417546746,-44.94466029157859,-163.79678329639867
11840,-27.82857311274906,-44.95576734347927,-163.80993145638772
11841,-27.838782422833766,-44.96687425295115,-163.8230794472307
11842,-27.848992105610915,-44.977981020025645,-163.83622726897272
11843,-27.859202160969865,-44.98908764473417,-163.84937492165886
11844,-27.869412588800017,-45.00019412710813,-163.86252240533423
11845,-27.87962338899081,-45.01130046717894,-163.8756697200439
11846,-27.88983456143172,-45.02240666497801,-163.8888168658329
11847,-27.90004610601225,-45.03351272053673,-163.90196384274626
11848,-27.910258022621953,-45.04461863388651,-163.915110650829
11849,-27.92047031115041,-45.05572440505874,-163.92825729012617
11850,-27.93068297148724,-45.06683003408482,-163.94140376068273
11851,-27.940896003522102,-45.07793552099615,-163.9545500625437
11852,-27.95110940714469,-45.08904086582411,-163.967696195754
11853,-27.96132318224473,-45.10014606860009,-163.9808421603586
11854,-27.971537328711992,-45.11125112935547,-163.99398795640246
11855,-27.981751846436282,-45.122356048121645,-164.00713358393048
11856,-27.991966735307436,-45.13346082492998,-164.02027904298757
11857,-28.00218199521533,-45.144565459811865,-164.03342433361863
11858,-28.01239762604988,-45.15566995279866,-164.04656945586854
11859,-28.02261362770103,-45.16677430392175,-164.05971440978217
11860,-28.032830000058773,-45.17787851321249,-164.0728591954044
11861,-28.043046743013125,-45.18898258070226,-164.08600381278004
11862,-28.053263856454148,-45.20008650642241,-164.0991482619539
11863,-28.063481340271938,-45.21119029040431,-164.11229254297083
11864,-28.073699194356628,-45.222293932679314,-164.12543665587563
11865,-28.083917418598382,-45.23339743327878,-164.13858060071306
11866,-28.094136012887407,-45.244500792234064,-164.1517243775279
11867,-28.104354977113946,-45.25560400957651,-164.1648679863649
11868,-28.114574311168273,-45.26670708533746,-164.17801142726879
11869,-28.124794014940704,-45.27781001954826,-164.19115470028433
11870,-28.13501408832159,-45.28891281224026,-164.2042978054562
11871,-28.145234531201318,-45.3000154634448,-164.21744074282913
11872,-28.15545534347031,-45.31111797319321,-164.2305835124478
11873,-28.16567652501903,-45.32222034151683,-164.24372611435686
11874,-28.17589807573797,-45.33332256844699,-164.25686854860098
11875,-28.18611999551766,-45.34442465401501,-164.27001081522482
11876,-28.196342284248672,-45.35552659825222,-164.283152914273
11877,-28.20656494182161,-45.36662840118994,-164.2962948457901
11878,-28.216787968127118,-45.3777300628595,-164.30943660982078
11879,-28.22701136305587,-45.3888315832922,-164.3225782064096
11880,-28.23723512649858,-45.39993296251937,-164.33571963560112
11881,-28.247459258345998,-45.41103420057232,-164.34886089743992
11882,-28.257683758488913,-45.42213529748235,-164.36200199197054
11883,-28.267908626818148,-45.433236253280775,-164.3751429192375
11884,-28.27813386322456,-45.444337067998894,-164.38828367928534
11885,-28.288359467599044,-45.45543774166801,-164.40142427215855
11886,-28.298585439832532,-45.46653827431941,-164.41456469790162
11887,-28.308811779815994,-45.47763866598441,-164.42770495655904
11888,-28.31903848744043,-45.48873891669428,-164.44084504817525
11889,-28.32926556259688,-45.49983902648032,-164.4539849727947
11890,-28.339493005176426,-45.51093899537382,-164.46712473046185
11891,-28.349720815070174,-45.52203882340606,-164.48026432122109
11892,-28.359948992169276,-45.53313851060832,-164.49340374511684
11893,-28.370177536364913,-45.544238057011874,-164.5065430021935
11894,-28.38040644754831,-45.555337462648005,-164.51968209249543
11895,-28.39063572561072,-45.56643672754798,-164.532821016067
11896,-28.40086537044344,-45.57753585174307,-164.54595977295259
11897,-28.4110953819378,-45.58863483526454,-164.55909836319648
11898,-28.42132575998516,-45.599733678143664,-164.57223678684304
11899,-28.431556504476927,-45.61083238041169,-164.58537504393655
11900,-28.441787615304534,-45.62193094209989,-164.59851313452134
11901,-28.452019092359457,-45.6330293632395,-164.61165105864166
11902,-28.462250935533206,-45.644127643861786,-164.62478881634178
11903,-28.472483144717323,-45.65522578399799,-164.63792640766596
11904,-28.48271571980339,-45.66632378367937,-164.65106383265845
11905,-28.49294866068303,-45.677421642937155,-164.66420109136345
11906,-28.50318196724789,-45.6885193618026,-164.67733818382519
11907,-28.513415639389663,-45.69961694030693,-164.69047511008787
11908,-28.523649677000076,-45.71071437848139,-164.70361187019566
11909,-28.53388407997089,-45.72181167635721,-164.71674846419273
11910,-28.544118848193897,-45.732908833965624,-164.72988489212327
11911,-28.554353981560936,-45.744005851337846,-164.74302115403137
11912,-28.564589479963875,-45.75510272850511,-164.7561572499612
11913,-28.57482534329462,-45.76619946549863,-164.76929317995686
11914,-28.58506157144511,-45.77729606234963,-164.78242894406245
11915,-28.595298164307323,-45.788392519089314,-164.79556454232204
11916,-28.605535121773272,-45.7994888357489,-164.80869997477973
11917,-28.615772443735008,-45.8105850123596,-164.82183524147956
11918,-28.626010130084612,-45.82168104895263,-164.8349703424656
11919,-28.636248180714208,-45.83277694555917,-164.84810527778185
11920,-28.646486595515952,-45.84387270221043,-164.86124004747236
11921,-28.656725374382034,-45.854968318937615,-164.87437465158112
11922,-28.666964517204686,-45.86606379577191,-164.88750909015212
11923,-28.67720402387617,-45.8771591327445,-164.90064336322934
11924,-28.68744389428878,-45.888254329886585,-164.91377747085673
11925,-28.69768412833486,-45.89934938722935,-164.92691141307827
11926,-28.707924725906775,-45.91044430480397,-164.94004518993788
11927,-28.718165686896935,-45.92153908264162,-164.95317880147945
11928,-28.728407011197785,-45.932633720773495,-164.9663122477469
11929,-28.738648698701798,-45.943728219230756,-164.97944552878417
11930,-28.748890749301495,-45.95482257804457,-164.9925786446351
11931,-28.75913316288942,-45.96591679724611,-165.00571159534357
11932,-28.769375939358163,-45.97701087686654,-165.01884438095342
11933,-28.77961907860034,-45.98810481693702,-165.0319770015085
11934,-28.789862580508615,-45.99919861748871,-165.0451094570526
11935,-28.800106444975675,-46.01029227855276,-165.05824174762958
11936,-28.810350671894252,-46.02138580016033,-165.07137387328322
11937,-28.82059526115711,-46.03247918234256,-165.0845058340573
11938,-28.830840212657044,-46.043572425130606,-165.0976376299956
11939,-28.841085526286896,-46.0546655285556,-165.11076926114188
11940,-28.851331201939534,-46.06575849264869,-165.12390072753988
11941,-28.861577239507863,-46.07685131744101,-165.1370320292333
11942,-28.871823638884827,-46.087944002963695,-165.15016316626588
11943,-28.882070399963403,-46.09903654924788,-165.16329413868132
11944,-28.892317522636606,-46.11012895632469,-165.1764249465233
11945,-28.902565006797484,-46.121221224225245,-165.1895555898355
11946,-28.912812852339123,-46.13231335298067,-165.2026860686616
11947,-28.92306105915464,-46.14340534262208,-165.21581638304522
11948,-28.93330962713719,-46.1544971931806,-165.22894653303
11949,-28.94355855617997,-46.16558890468734,-165.2420765186596
11950,-28.9538078461762,-46.1766804771734,-165.25520633997755
11951,-28.964057497019144,-46.187771910669895,-165.26833599702746
11952,-28.974307508602102,-46.19886320520792,-165.28146548985296
11953,-28.984557880818404,-46.209954360818585,-165.29459481849756
11954,-28.99480861356142,-46.22104537753298,-165.30772398300485
11955,-29.005059706724555,-46.23213625538221,-165.32085298341835
11956,-29.015311160201247,-46.243226994397354,-165.33398181978157
11957,-29.02556297388497,-46.2543175946095,-165.34711049213806
11958,-29.035815147669236,-46.26540805604974,-165.36023900053127
11959,-29.046067681447592,-46.27649837874915,-165.3733673450047
11960,-29.056320575113617,-46.28758856273881,-165.38649552560184
11961,-29.066573828560927,-46.29867860804979,-165.39962354236613
11962,-29.076827441683175,-46.30976851471317,-165.41275139534102
11963,-29.087081414374047,-46.320858282760014,-165.4258790845699
11964,-29.097335746527268,-46.33194791222139,-165.43900661009624
11965,-29.107590438036592,-46.343037403128356,-165.4521339719634
11966,-29.117845488795815,-46.35412675551198,-165.4652611702148
11967,-29.128100898698765,-46.36521596940331,-165.4783882048938
11968,-29.138356667639307,-46.3763050448334,-165.49151507604375
11969,-29.14861279551134,-46.387393981833306,-165.50464178370802
11970,-29.158869282208798,-46.39848278043407,-165.51776832792993
11971,-29.16912612762565,-46.40957144066674,-165.53089470875278
11972,-29.1793833316559,-46.420659962562354,-165.5440209262199
11973,-29.189640894193587,-46.43174834615195,-165.5571469803746
11974,-29.199898815132794,-46.44283659146656,-165.57027287126013
11975,-29.210157094367627,-46.453924698537215,-165.58339859891976
11976,-29.22041573179223,-46.46501266739494,-165.59652416339674
11977,-29.230674727300787,-46.476100498070764,-165.6096495647343
11978,-29.240934080787515,-46.4871881905957,-165.6227748029757
11979,-29.251193792146662,-46.49827574500078,-165.6358998781641
11980,-29.261453861272518,-46.50936316131701,-165.64902479034276
11981,-29.271714288059403,-46.520450439575406,-165.6621495395548
11982,-29.281975072401675,-46.53153757980697,-165.67527412584343
11983,-29.292236214193725,-46.54262458204271,-165.68839854925181
11984,-29.302497713329984,-46.553711446313635,-165.70152280982308
11985,-29.312759569704912,-46.56479817265073,-165.71464690760033
11986,-29.323021783213004,-46.575884761085,-165.7277708426267
11987,-29.333284353748798,-46.58697121164744,-165.74089461494535
11988,-29.343547281206856,-46.598057524369025,-165.7540182245993
11989,-29.353810565481783,-46.60914369928075,-165.76714167163163
11990,-29.36407420646822,-46.6202297364136,-165.78026495608543
11991,-29.374338204060837,-46.63131563579855,-165.79338807800374
11992,-29.384602558154345,-46.64240139746658,-165.8065110374296
11993,-29.394867268643484,-46.653487021448655,-165.81963383440603
11994,-29.405132335423033,-46.66457250777575,-165.83275646897602
11995,-29.415397758387805,-46.675657856478836,-165.84587894118258
11996,-29.425663537432648,-46.686743067588864,-165.8590012510687
11997,-29.435929672452446,-46.6978281411368,-165.87212339867733
11998,-29.446196163342115,-46.7089130771536,-165.88524538405144
11999,-29.456463009996607,-46.719997875670224,-165.89836720723397
12000,-29.466730212310914,-46.73108253671761,-165.91148886826784
12001,-29.476997770180056,-46.74216706032671,-165.92461036719595
12002,-29.487265683499093,-46.75325144652846,-165.93773170406124
12003,-29.497533952163117,-46.76433569535381,-165.95085287890657
12004,-29.507802576067256,-46.77541980683369,-165.96397389177483
12005,-29.518071555106673,-46.786503780999034,-165.97709474270886
12006,-29.52834088917656,-46.79758761788077,-165.99021543175152
12007,-29.538610578172158,-46.808671317509834,-166.00333595894563
12008,-29.54888062198873,-46.819754879917134,-166.01645632433403
12009,-29.559151020521576,-46.830838305133604,-166.0295765279595
12010,-29.569421773666036,-46.84192159319015,-166.0426965698649
12011,-29.57969288131748,-46.85300474411769,-166.05581645009292
12012,-29.589964343371317,-46.86408775794713,-166.06893616868638
12013,-29.600236159722986,-46.875170634709384,-166.082055725688
12014,-29.610508330267965,-46.886253374435356,-166.09517512114058
12015,-29.620780854901763,-46.89733597715593,-166.1082943550868
12016,-29.631053733519927,-46.908418442902025,-166.12141342756937
12017,-29.64132696601804,-46.91950077170451,-166.134532338631
12018,-29.65160055229171,-46.9305829635943,-166.14765108831438
12019,-29.661874492236596,-46.94166501860226,-166.16076967666217
12020,-29.672148785748377,-46.952746936759276,-166.17388810371705
12021,-29.682423432722775,-46.96382871809624,-166.18700636952164
12022,-29.692698433055543,-46.97491036264401,-166.2001244741186
12023,-29.70297378664247,-46.98599187043347,-166.21324241755056
12024,-29.713249493379383,-46.99707324149549,-166.2263601998601
12025,-29.723525553162137,-47.00815447586094,-166.2394778210898
12026,-29.733801965886624,-47.01923557356067,-166.25259528128225
12027,-29.744078731448774,-47.03031653462555,-166.26571258048003
12028,-29.754355849744545,-47.041397359086425,-166.2788297187257
12029,-29.76463332066994,-47.05247804697416,-166.29194669606176
12030,-29.77491114412099,-47.063558598319595,-166.30506351253078
12031,-29.785189319993755,-47.07463901315358,-166.31818016817525
12032,-29.79546784818434,-47.08571929150695,-166.33129666303768
12033,-29.805746728588883,-47.096799433410546,-166.34441299716053
12034,-29.81602596110355,-47.10787943889521,-166.3575291705863
12035,-29.826305545624543,-47.118959307991766,-166.37064518335745
12036,-29.836585482048104,-47.13003904073104,-166.38376103551641
12037,-29.846865770270508,-47.14111863714387,-166.39687672710565
12038,-29.857146410188065,-47.15219809726106,-166.40999225816753
12039,-29.867427401697114,-47.16327742111345,-166.4231076287445
12040,-29.877708744694033,-47.174356608731834,-166.43622283887896
12041,-29.88799043907523,-47.18543566014703,-166.44933788861326
12042,-29.89827248473716,-47.19651457538985,-166.46245277798977
12043,-29.908554881576297,-47.20759335449109,-166.47556750705084
12044,-29.918837629489158,-47.21867199748156,-166.48868207583885
12045,-29.929120728372293,-47.229750504392044,-166.5017964843961
12046,-29.939404178122285,-47.24082887525335,-166.5149107327649
12047,-29.94968797863575,-47.251907110096255,-166.52802482098753
12048,-29.959972129809348,-47.262985208951555,-166.5411387491063
12049,-29.970256631539762,-47.27406317185003,-166.5542525171635
12050,-29.980541483723712,-47.28514099882246,-166.56736612520135
12051,-29.990826686257957,-47.296218689899625,-166.58047957326212
12052,-30.001112239039287,-47.30729624511229,-166.59359286138806
12053,-30.011398141964527,-47.318373664491226,-166.6067059896214
12054,-30.021684394930535,-47.329450948067205,-166.6198189580043
12055,-30.031970997834208,-47.34052809587098,-166.63293176657896
12056,-30.04225795057247,-47.35160510793332,-166.6460444153876
12057,-30.052545253042286,-47.36268198428497,-166.65915690447235
12058,-30.062832905140652,-47.37375872495669,-166.6722692338754
12059,-30.073120906764597,-47.38483532997922,-166.68538140363887
12060,-30.083409257811187,-47.395911799383306,-166.6984934138049
12061,-30.093697958177525,-47.40698813319969,-166.7116052644156
12062,-30.10398700776074,-47.418064331459114,-166.72471695551306
12063,-30.114276406458004,-47.42914039419231,-166.73782848713938
12064,-30.124566154166516,-47.44021632143,-166.75093985933663
12065,-30.134856250783514,-47.45129211320292,-166.76405107214688
12066,-30.145146696206268,-47.46236776954179,-166.77716212561216
12067,-30.155437490332083,-47.473443290477334,-166.79027301977453
12068,-30.1657286330583,-47.48451867604026,-166.80338375467602
12069,-30.176020124282292,-47.495593926261286,-166.8164943303586
12070,-30.186311963901463,-47.50666904117112,-166.8296047468643
12071,-30.196604151813258,-47.51774402080047,-166.84271500423512
12072,-30.206896687915155,-47.528818865180035,-166.855825102513
12073,-30.217189572104658,-47.53989357434051,-166.8689350417399
12074,-30.227482804279315,-47.55096814831259,-166.88204482195775
12075,-30.237776384336705,-47.562042587126975,-166.8951544432085
12076,-30.24807031217444,-47.57311689081434,-166.90826390553406
12077,-30.258364587690167,-47.58419105940538,-166.92137320897635
12078,-30.268659210781564,-47.59526509293077,-166.93448235357724
12079,-30.27895418134635,-47.60633899142118,-166.94759133937862
12080,-30.28924949928227,-47.6174127549073,-166.96070016642236
12081,-30.29954516448711,-47.628486383419784,-166.97380883475032
12082,-30.309841176858683,-47.6395598769893,-166.98691734440433
12083,-30.320137536294844,-47.65063323564652,-167.00002569542622
12084,-30.330434242693475,-47.661706459422085,-167.01313388785778
12085,-30.340731295952498,-47.67277954834667,-167.02624192174082
12086,-30.351028695969866,-47.68385250245091,-167.03934979711715
12087,-30.361326442643563,-47.69492532176546,-167.05245751402853
12088,-30.37162453587161,-47.70599800632097,-167.0655650725167
12089,-30.381922975552065,-47.717070556148066,-167.07867247262345
12090,-30.392221761583016,-47.72814297127739,-167.09177971439047
12091,-30.402520893862587,-47.73921525173959,-167.1048867978595
12092,-30.412820372288934,-47.75028739756527,-167.11799372307226
12093,-30.423120196760248,-47.761359408785076,-167.13110049007045
12094,-30.433420367174755,-47.77243128542962,-167.14420709889572
12095,-30.44372088343071,-47.78350302752952,-167.15731354958976
12096,-30.45402174542641,-47.794574635115396,-167.17041984219424
12097,-30.464322953060176,-47.80564610821786,-167.18352597675076
12098,-30.474624506230374,-47.816717446867514,-167.196631953301
12099,-30.484926404835395,-47.82778865109496,-167.20973777188655
12100,-30.49522864877367,-47.83885972093081,-167.222843432549
12101,-30.505531237943657,-47.849930656405654,-167.23594893533
12102,-30.515834172243856,-47.86100145755008,-167.24905428027105
12103,-30.526137451572794,-47.872072124394684,-167.26215946741377
12104,-30.536441075829035,-47.883142656970044,-167.27526449679968
12105,-30.546745044911177,-47.89421305530674,-167.28836936847034
12106,-30.55704935871785,-47.90528331943536,-167.30147408246728
12107,-30.56735401714772,-47.91635344938648,-167.314578638832
12108,-30.577659020099485,-47.927423445190655,-167.327683037606
12109,-30.587964367471876,-47.93849330687846,-167.34078727883076
12110,-30.598270059163664,-47.94956303448046,-167.35389136254778
12111,-30.608576095073644,-47.96063262802722,-167.3669952887985
12112,-30.61888247510065,-47.97170208754928,-167.38009905762436
12113,-30.629189199143553,-47.9827714130772,-167.39320266906682
12114,-30.63949626710125,-47.993840604641534,-167.4063061231673
12115,-30.649803678872676,-48.004909662272816,-167.4194094199672
12116,-30.6601114343568,-48.015978586001594,-167.4325125595079
12117,-30.670419533452627,-48.0270473758584,-167.44561554183082
12118,-30.680727976059188,-48.03811603187378,-167.4587183669773
12119,-30.691036762075555,-48.049184554078245,-167.47182103498872
12120,-30.701345891400834,-48.06025294250233,-167.4849235459064
12121,-30.711655363934156,-48.07132119717656,-167.4980258997717
12122,-30.721965179574696,-48.08238931813145,-167.5111280966259
12123,-30.732275338221655,-48.09345730539751,-167.52423013651034
12124,-30.74258583977427,-48.10452515900525,-167.5373320194663
12125,-30.752896684131816,-48.11559287898518,-167.55043374553506
12126,-30.763207871193593,-48.12666046536781,-167.56353531475787
12127,-30.77351940085894,-48.137727918183636,-167.576636727176
12128,-30.783831273027232,-48.14879523746315,-167.5897379828307
12129,-30.79414348759787,-48.15986242323684,-167.60283908176322
12130,-30.8044560444703,-48.1709294755352,-167.61594002401472
12131,-30.81476894354399,-48.18199639438872,-167.62904080962642
12132,-30.825082184718443,-48.19306317982787,-167.64214143863953
12133,-30.835395767893203,-48.20412983188313,-167.6552419110952
12134,-30.84570969296784,-48.215196350584975,-167.66834222703463
12135,-30.856023959841963,-48.22626273596387,-167.68144238649893
12136,-30.86633856841521,-48.23732898805029,-167.69454238952926
12137,-30.876653518587254,-48.248395106874675,-167.70764223616675
12138,-30.886968810257805,-48.259461092467504,-167.72074192645252
12139,-30.8972844433266,-48.27052694485922,-167.73384146042764
12140,-30.907600417693416,-48.28159266408028,-167.7469408381332
12141,-30.917916733258057,-48.292658250161125,-167.7600400596103
12142,-30.92823338992036,-48.3037237031322,-167.77313912489998
12143,-30.938550387580207,-48.314789023023934,-167.7862380340433
12144,-30.9488677261375,-48.325854209866776,-167.79933678708127
12145,-30.959185405492182,-48.33691926369115,-167.81243538405496
12146,-30.969503425544225,-48.34798418452748,-167.82553382500535
12147,-30.979821786193636,-48.3590489724062,-167.83863210997345
12148,-30.990140487340458,-48.37011362735772,-167.8517302390002
12149,-31.000459528884765,-48.38117814941245,-167.8648282121266
12150,-31.01077891072666,-48.39224253860081,-167.87792602939365
12151,-31.02109863276629,-48.40330679495321,-167.89102369084225
12152,-31.031418694903824,-48.41437091850005,-167.90412119651333
12153,-31.04173909703947,-48.42543490927172,-167.91721854644783
12154,-31.052059839073472,-48.43649876729864,-167.93031574068664
12155,-31.0623809209061,-48.447562492611176,-167.94341277927066
12156,-31.072702342437665,-48.458626085239736,-167.95650966224076
12157,-31.083024103568505,-48.4696895452147,-167.96960638963782
12158,-31.09334620419899,-48.48075287256644,-167.9827029615027
12159,-31.103668644229533,-48.49181606732534,-167.99579937787624
12160,-31.11399142356057,-48.50287912952177,-168.00889563879926
12161,-31.124314542092574,-48.51394205918611,-168.0219917443126
12162,-31.134637999726053,-48.5250048563487,-168.03508769445705
12163,-31.144961796361546,-48.536067521039925,-168.0481834892734
12164,-31.155285931899623,-48.54713005329013,-168.06127912880245
12165,-31.165610406240894,-48.55819245312968,-168.07437461308496
12166,-31.175935219285996,-48.56925472058891,-168.08746994216165
12167,-31.186260370935603,-48.58031685569817,-168.10056511607328
12168,-31.196585861090416,-48.59137885848781,-168.1136601348606
12169,-31.206911689651175,-48.60244072898816,-168.1267549985643
12170,-31.217237856518654,-48.61350246722955,-168.1398497072251
12171,-31.227564361593657,-48.624564073242325,-168.1529442608837
12172,-31.23789120477702,-48.6356255470568,-168.16603865958072
12173,-31.248218385969615,-48.64668688870329,-168.17913290335687
12174,-31.258545905072346,-48.65774809821213,-168.1922269922528
12175,-31.268873761986146,-48.668809175613625,-168.20532092630916
12176,-31.27920195661199,-48.679870120938084,-168.21841470556654
12177,-31.289530488850875,-48.690930934215814,-168.2315083300656
12178,-31.299859358603843,-48.70199161547712,-168.2446017998469
12179,-31.31018856577196,-48.7130521647523,-168.25769511495105
12180,-31.320518110256327,-48.72411258207164,-168.27078827541862
12181,-31.33084799195808,-48.735172867465444,-168.28388128129018
12182,-31.341178210778388,-48.74623302096399,-168.29697413260627
12183,-31.35150876661845,-48.75729304259757,-168.31006682940745
12184,-31.361839659379505,-48.768352932396446,-168.32315937173422
12185,-31.372170888962813,-48.779412690390906,-168.3362517596271
12186,-31.382502455269677,-48.790472316611215,-168.34934399312658
12187,-31.392834358201426,-48.80153181108764,-168.36243607227317
12188,-31.403166597659432,-48.81259117385045,-168.37552799710733
12189,-31.413499173545087,-48.82365040492989,-168.38861976766952
12190,-31.423832085759827,-48.83470950435623,-168.40171138400018
12191,-31.43416533420511,-48.84576847215972,-168.41480284613976
12192,-31.44449891878244,-48.85682730837059,-168.4278941541287
12193,-31.454832839393344,-48.867886013019096,-168.44098530800738
12194,-31.465167095939385,-48.878944586135475,-168.45407630781622
12195,-31.475501688322158,-48.89000302774996,-168.4671671535956
12196,-31.48583661644329,-48.90106133789279,-168.4802578453859
12197,-31.496171880204447,-48.91211951659418,-168.49334838322744
12198,-31.506507479507317,-48.92317756388436,-168.50643876716063
12199,-31.51684341425363,-48.93423547979354,-168.51952899722576
12200,-31.527179684345143,-48.94529326435195,-168.53261907346317
12201,-31.53751628968365,-48.956350917589795,-168.54570899591317
12202,-31.547853230170983,-48.96740843953727,-168.55879876461606
12203,-31.55819050570899,-48.97846583022459,-168.57188837961212
12204,-31.568528116199566,-48.98952308968195,-168.58497784094163
12205,-31.578866061544634,-49.00058021793954,-168.59806714864484
12206,-31.58920434164615,-49.01163721502756,-168.611156302762
12207,-31.5995429564061,-49.022694080976194,-168.62424530333334
12208,-31.60988190572651,-49.03375081581562,-168.63733415039908
12209,-31.620221189509433,-49.044807419576024,-168.65042284399945
12210,-31.630560807656956,-49.05586389228757,-168.66351138417463
12211,-31.640900760071194,-49.06692023398043,-168.6765997709648
12212,-31.651241046654302,-49.07797644468478,-168.68968800441016
12213,-31.661581667308468,-49.08903252443077,-168.70277608455083
12214,-31.671922621935906,-49.10008847324857,-168.715864011427
12215,-31.682263910438866,-49.11114429116833,-168.72895178507875
12216,-31.692605532719632,-49.122199978220195,-168.74203940554625
12217,-31.70294748868052,-49.13325553443432,-168.7551268728696
12218,-31.713289778223874,-49.14431095984084,-168.7682141870889
12219,-31.72363240125208,-49.15536625446989,-168.7813013482442
12220,-31.733975357667546,-49.16642141835161,-168.7943883563756
12221,-31.744318647372722,-49.177476451516135,-168.80747521152318
12222,-31.754662270270085,-49.18853135399358,-168.82056191372695
12223,-31.76500622626214,-49.19958612581407,-168.83364846302695
12224,-31.77535051525144,-49.210640767007725,-168.8467348594632
12225,-31.78569513714055,-49.22169527760465,-168.85982110307572
12226,-31.796040091832086,-49.23274965763497,-168.8729071939045
12227,-31.806385379228686,-49.24380390712878,-168.88599313198952
12228,-31.816730999233023,-49.25485802611618,-168.89907891737076
12229,-31.827076951747806,-49.26591201462727,-168.9121645500882
12230,-31.837423236675768,-49.27696587269214,-168.92525003018173
12231,-31.847769853919683,-49.28801960034088,-168.93833535769133
12232,-31.85811680338235,-49.29907319760358,-168.9514205326569
12233,-31.86846408496661,-49.31012666451032,-168.96450555511836
12234,-31.87881169857533,-49.32118000109117,-168.9775904251156
12235,-31.889159644111405,-49.332233207376206,-168.99067514268853
12236,-31.89950792147777,-49.34328628339549,-169.00375970787698
12237,-31.909856530577393,-49.3543392291791,-169.01684412072083
12238,-31.92020547131327,-49.36539204475708,-169.02992838125994
12239,-31.93055474358843,-49.3764447301595,-169.04301248953414
12240,-31.940904347305935,-49.3874972854164,-169.05609644558322
12241,-31.95125428236888,-49.39854971055784,-169.06918024944702
12242,-31.96160454868039,-49.40960200561385,-169.08226390116533
12243,-31.971955146143628,-49.420654170614476,-169.09534740077794
12244,-31.982306074661786,-49.431706205589755,-169.10843074832462
12245,-31.992657334138084,-49.44275811056971,-169.12151394384512
12246,-32.00300892447578,-49.453809885584384,-169.13459698737918
12247,-32.01336084557816,-49.46486153066378,-169.14767987896658
12248,-32.02371309734855,-49.475913045837935,-169.160762618647
12249,-32.03406567969029,-49.48696443113685,-169.17384520646016
12250,-32.04441859250679,-49.498015686590534,-169.18692764244577
12251,-32.05477183570144,-49.509066812229,-169.2000099266435
12252,-32.0651254091777,-49.520117808082254,-169.21309205909301
12253,-32.075479312839065,-49.531168674180286,-169.226174039834
12254,-32.08583354658903,-49.542219410553095,-169.2392558689061
12255,-32.09618811033115,-49.553270017230666,-169.25233754634894
12256,-32.106543003969,-49.564320494242985,-169.26541907220215
12257,-32.116898227406196,-49.575370841620035,-169.27850044650532
12258,-32.127253780546376,-49.58642105939179,-169.29158166929807
12259,-32.13760966329322,-49.59747114758822,-169.30466274062
12260,-32.147965875550426,-49.6085211062393,-169.31774366051064
12261,-32.15832241722174,-49.619570935374995,-169.3308244290096
12262,-32.16867928821093,-49.63062063502526,-169.34390504615638
12263,-32.17903648842181,-49.64167020522005,-169.35698551199056
12264,-32.189394017758204,-49.65271964598932,-169.37006582655164
12265,-32.19975187612398,-49.66376895736302,-169.38314598987915
12266,-32.210110063423045,-49.674818139371084,-169.39622600201258
12267,-32.22046857955932,-49.68586719204346,-169.40930586299143
12268,-32.23082742443678,-49.69691611541008,-169.42238557285515
12269,-32.24118659795942,-49.70796490950088,-169.4354651316432
12270,-32.25154610003126,-49.71901357434577,-169.44854453939507
12271,-32.26190593055637,-49.73006210997469,-169.46162379615018
12272,-32.27226608943883,-49.74111051641755,-169.47470290194795
12273,-32.28262657658277,-49.75215879370426,-169.48778185682778
12274,-32.29298739189235,-49.76320694186474,-169.5008606608291
12275,-32.30334853527176,-49.774254960928886,-169.51393931399127
12276,-32.31371000662521,-49.785302850926605,-169.5270178163537
12277,-32.32407180585695,-49.79635061188779,-169.5400961679557
12278,-32.33443393287128,-49.807398243842336,-169.5531743688367
12279,-32.3447963875725,-49.81844574682013,-169.56625241903598
12280,-32.35515916986497,-49.829493120851055,-169.5793303185929
12281,-32.36552227965306,-49.84054036596499,-169.59240806754676
12282,-32.37588571684118,-49.85158748219182,-169.60548566593687
12283,-32.386249481333785,-49.8626344695614,-169.6185631138025
12284,-32.396613573035346,-49.87368132810361,-169.63164041118296
12285,-32.40697799185037,-49.88472805784831,-169.6447175581175
12286,-32.41734273768339,-49.89577465882535,-169.65779455464536
12287,-32.42770781043899,-49.9068211310646,-169.6708714008058
12288,-32.438073210021756,-49.9178674745959,-169.68394809663803
12289,-32.44843893633633,-49.9289136894491,-169.6970246421813
12290,-32.45880498928739,-49.93995977565403,-169.7101010374748
12291,-32.46917136877962,-49.95100573324054,-169.7231772825577
12292,-32.47953807471775,-49.962051562238464,-169.73625337746924
12293,-32.48990510700655,-49.97309726267762,-169.74932932224854
12294,-32.500272465550815,-49.984142834587836,-169.76240511693476
12295,-32.51064015025536,-49.995188277998935,-169.77548076156705
12296,-32.52100816102505,-50.00623359294073,-169.78855625618453
12297,-32.531376497764775,-50.01727877944304,-169.80163160082634
12298,-32.54174516037945,-50.028323837535666,-169.81470679553158
12299,-32.55211414877403,-50.03936876724841,-169.82778184033936
12300,-32.56248346285351,-50.05041356861107,-169.84085673528872
12301,-32.572853102522885,-50.06145824165344,-169.85393148041877
12302,-32.58322306768722,-50.072502786405316,-169.86700607576856
12303,-32.59359335825159,-50.083547202896476,-169.88008052137712
12304,-32.6039639741211,-50.094591491156706,-169.89315481728352
12305,-32.6143349152009,-50.105635651215785,-169.90622896352673
12306,-32.624706181396164,-50.11667968310348,-169.9193029601458
12307,-32.63507777261209,-50.127723586849555,-169.93237680717974
12308,-32.64544968875393,-50.13876736248379,-169.9454505046675
12309,-32.65582192972694,-50.14981101003593,-169.95852405264804
12310,-32.66619449543643,-50.16085452953574,-169.97159745116036
12311,-32.67656738578772,-50.17189792101297,-169.98467070024338
12312,-32.686940600686185,-50.18294118449736,-169.99774379993607
12313,-32.69731414003722,-50.19398432001866,-170.01081675027734
12314,-32.70768800374625,-50.2050273276066,-170.0238895513061
12315,-32.71806219171874,-50.21607020729092,-170.03696220306122
12316,-32.72843670386017,-50.22711295910135,-170.05003470558162
12317,-32.738811540076064,-50.23815558306761,-170.06310705890618
12318,-32.749186700271984,-50.249198079219425,-170.07617926307375
12319,-32.759562184353506,-50.26024044758651,-170.08925131812322
12320,-32.769937992226254,-50.27128268819858,-170.10232322409337
12321,-32.78031412379587,-50.28232480108534,-170.11539498102306
12322,-32.79069057896804,-50.293366786276486,-170.1284665889511
12323,-32.80106735764847,-50.30440864380173,-170.1415380479163
12324,-32.8114444597429,-50.31545037369076,-170.15460935795744
12325,-32.821821885157114,-50.32649197597326,-170.1676805191133
12326,-32.83219963379691,-50.33753345067893,-170.18075153142266
12327,-32.842577705568125,-50.34857479783744,-170.19382239492427
12328,-32.85295610037663,-50.35961601747848,-170.20689310965687
12329,-32.86333481812832,-50.37065710963171,-170.2199636756592
12330,-32.87371385872913,-50.3816980743268,-170.23303409296994
12331,-32.88409322208503,-50.39273891159341,-170.24610436162786
12332,-32.894472908102,-50.40377962146121,-170.2591744816716
12333,-32.904852916686075,-50.414820203959856,-170.27224445313988
12334,-32.91523324774331,-50.42586065911899,-170.28531427607135
12335,-32.92561390117979,-50.43690098696826,-170.29838395050467
12336,-32.93599487690163,-50.44794118753732,-170.3114534764785
12337,-32.94637617481499,-50.45898126085579,-170.32452285403147
12338,-32.95675779482605,-50.47002120695332,-170.33759208320217
12339,-32.96713973684103,-50.481061025859525,-170.35066116402925
12340,-32.97752200076616,-50.49210071760403,-170.36373009655128
12341,-32.987904586507725,-50.503140282216464,-170.37679888080686
12342,-32.99828749397203,-50.51417971972644,-170.38986751683458
12343,-33.008670723065414,-50.52521903016357,-170.402936004673
12344,-33.019054273694245,-50.53625821355745,-170.41600434436063
12345,-33.02943814576493,-50.5472972699377,-170.42907253593603
12346,-33.03982233918389,-50.55833619933391,-170.44214057943773
12347,-33.0502068538576,-50.56937500177567,-170.45520847490425
12348,-33.06059168969256,-50.58041367729257,-170.4682762223741
12349,-33.07097684659528,-50.591452225914196,-170.48134382188576
12350,-33.08136232447232,-50.60249064767013,-170.49441127347768
12351,-33.09174812323028,-50.613528942589944,-170.50747857718838
12352,-33.102134242775776,-50.62456711070322,-170.52054573305628
12353,-33.112520683015454,-50.63560515203951,-170.5336127411198
12354,-33.12290744385599,-50.646643066628386,-170.54667960141742
12355,-33.133294525204114,-50.657680854499404,-170.55974631398755
12356,-33.14368192696656,-50.668718515682116,-170.57281287886855
12357,-33.1540696490501,-50.67975605020607,-170.58587929609885
12358,-33.16445769136155,-50.69079345810082,-170.59894556571683
12359,-33.17484605380774,-50.701830739395895,-170.61201168776086
12360,-33.18523473629554,-50.71286789412084,-170.6250776622693
12361,-33.195623738731854,-50.72390492230518,-170.63814348928048
12362,-33.20601306102361,-50.734941823978446,-170.65120916883276
12363,-33.21640270307777,-50.74597859917016,-170.66427470096446
12364,-33.22679266480132,-50.757015247909834,-170.67734008571387
12365,-33.2371829461013,-50.76805177022699,-170.69040532311928
12366,-33.24757354688475,-50.77908816615113,-170.703470413219
12367,-33.25796446705877,-50.79012443571177,-170.7165353560513
12368,-33.268355706530464,-50.80116057893839,-170.72960015165444
12369,-33.27874726520699,-50.81219659586051,-170.74266480006668
12370,-33.289139142995516,-50.82323248650761,-170.75572930132626
12371,-33.299531339803266,-50.83426825090917,-170.76879365547137
12372,-33.30992385553748,-50.84530388909468,-170.78185786254028
12373,-33.320316690105415,-50.85633940109362,-170.79492192257115
12374,-33.33070984341439,-50.86737478693546,-170.80798583560218
12375,-33.34110331537173,-50.87841004664966,-170.82104960167158
12376,-33.3514971058848,-50.8894451802657,-170.83411322081747
12377,-33.361891214861004,-50.90048018781304,-170.84717669307804
12378,-33.37228564220776,-50.91151506932112,-170.86024001849142
12379,-33.38268038783253,-50.9225498248194,-170.87330319709574
12380,-33.3930754516428,-50.93358445433733,-170.88636622892912
12381,-33.403470833546095,-50.944618957904346,-170.8994291140297
12382,-33.41386653344996,-50.95565333554988,-170.91249185243552
12383,-33.42426255126198,-50.96668758730338,-170.9255544441847
12384,-33.434658886889764,-50.97772171319426,-170.9386168893153
12385,-33.44505554024096,-50.988755713251955,-170.9516791878654
12386,-33.45545251122323,-50.99978958750588,-170.96474133987303
12387,-33.46584979974429,-51.01082333598545,-170.97780334537623
12388,-33.476247405711874,-51.02185695872007,-170.990865204413
12389,-33.48664532903374,-51.03289045573916,-171.0039269170214
12390,-33.497043569617695,-51.0439238270721,-171.0169884832394
12391,-33.50744212737156,-51.0549570727483,-171.030049903105
12392,-33.5178410022032,-51.06599019279715,-171.0431111766562
12393,-33.5282401940205,-51.077023187248045,-171.05617230393094
12394,-33.53863970273138,-51.088056056130355,-171.06923328496717
12395,-33.549039528243796,-51.09908879947347,-171.08229411980284
12396,-33.55943967046572,-51.11012141730676,-171.09535480847586
12397,-33.56984012930517,-51.12115390965959,-171.10841535102418
12398,-33.58024090467019,-51.13218627656133,-171.1214757474857
12399,-33.590641996468854,-51.14321851804134,-171.1345359978983
12400,-33.601043404609264,-51.15425063412897,-171.14759610229987
12401,-33.611445128999556,-51.16528262485358,-171.1606560607283
12402,-33.62184716954789,-51.176314490244515,-171.1737158732214
12403,-33.632249526162475,-51.187346230331116,-171.18677553981706
12404,-33.64265219875153,-51.19837784514272,-171.1998350605531
12405,-33.65305518722331,-51.20940933470867,-171.21289443546738
12406,-33.663458491486104,-51.22044069905827,-171.22595366459768
12407,-33.67386211144824,-51.23147193822087,-171.2390127479818
12408,-33.684266047018056,-51.24250305222578,-171.25207168565754
12409,-33.69467029810394,-51.25353404110231,-171.26513047766267
12410,-33.705074864614296,-51.26456490487978,-171.27818912403492
12411,-33.715479746457575,-51.27559564358748,-171.2912476248121
12412,-33.72588494354224,-51.286626257254724,-171.3043059800319
12413,-33.736290455776796,-51.297656745910814,-171.3173641897321
12414,-33.746696283069774,-51.30868710958503,-171.33042225395042
12415,-33.75710242532974,-51.31971734830667,-171.34348017272453
12416,-33.76750888246529,-51.330747462105,-171.35653794609212
12417,-33.77791565438505,-51.341777451009314,-171.3695955740909
12418,-33.788322740997664,-51.352807315048885,-171.38265305675856
12419,-33.79873014221183,-51.363837054252976,-171.3957103941327
12420,-33.80913785793626,-51.37486666865085,-171.408767586251
12421,-33.819545888079695,-51.38589615827178,-171.42182463315112
12422,-33.82995423255092,-51.396925523145,-171.43488153487064
12423,-33.840362891258735,-51.40795476329978,-171.4479382914472
12424,-33.850771864111984,-51.41898387876535,-171.4609949029184
12425,-33.86118115101954,-51.43001286957097,-171.4740513693218
12426,-33.87159075189029,-51.44104173574587,-171.48710769069504
12427,-33.88200066663317,-51.452070477319275,-171.50016386707563
12428,-33.892410895157134,-51.46309909432042,-171.51321989850112
12429,-33.90282143737117,-51.47412758677853,-171.5262757850091
12430,-33.913232293184315,-51.48515595472282,-171.53933152663706
12431,-33.9236434625056,-51.496184198182505,-171.55238712342253
12432,-33.93405494524412,-51.50721231718679,-171.565442575403
12433,-33.94446674130898,-51.518240311764885,-171.578497882616
12434,-33.95487885060932,-51.52926818194599,-171.591553045099
12435,-33.96529127305431,-51.540295927759296,-171.60460806288947
12436,-33.975704008553166,-51.551323549234,-171.61766293602489
12437,-33.98611705701511,-51.56235104639928,-171.6307176645427
12438,-33.9965304183494,-51.573378419284325,-171.6437722484803
12439,-34.006944092465346,-51.58440566791831,-171.65682668787517
12440,-34.017358079272256,-51.595432792330406,-171.66988098276468
12441,-34.027772378679494,-51.606459792549785,-171.68293513318625
12442,-34.03818699059644,-51.61748666860561,-171.69598913917727
12443,-34.048601914932505,-51.62851342052703,-171.70904300077513
12444,-34.05901715159714,-51.63954004834321,-171.72209671801718
12445,-34.06943270049982,-51.65056655208329,-171.7351502909408
12446,-34.07984856155004,-51.661592931776426,-171.7482037195833
12447,-34.09026473465734,-51.67261918745175,-171.76125700398205
12448,-34.10068121973129,-51.6836453191384,-171.77431014417434
12449,-34.11109801668149,-51.6946713268655,-171.7873631401975
12450,-34.12151512541755,-51.70569721066219,-171.8004159920888
12451,-34.13193254584914,-51.716722970557576,-171.81346869988556
12452,-34.14235027788594,-51.72774860658078,-171.82652126362504
12453,-34.15276832143767,-51.73877411876092,-171.8395736833445
12454,-34.16318667641407,-51.7497995071271,-171.8526259590812
12455,-34.173605342724926,-51.76082477170842,-171.86567809087236
12456,-34.18402432028004,-51.77184991253398,-171.87873007875524
12457,-34.19444360898924,-51.78287492963287,-171.89178192276705
12458,-34.204863208762404,-51.79389982303418,-171.90483362294498
12459,-34.21528311950943,-51.804924592767,-171.91788517932622
12460,-34.22570334114024,-51.815949238860405,-171.93093659194795
12461,-34.23612387356479,-51.82697376134347,-171.94398786084736
12462,-34.24654471669307,-51.83799816024526,-171.9570389860616
12463,-34.2569658704351,-51.849022435594854,-171.9700899676278
12464,-34.26738733470093,-51.860046587421294,-171.98314080558313
12465,-34.27780910940062,-51.87107061575365,-171.9961914999647
12466,-34.2882311944443,-51.88209452062097,-172.00924205080963
12467,-34.298653589742095,-51.893118302052294,-172.022292458155
12468,-34.30907629520417,-51.90414196007667,-172.0353427220379
12469,-34.31949931074073,-51.91516549472314,-172.04839284249545
12470,-34.329922636262,-51.926188906020734,-172.06144281956466
12471,-34.34034627167823,-51.93721219399847,-172.07449265328262
12472,-34.35077021689971,-51.94823535868538,-172.08754234368635
12473,-34.36119447183677,-51.959258400110485,-172.1005918908129
12474,-34.37161903639974,-51.970281318302796,-172.11364129469928
12475,-34.382043910499014,-51.981304113291316,-172.1266905553825
12476,-34.39246909404498,-51.99232678510506,-172.13973967289957
12477,-34.40289458694809,-52.003349333773016,-172.15278864728745
12478,-34.41332038911881,-52.014371759324185,-172.16583747858314
12479,-34.42374650046763,-52.02539406178756,-172.1788861668236
12480,-34.43417292090508,-52.03641624119212,-172.19193471204574
12481,-34.44459965034171,-52.04743829756685,-172.20498311428656
12482,-34.455026688688115,-52.058460230940725,-172.21803137358296
12483,-34.46545403585491,-52.06948204134272,-172.23107948997185
12484,-34.47588169175274,-52.080503728801794,-172.24412746349014
12485,-34.48630965629228,-52.09152529334691,-172.25717529417474
12486,-34.49673792938423,-52.10254673500703,-172.27022298206253
12487,-34.507166510939335,-52.11356805381111,-172.28327052719038
12488,-34.51759540086836,-52.12458924978809,-172.29631792959512
12489,-34.52802459908209,-52.13561032296691,-172.30936518931364
12490,-34.538454105491354,-52.14663127337652,-172.32241230638274
12491,-34.548883920007015,-52.15765210104585,-172.33545928083927
12492,-34.559314042539945,-52.16867280600382,-172.34850611272003
12493,-34.569744473001066,-52.17969338827936,-172.36155280206182
12494,-34.580175211301324,-52.1907138479014,-172.37459934890146
12495,-34.59060625735169,-52.20173418489884,-172.38764575327568
12496,-34.60103761106316,-52.21275439930059,-172.40069201522127
12497,-34.61146927234678,-52.223774491135565,-172.413738134775
12498,-34.621901241113605,-52.23479446043266,-172.4267841119736
12499,-34.63233351727472,-52.24581430722077,-172.43982994685382
12500,-34.64276610074126,-52.25683403152878,-172.45287563945237
12501,-34.653198991424375,-52.26785363338559,-172.46592118980598
12502,-34.66363218923524,-52.27887311282007,-172.4789665979513
12503,-34.674065694085066,-52.28989246986111,-172.4920118639251
12504,-34.6844995058851,-52.30091170453756,-172.50505698776396
12505,-34.69493362454661,-52.31193081687831,-172.5181019695046
12506,-34.70536804998089,-52.322949806912206,-172.5311468091837
12507,-34.71580278209928,-52.333968674668114,-172.54419150683785
12508,-34.72623782081313,-52.34498742017489,-172.55723606250368
12509,-34.73667316603384,-52.35600604346137,-172.57028047621785
12510,-34.74710881767281,-52.36702454455641,-172.58332474801693
12511,-34.757544775641506,-52.378042923488835,-172.59636887793755
12512,-34.76798103985139,-52.38906118028749,-172.60941286601627
12513,-34.778417610213985,-52.4000793149812,-172.62245671228968
12514,-34.788854486640815,-52.41109732759879,-172.63550041679432
12515,-34.799291669043455,-52.422115218169075,-172.64854397956677
12516,-34.80972915733349,-52.43313298672088,-172.66158740064355
12517,-34.82016695142256,-52.444150633283,-172.6746306800612
12518,-34.8306050512223,-52.45516815788425,-172.68767381785622
12519,-34.84104345664441,-52.466185560553434,-172.70071681406515
12520,-34.851482167600594,-52.47720284131934,-172.71375966872446
12521,-34.861921184002604,-52.48822000021076,-172.72680238187064
12522,-34.87236050576221,-52.499237037256485,-172.73984495354014
12523,-34.88280013279121,-52.51025395248529,-172.75288738376946
12524,-34.893240065001436,-52.52127074592596,-172.76592967259504
12525,-34.90368030230475,-52.53228741760726,-172.7789718200533
12526,-34.91412084461304,-52.54330396755795,-172.79201382618066
12527,-34.92456169183823,-52.5543203958068,-172.80505569101356
12528,-34.93500284389226,-52.56533670238257,-172.81809741458838
12529,-34.94544430068712,-52.576352887314,-172.83113899694152
12530,-34.95588606213481,-52.58736895062985,-172.8441804381094
12531,-34.96632812814737,-52.59838489235886,-172.85722173812832
12532,-34.97677049863686,-52.60940071252976,-172.87026289703468
12533,-34.987213173515386,-52.6204164111713,-172.88330391486483
12534,-34.99765615269507,-52.631431988312194,-172.8963447916551
12535,-35.00809943608807,-52.64244744398117,-172.90938552744183
12536,-35.01854302360656,-52.65346277820694,-172.9224261222613
12537,-35.02898691516276,-52.66447799101824,-172.93546657614985
12538,-35.039431110668914,-52.67549308244375,-172.94850688914374
12539,-35.04987561003729,-52.686508052512195,-172.96154706127928
12540,-35.060320413180186,-52.69752290125226,-172.9745870925927
12541,-35.070765520009935,-52.70853762869265,-172.9876269831203
12542,-35.0812109304389,-52.71955223486206,-173.00066673289828
12543,-35.09165664437947,-52.73056671978915,-173.01370634196292
12544,-35.102102661744055,-52.74158108350263,-173.0267458103504
12545,-35.11254898244511,-52.752595326031155,-173.03978513809696
12546,-35.12299560639511,-52.763609447403404,-173.0528243252388
12547,-35.13344253350655,-52.77462344764804,-173.0658633718121
12548,-35.14388976369199,-52.785637326793726,-173.07890227785305
12549,-35.154337296863964,-52.79665108486912,-173.0919410433978
12550,-35.16478513293509,-52.80766472190287,-173.10497966848254
12551,-35.17523327181797,-52.81867823792361,-173.11801815314337
12552,-35.185681713425275,-52.82969163296001,-173.13105649741644
12553,-35.196130457669675,-52.84070490704068,-173.14409470133788
12554,-35.20657950446388,-52.851718060194266,-173.1571327649438
12555,-35.217028853720635,-52.86273109244939,-173.1701706882703
12556,-35.2274785053527,-52.87374400383467,-173.18320847135348
12557,-35.23792845927287,-52.88475679437873,-173.19624611422938
12558,-35.24837871539398,-52.89576946411018,-173.2092836169341
12559,-35.25882927362888,-52.90678201305763,-173.22232097950368
12560,-35.26928013389046,-52.917794441249676,-173.23535820197418
12561,-35.27973129609163,-52.928806748714926,-173.24839528438162
12562,-35.290182760145335,-52.939818935481966,-173.26143222676203
12563,-35.30063452596454,-52.95083100157938,-173.27446902915142
12564,-35.31108659346226,-52.96184294703576,-173.28750569158578
12565,-35.32153896255151,-52.97285477187968,-173.30054221410109
12566,-35.33199163314535,-52.98386647613972,-173.31357859673335
12567,-35.34244460515688,-52.99487805984443,-173.32661483951853
12568,-35.3528978784992,-53.0058895230224,-173.33965094249254
12569,-35.36335145308547,-53.01690086570217,-173.35268690569137
12570,-35.37380532882886,-53.0279120879123,-173.36572272915095
12571,-35.38425950564257,-53.038923189681334,-173.37875841290716
12572,-35.394713983439836,-53.049934171037826,-173.39179395699594
12573,-35.40516876213392,-53.06094503201031,-173.40482936145318
12574,-35.41562384163811,-53.07195577262732,-173.41786462631478
12575,-35.42607922186573,-53.082966392917385,-173.4308997516166
12576,-35.43653490273012,-53.09397689290903,-173.44393473739453
12577,-35.446990884144675,-53.10498727263078,-173.4569695836844
12578,-35.45744716602279,-53.115997532111145,-173.47000429052207
12579,-35.46790374827789,-53.127007671378635,-173.48303885794337
12580,-35.47836063082345,-53.13801769046175,-173.4960732859841
12581,-35.48881781357297,-53.149027589389,-173.5091075746801
12582,-35.49927529643996,-53.160037368188874,-173.52214172406713
12583,-35.50973307933798,-53.171047026889866,-173.535175734181
12584,-35.520191162180595,-53.18205656552046,-173.5482096050575
12585,-35.53064954488143,-53.19306598410914,-173.5612433367324
12586,-35.54110822735411,-53.20407528268438,-173.57427692924142
