frame,Ux,Uy,Uz
0,200.00001096088468
1,200.0000218385634
2,200.0000326333029
3,200.00004334537076
4,200.00005397503517
5,200.00006452256545
6,200.00007498823152
7,200.00008537230408
8,200.00009567505472
9,200.0001058967559
10,200.00011603768058
11,200.0001260981028
12,200.00013607829726
13,200.00014597853948
14,200.00015579910567
15,200.00016554027292
16,200.00017520231907
17,200.00018478552283
18,200.00019429016342
19,200.0002037165212
20,200.00021306487702
21,200.00022233551246
22,200.0002315287101
23,200.00024064475323
24,200.00024968392577
25,200.0002586465124
26,200.00026753279877
27,200.00027634307105
28,200.00028507761618
29,200.00029373672197
30,200.00030232067692
31,200.00031082977037
32,200.0003192642921
33,200.00032762453296
34,200.00033591078443
35,200.00034412333864
36,200.00035226248855
37,200.0003603285277
38,200.00036832175067
39,200.0003762424524
40,200.00038409092883
41,200.00039186747645
42,200.00039957239244
43,200.00040720597482
44,200.0004147685225
45,200.0004222603345
46,200.000429681711
47,200.00043703295304
48,200.00044431436194
49,200.00045152623994
50,200.00045866888988
51,200.00046574261532
52,200.0004727477207
53,200.00047968451085
54,200.0004865532915
55,200.00049335436884
56,200.00050008805002
57,200.00050675464263
58,200.000513354455
59,200.00051988779632
60,200.0005263549761
61,200.00053275630486
62,200.00053909209362
63,200.0005453626539
64,200.00055156829816
65,200.00055770933932
66,200.00056378609113
67,200.0005697988679
68,200.00057574798436
69,200.0005816337563
70,200.0005874564999
71,200.00059321653188
72,200.0005989141699
73,200.00060454973192
74,200.0006101235369
75,200.00061563590404
76,200.0006210871534
77,200.00062647760555
78,200.00063180758178
79,200.0006370774039
80,200.00064228739436
81,200.0006474378762
82,200.00065252917307
83,200.00065756160942
84,200.00066253550978
85,200.0006674511999
86,200.00067230900567
87,200.00067710925381
88,200.0006818522714
89,200.00068653838645
90,200.00069116792716
91,200.00069574122261
92,200.00070025860222
93,200.00070472039624
94,200.0007091269352
95,200.00071347855035
96,200.00071777557363
97,200.00072201833717
98,200.000726207174
99,200.00073034241748
100,200.00073442440174
101,200.00073845346125
102,200.000742429931
103,200.00074635414668
104,200.0007502264445
105,200.0007540471611
106,200.0007578166337
107,200.00076153520007
108,200.00076520319843
109,200.00076882096752
110,200.00077238884674
111,200.0007759071758
112,200.000779376295
113,200.00078279654517
114,200.00078616826764
115,200.0007894918042
116,200.0007927674972
117,200.00079599568946
118,200.00079917672414
119,200.0008023109451
120,200.00080539869654
121,200.0008084403233
122,200.00081143617047
123,200.00081438658367
124,200.00081729190916
125,200.00082015249356
126,200.0008229686839
127,200.00082574082754
128,200.00082846927268
129,200.00083115436752
130,200.00083379646117
131,200.00083639590264
132,200.00083895304186
133,200.00084146822903
134,200.00084394181468
135,200.00084637414994
136,200.0008487655862
137,200.00085111647533
138,200.00085342716972
139,200.00085569802198
140,200.00085792938532
141,200.0008601216132
142,200.0008622750596
143,200.0008643900789
144,200.00086646702582
145,200.00086850625542
146,200.00087050812326
147,200.00087247298526
148,200.0008744011976
149,200.00087629311707
150,200.0008781491006
151,200.00087996950566
152,200.00088175468994
153,200.00088350501167
154,200.00088522082922
155,200.00088690250152
156,200.00088855038777
157,200.0008901648475
158,200.00089174624054
159,200.00089329492724
160,200.00089481126813
161,200.00089629562407
162,200.00089774835627
163,200.00089916982625
164,200.000900560396
165,200.00090192042765
166,200.00090325028373
167,200.00090455032705
168,200.00090582092082
169,200.0009070624283
170,200.0009082752134
171,200.00090945963996
172,200.00091061607242
173,200.00091174487537
174,200.00091284641374
175,200.00091392105253
176,200.0009149691574
177,200.00091599109385
178,200.0009169872281
179,200.00091795792613
180,200.00091890355475
181,200.0009198244805
182,200.00092072107046
183,200.000921593692
184,200.00092244271244
185,200.0009232684998
186,200.00092407142185
187,200.00092485184683
188,200.00092561014336
189,200.00092634667993
190,200.00092706182568
191,200.0009277559495
192,200.0009284294208
193,200.00092908260928
194,200.00092971588452
195,200.00093032961652
196,200.00093092417555
197,200.0009314999318
198,200.00093205725582
199,200.00093259651845
200,200.0009331180906
201,200.00093362234327
202,200.00093410964774
203,200.0009345803755
204,200.0009350348982
205,200.00093547358753
206,200.00093589681535
207,200.00093630495383
208,200.00093669837528
209,200.00093707745194
210,200.0009374425565
211,200.0009377940614
212,200.0009381323397
213,200.00093845776416
214,200.0009387707078
215,200.0009390715439
216,200.00093936064582
217,200.00093963838682
218,200.00093990514054
219,200.00094016128057
220,200.00094040718068
221,200.00094064321465
222,200.00094086975645
223,200.0009410871802
224,200.00094129585977
225,200.0009414961697
226,200.000941688484
227,200.0009418731771
228,200.00094205062342
229,200.00094222119742
230,200.00094238527385
231,200.0009425432271
232,200.0009426954319
233,200.00094284226304
234,200.00094298409516
235,200.00094312130315
236,200.00094325426193
237,200.0009433833463
238,200.00094350893127
239,200.00094363139152
240,200.00094375110243
241,200.00094386843867
242,200.0009439837754
243,200.0009440974875
244,200.00094420995018
245,200.00094432153836
246,200.000944432627
247,200.0009445435913
248,200.00094465480606
249,200.00094476664646
250,200.00094487948738
251,200.00094499370385
252,200.00094510967074
253,200.000945227763
254,200.0009453483554
255,200.00094547182292
256,200.00094559854034
257,200.0009457288824
258,200.00094586322376
259,200.00094600193907
260,200.00094614540296
261,200.00094629398995
262,200.0009464480745
263,200.00094660803106
264,200.00094677423385
265,200.00094694705723
266,200.00094712687527
267,200.00094731406216
268,200.00094750899177
269,200.00094771203808
270,200.0009479235749
271,200.00094814397585
272,200.00094837361462
273,200.00094861286473
274,200.00094886209942
275,200.000949121692
276,200.00094939201563
277,200.0009496734433
278,200.00094996634792
279,200.00095027110225
280,200.00095058807884
281,200.00095091765016
282,200.00095126018863
283,200.00095161606637
284,200.0009519856554
285,200.0009523693276
286,200.00095276745472
287,200.0009531804083
288,200.00095360855957
289,200.00095405227992
290,200.00095451194028
291,200.00095498791154
292,200.00095548056433
293,200.00095599026903
294,200.0009565173961
295,200.00095706231562
296,200.00095762539735
297,200.00095820701102
298,200.00095880752608
299,200.0009594273119
300,200.00096006673738
301,200.00096072617137
302,200.00096140598257
303,200.0009621065393
304,200.00096282820965
305,200.00096357136155
306,200.00096433636278
307,200.00096512358067
308,200.00096593338228
309,200.00096676613484
310,200.00096762220468
311,200.00096850195848
312,200.00096940576222
313,200.00097033398197
314,200.00097128698326
315,200.0009722651314
316,200.00097326879137
317,200.0009742983281
318,200.0009753541061
319,200.00097643648948
320,200.00097754584232
321,200.00097868252803
322,200.00097984690998
323,200.00098103935125
324,200.0009822602146
325,200.00098350986227
326,200.00098478865652
327,200.000986096959
328,200.00098743513112
329,200.00098880353409
330,200.00099020252856
331,200.00099163247512
332,200.00099309373374
333,200.00099458666435
334,200.00099611162622
335,200.0009976689784
336,200.0009992590797
337,200.00100088228857
338,200.0010025389628
339,200.00100422946014
340,200.00100595413792
341,200.00100771335295
342,200.00100950746182
343,200.0010113368206
344,200.00101320178499
345,200.00101510271054
346,200.00101703995205
347,200.00101901386432
348,200.0010210248014
349,200.0010230731171
350,200.00102515916484
351,200.0010272832975
352,200.00102944586783
353,200.00103164722796
354,200.00103388772948
355,200.00103616772384
356,200.00103848756186
357,200.00104084759406
358,200.00104324817036
359,200.0010456896405
360,200.00104817235345
361,200.00105069665807
362,200.00105326290262
363,200.00105587143486
364,200.00105852260208
365,200.0010612167513
366,200.00106395422884
367,200.00106673538082
368,200.00106956055274
369,200.00107243008947
370,200.00107534433567
371,200.00107830363547
372,200.0010813083325
373,200.0010843587697
374,200.00108745528973
375,200.00109059823495
376,200.00109378794673
377,200.00109702476647
378,200.0011003090346
379,200.0011036410913
380,200.00110702127628
381,200.0011104499287
382,200.00111392738694
383,200.0011174539892
384,200.00112103007305
385,200.00112465597556
386,200.00112833203326
387,200.00113205858202
388,200.00113583595729
389,200.001139664494
390,200.00114354452649
391,200.00114747638858
392,200.00115146041364
393,200.0011554969343
394,200.00115958628265
395,200.00116372879046
396,200.0011679247886
397,200.00117217460766
398,200.00117647857752
399,200.0011808370276
400,200.0011852502865
401,200.00118971868258
402,200.0011942425433
403,200.0011988221958
404,200.00120345796645
405,200.0012081501812
406,200.00121289916524
407,200.00121770524328
408,200.00122256873925
409,200.00122748997688
410,200.0012324692788
411,200.00123750696739
412,200.00124260336423
413,200.00124775879038
414,200.0012529735663
415,200.0012582480117
416,200.00126358244574
417,200.00126897718707
418,200.00127443255357
419,200.00127994886253
420,200.0012855264305
421,200.00129116557366
422,200.0012968666074
423,200.0013026298462
424,200.00130845560446
425,200.00131434419546
426,200.00132029593198
427,200.0013263111263
428,200.00133239008971
429,200.00133853313304
430,200.00134474056668
431,200.00135101269987
432,200.00135734984153
433,200.0013637522998
434,200.0013702203821
435,200.0013767543954
436,200.00138335464567
437,200.00139002143845
438,200.0013967550784
439,200.00140355586964
440,200.00141042411542
441,200.0014173601187
442,200.00142436418116
443,200.00143143660435
444,200.00143857768876
445,200.0014457877342
446,200.00145306703993
447,200.00146041590438
448,200.0014678346254
449,200.00147532349996
450,200.00148288282446
451,200.00149051289435
452,200.00149821400478
453,200.0015059864497
454,200.00151383052258
455,200.00152174651626
456,200.00152973472254
457,200.00153779543282
458,200.00154592893753
459,200.00155413552653
460,200.0015624154888
461,200.00157076911253
462,200.00157919668547
463,200.00158769849426
464,200.00159627482498
465,200.0016049259629
466,200.00161365219262
467,200.00162245379775
468,200.00163133106156
469,200.0016402842661
470,200.00164931369295
471,200.00165841962283
472,200.0016676023357
473,200.00167686211068
474,200.00168619922627
475,200.00169561395992
476,200.0017051065887
477,200.00171467738866
478,200.00172432663487
479,200.00173405460214
480,200.001743861564
481,200.00175374779337
482,200.0017637135625
483,200.00177375914268
484,200.00178388480444
485,200.00179409081758
486,200.001804377451
487,200.0018147449729
488,200.00182519365063
489,200.00183572375073
490,200.00184633553891
491,200.0018570292801
492,200.0018678052383
493,200.00187866367696
494,200.0018896048586
495,200.00190062904477
496,200.00191173649637
497,200.00192292747332
498,200.00193420223508
499,200.00194556103975
500,200.00195700414503
501,200.00196853180765
502,200.00198014428335
503,200.0019918418273
504,200.00200362469369
505,200.002015493136
506,200.00202744740662
507,200.00203948775732
508,200.0020516144391
509,200.0020638277017
510,200.00207612779457
511,200.00208851496586
512,200.00210098946314
513,200.00211355153303
514,200.00212620142122
515,200.0021389393727
516,200.0021517656316
517,200.00216468044113
518,200.0021776840435
519,200.0021907766803
520,200.00220395859205
521,200.0022172300187
522,200.00223059119904
523,200.00224404237116
524,200.0022575837722
525,200.00227121563833
526,200.00228493820524
527,200.00229875170726
528,200.00231265637817
529,200.00232665245076
530,200.00234074015688
531,200.00235491972762
532,200.00236919139323
533,200.00238355538298
534,200.00239801192518
535,200.00241256124738
536,200.00242720357616
537,200.00244193913736
538,200.00245676815578
539,200.00247169085543
540,200.00248670745935
541,200.0025018181898
542,200.00251702326793
543,200.00253232291428
544,200.00254771734828
545,200.00256320678855
546,200.00257879145266
547,200.00259447155764
548,200.00261024731932
549,200.00262611895258
550,200.00264208667164
551,200.0026581506896
552,200.00267431121887
553,200.0026905684707
554,200.00270692265565
555,200.00272337398323
556,200.00273992266207
557,200.0027565689
558,200.00277331290386
559,200.00279015487945
560,200.00280709503184
561,200.00282413356513
562,200.00284127068238
563,200.00285850658597
564,200.00287584147725
565,200.00289327555654
566,200.00291080902338
567,200.00292844207638
568,200.00294617491306
569,200.00296400773033
570,200.00298194072386
571,200.0029999740885
572,200.00301810801832
573,200.00303634270634
574,200.00305467834468
575,200.00307311512435
576,200.00309165323583
577,200.0031102928682
578,200.00312903421
579,200.0031478774486
580,200.00316682277062
581,200.0031858703615
582,200.00320502040603
583,200.00322427308785
584,200.00324362858984
585,200.00326308709373
586,200.00328264878044
587,200.00330231382998
588,200.00332208242148
589,200.00334195473297
590,200.0033619309416
591,200.00338201122366
592,200.00340219575432
593,200.00342248470798
594,200.00344287825808
595,200.00346337657703
596,200.00348397983643
597,200.0035046882068
598,200.00352550185775
599,200.00354642095806
600,200.0035674456754
601,200.00358857617655
602,200.00360981262747
603,200.00363115519298
604,200.00365260403714
605,200.00367415932277
606,200.00369582121223
607,200.00371758986645
608,200.0037394654457
609,200.00376144810917
610,200.0037835380152
611,200.00380573532107
612,200.00382804018327
613,200.00385045275706
614,200.00387297319696
615,200.00389560165667
616,200.00391833828877
617,200.00394118324476
618,200.00396413667548
619,200.00398719873058
620,200.0040103695588
621,200.0040336493081
622,200.00405703812538
623,200.00408053615647
624,200.00410414354653
625,200.0041278604394
626,200.00415168697825
627,200.00417562330526
628,200.0041996695616
629,200.0042238258875
630,200.00424809242222
631,200.00427246930417
632,200.00429695667057
633,200.00432155465796
634,200.0043462634018
635,200.00437108303657
636,200.004396013696
637,200.00442105551247
638,200.00444620861794
639,200.0044714731428
640,200.00449684921713
641,200.00452233696956
642,200.00454793652793
643,200.00457364801923
644,200.00459947156946
645,200.0046254073035
646,200.00465145534554
647,200.00467761581868
648,200.00470388884494
649,200.0047302745457
650,200.00475677304115
651,200.00478338445055
652,200.00481010889231
653,200.00483694648386
654,200.00486389734164
655,200.00489096158117
656,200.00491813931697
657,200.00494543066264
658,200.004972835731
659,200.00500035463358
660,200.00502798748127
661,200.00505573438386
662,200.00508359545032
663,200.00511157078836
664,200.00513966050514
665,200.00516786470672
666,200.0051961834981
667,200.00522461698338
668,200.00525316526586
669,200.00528182844783
670,200.00531060663056
671,200.00533949991444
672,200.0053685083989
673,200.0053976321824
674,200.0054268713624
675,200.00545622603576
676,200.005485696298
677,200.00551528224383
678,200.005544983967
679,200.00557480156058
680,200.0056047351161
681,200.00563478472486
682,200.00566495047676
683,200.00569523246094
684,200.0057256307655
685,200.00575614547773
686,200.0057867766838
687,200.0058175244692
688,200.00584838891828
689,200.0058793701146
690,200.00591046814057
691,200.00594168307802
692,200.0059730150075
693,200.0060044640088
694,200.00603603016074
695,200.0060677135413
696,200.0060995142274
697,200.00613143229506
698,200.0061634678195
699,200.00619562087482
700,200.00622789153434
701,200.00626027987042
702,200.00629278595437
703,200.0063254098568
704,200.00635815164736
705,200.0063910113946
706,200.0064239891662
707,200.00645708502907
708,200.00649029904912
709,200.00652363129126
710,200.0065570818197
711,200.00659065069738
712,200.00662433798672
713,200.00665814374898
714,200.0066920680445
715,200.00672611093287
716,200.00676027247266
717,200.00679455272157
718,200.0068289517362
719,200.00686346957258
720,200.00689810628563
721,200.00693286192936
722,200.00696773655693
723,200.0070027302205
724,200.0070378429716
725,200.0070730748604
726,200.0071084259366
727,200.00714389624872
728,200.0071794858446
729,200.00721519477094
730,200.00725102307382
731,200.00728697079822
732,200.0073230379882
733,200.0073592246871
734,200.00739553093732
735,200.00743195678015
736,200.0074685022563
737,200.00750516740538
738,200.00754195226628
739,200.00757885687688
740,200.00761588127412
741,200.00765302549428
742,200.00769028957257
743,200.0077276735432
744,200.00776517743984
745,200.0078028012951
746,200.00784054514068
747,200.0078784090074
748,200.00791639292535
749,200.0079544969235
750,200.00799272103012
751,200.00803106527266
752,200.00806952967756
753,200.0081081142704
754,200.00814681907607
755,200.00818564411824
756,200.0082245894201
757,200.00826365500382
758,200.0083028408905
759,200.00834214710073
760,200.00838157365408
761,200.00842112056924
762,200.008460787864
763,200.0085005755555
764,200.00854048365983
765,200.00858051219214
766,200.00862066116704
767,200.008660930598
768,200.0087013204979
769,200.00874183087856
770,200.00878246175094
771,200.00882321312528
772,200.008864085011
773,200.00890507741653
774,200.0089461903496
775,200.00898742381705
776,200.00902877782488
777,200.00907025237817
778,200.0091118474813
779,200.00915356313777
780,200.00919539935023
781,200.00923735612045
782,200.00927943344954
783,200.0093216313376
784,200.009363949784
785,200.00940638878723
786,200.009448948345
787,200.00949162845424
788,200.00953442911086
789,200.00957735031037
790,200.00962039204686
791,200.00966355431422
792,200.00970683710506
793,200.00975024041145
794,200.0097937642246
795,200.00983740853485
796,200.00988117333165
797,200.00992505860387
798,200.0099690643395
799,200.0100131905255
800,200.01005743714842
801,200.01010180419362
802,200.010146291646
803,200.01019089948946
804,200.0102356277072
805,200.0102804762815
806,200.01032544519398
807,200.01037053442553
808,200.01041574395603
809,200.01046107376476
810,200.01050652383003
811,200.01055209412962
812,200.01059778464037
813,200.0106435953384
814,200.01068952619892
815,200.01073557719664
816,200.01078174830516
817,200.0108280394975
818,200.01087445074597
819,200.010920982022
820,200.01096763329622
821,200.01101440453854
822,200.01106129571832
823,200.01110830680378
824,200.01115543776254
825,200.01120268856153
826,200.01125005916697
827,200.01129754954403
828,200.01134515965742
829,200.0113928894711
830,200.0114407389481
831,200.01148870805076
832,200.01153679674087
833,200.01158500497917
834,200.0116333327258
835,200.0116817799403
836,200.01173034658115
837,200.01177903260646
838,200.0118278379733
839,200.01187676263817
840,200.0119258065568
841,200.01197496968416
842,200.01202425197462
843,200.0120736533816
844,200.01212317385807
845,200.01217281335596
846,200.01222257182678
847,200.01227244922126
848,200.0123224454893
849,200.01237256058
850,200.01242279444202
851,200.01247314702314
852,200.01252361827056
853,200.0125742081306
854,200.012624916549
855,200.01267574347074
856,200.01272668884002
857,200.01277775260058
858,200.01282893469528
859,200.0128802350663
860,200.0129316536552
861,200.0129831904027
862,200.01303484524894
863,200.0130866181336
864,200.01313850899518
865,200.01319051777196
866,200.01324264440106
867,200.01329488881944
868,200.0133472509631
869,200.01339973076733
870,200.01345232816692
871,200.01350504309582
872,200.01355787548735
873,200.0136108252743
874,200.01366389238862
875,200.01371707676168
876,200.01377037832418
877,200.013823797006
878,200.01387733273683
879,200.0139309854451
880,200.013984755059
881,200.01403864150598
882,200.0140926447128
883,200.0141467646055
884,200.01420100110954
885,200.0142553541498
886,200.01430982365048
887,200.0143644095351
888,200.01441911172657
889,200.01447393014726
890,200.01452886471867
891,200.0145839153618
892,200.01463908199713
893,200.01469436454448
894,200.01474976292272
895,200.01480527705056
896,200.01486090684574
897,200.01491665222568
898,200.0149725131068
899,200.01502848940535
900,200.01508458103663
901,200.0151407879155
902,200.01519710995615
903,200.01525354707212
904,200.01531009917645
905,200.0153667661814
906,200.01542354799878
907,200.01548044453986
908,200.01553745571513
909,200.01559458143475
910,200.01565182160786
911,200.01570917614342
912,200.01576664494957
913,200.0158242279339
914,200.0158819250036
915,200.01593973606504
916,200.01599766102407
917,200.01605569978602
918,200.01611385225564
919,200.016172118337
920,200.01623049793375
921,200.01628899094885
922,200.01634759728466
923,200.0164063168433
924,200.0164651495258
925,200.016524095233
926,200.01658315386516
927,200.01664232532178
928,200.01670160950204
929,200.01676100630442
930,200.0168205156268
931,200.01688013736668
932,200.01693987142087
933,200.01699971768588
934,200.01705967605724
935,200.01711974643035
936,200.01717992869976
937,200.01724022275974
938,200.01730062850388
939,200.01736114582528
940,200.01742177461648
941,200.01748251476948
942,200.0175433661759
943,200.0176043287267
944,200.01766540231213
945,200.01772658682233
946,200.01778788214673
947,200.01784928817415
948,200.01791080479305
949,200.01797243189108
950,200.01803416935587
951,200.01809601707424
952,200.0181579749324
953,200.0182200428163
954,200.01828222061124
955,200.01834450820206
956,200.01840690547309
957,200.01846941230832
958,200.01853202859093
959,200.01859475420386
960,200.01865758902946
961,200.0187205329497
962,200.01878358584585
963,200.01884674759887
964,200.0189100180893
965,200.0189733971969
966,200.01903688480135
967,200.01910048078167
968,200.01916418501622
969,200.01922799738315
970,200.0192919177601
971,200.0193559460241
972,200.01942008205188
973,200.01948432571956
974,200.01954867690307
975,200.01961313547744
976,200.01967770131765
977,200.01974237429803
978,200.0198071542926
979,200.01987204117464
980,200.0199370348173
981,200.02000213509314
982,200.0200673418742
983,200.02013265503228
984,200.02019807443855
985,200.02026359996398
986,200.0203292314788
987,200.0203949688529
988,200.02046081195587
989,200.02052676065682
990,200.0205928148244
991,200.02065897432686
992,200.02072523903183
993,200.02079160880686
994,200.02085808351887
995,200.02092466303444
996,200.02099134721962
997,200.0210581359402
998,200.02112502906144
999,200.0211920264483
1000,200.02125912796515
1001,200.02132633347625
1002,200.02139364284517
1003,200.0214610559352
1004,200.0215285726093
1005,200.02159619272973
1006,200.0216639161589
1007,200.02173174275836
1008,200.02179967238942
1009,200.02186770491295
1010,200.02193584018946
1011,200.02200407807922
1012,200.02207241844198
1013,200.022140861137
1014,200.02220940602334
1015,200.0222780529597
1016,200.02234680180436
1017,200.02241565241508
1018,200.02248460464938
1019,200.02255365836453
1020,200.02262281341723
1021,200.0226920696638
1022,200.02276142696047
1023,200.02283088516285
1024,200.02290044412618
1025,200.02297010370555
1026,200.02303986375557
1027,200.0231097241304
1028,200.0231796846841
1029,200.02324974527005
1030,200.0233199057417
1031,200.02339016595178
1032,200.02346052575288
1033,200.0235309849971
1034,200.0236015435365
1035,200.02367220122235
1036,200.02374295790597
1037,200.0238138134382
1038,200.02388476766956
1039,200.02395582045023
1040,200.0240269716301
1041,200.02409822105852
1042,200.02416956858497
1043,200.02424101405828
1044,200.02431255732688
1045,200.02438419823918
1046,200.02445593664308
1047,200.02452777238614
1048,200.02459970531572
1049,200.0246717352789
1050,200.02474386212234
1051,200.02481608569238
1052,200.02488840583518
1053,200.02496082239648
1054,200.02503333522176
1055,200.02510594415628
1056,200.02517864904485
1057,200.0252514497322
1058,200.0253243460625
1059,200.02539733787987
1060,200.02547042502803
1061,200.02554360735041
1062,200.02561688469015
1063,200.0256902568902
1064,200.025763723793
1065,200.02583728524098
1066,200.02591094107626
1067,200.02598469114048
1068,200.02605853527515
1069,200.0261324733216
1070,200.0262065051207
1071,200.0262806305131
1072,200.02635484933933
1073,200.02642916143944
1074,200.0265035666534
1075,200.02657806482074
1076,200.02665265578096
1077,200.0267273393732
1078,200.0268021154362
1079,200.0268769838087
1080,200.02695194432886
1081,200.02702699683493
1082,200.02710214116487
1083,200.02717737715625
1084,200.02725270464634
1085,200.02732812347242
1086,200.02740363347127
1087,200.0274792344796
1088,200.0275549263338
1089,200.0276307088701
1090,200.02770658192443
1091,200.02778254533266
1092,200.02785859893007
1093,200.02793474255213
1094,200.02801097603373
1095,200.0280872992097
1096,200.0281637119147
1097,200.02824021398305
1098,200.02831680524903
1099,200.02839348554653
1100,200.02847025470925
1101,200.0285471125707
1102,200.02862405896417
1103,200.02870109372284
1104,200.02877821667957
1105,200.0288554276671
1106,200.0289327265178
1107,200.02901011306403
1108,200.0290875871378
1109,200.02916514857114
1110,200.0292427971956
1111,200.0293205328427
1112,200.02939835534372
1113,200.02947626452976
1114,200.02955426023186
1115,200.02963234228054
1116,200.02971051050653
1117,200.02978876474
1118,200.02986710481122
1119,200.0299455305503
1120,200.03002404178682
1121,200.0301026383506
1122,200.03018132007097
1123,200.03026008677733
1124,200.03033893829874
1125,200.0304178744641
1126,200.0304968951022
1127,200.03057600004163
1128,200.03065518911086
1129,200.03073446213813
1130,200.0308138189516
1131,200.0308932593792
1132,200.0309727832487
1133,200.03105239038769
1134,200.03113208062368
1135,200.03121185378401
1136,200.03129170969584
1137,200.03137164818614
1138,200.0314516690819
1139,200.03153177220966
1140,200.03161195739617
1141,200.0316922244677
1142,200.03177257325072
1143,200.03185300357117
1144,200.03193351525525
1145,200.03201410812866
1146,200.03209478201717
1147,200.03217553674642
1148,200.0322563721418
1149,200.0323372880287
1150,200.03241828423236
1151,200.03249936057776
1152,200.03258051688996
1153,200.03266175299365
1154,200.0327430687135
1155,200.03282446387425
1156,200.03290593830022
1157,200.0329874918158
1158,200.03306912424517
1159,200.0331508354124
1160,200.03323262514164
1161,200.03331449325663
1162,200.03339643958108
1163,200.03347846393876
1164,200.03356056615308
1165,200.03364274604758
1166,200.03372500344568
1167,200.03380733817042
1168,200.03388975004495
1169,200.03397223889235
1170,200.0340548045356
1171,200.03413744679742
1172,200.03422016550067
1173,200.03430296046778
1174,200.03438583152146
1175,200.03446877848427
1176,200.03455180117825
1177,200.03463489942595
1178,200.03471807304942
1179,200.0348013218708
1180,200.03488464571203
1181,200.03496804439519
1182,200.0350515177421
1183,200.03513506557442
1184,200.035218687714
1185,200.0353023839823
1186,200.035386154201
1187,200.03546999819153
1188,200.03555391577524
1189,200.03563790677342
1190,200.0357219710074
1191,200.03580610829837
1192,200.03589031846744
1193,200.0359746013357
1194,200.03605895672402
1195,200.03614338445342
1196,200.0362278843448
1197,200.03631245621895
1198,200.03639709989653
1199,200.03648181519836
1200,200.03656660194494
1201,200.03665145995694
1202,200.0367363890548
1203,200.03682138905916
1204,200.0369064597903
1205,200.0369916010687
1206,200.03707681271453
1207,200.03716209454825
1208,200.03724744639004
1209,200.03733286806002
1210,200.03741835937848
1211,200.03750392016545
1212,200.03758955024097
1213,200.03767524942523
1214,200.03776101753803
1215,200.03784685439945
1216,200.03793275982946
1217,200.03801873364787
1218,200.03810477567458
1219,200.03819088572942
1220,200.03827706363222
1221,200.03836330920277
1222,200.03844962226077
1223,200.03853600262596
1224,200.03862245011808
1225,200.03870896455683
1226,200.03879554576184
1227,200.03888219355264
1228,200.03896890774897
1229,200.0390556881705
1230,200.03914253463668
1231,200.0392294469672
1232,200.03931642498154
1233,200.0394034684994
1234,200.03949057734013
1235,200.03957775132335
1236,200.03966499026856
1237,200.03975229399526
1238,200.03983966232298
1239,200.0399270950712
1240,200.0400145920595
1241,200.0401021531072
1242,200.040189778034
1243,200.04027746665935
1244,200.04036521880263
1245,200.0404530342835
1246,200.04054091292127
1247,200.0406288545356
1248,200.04071685894593
1249,200.04080492597188
1250,200.0408930554329
1251,200.04098124714844
1252,200.04106950093825
1253,200.0411578166217
1254,200.04124619401856
1255,200.0413346329482
1256,200.0414231332304
1257,200.04151169468466
1258,200.04160031713076
1259,200.0416890003882
1260,200.04177774427671
1261,200.04186654861596
1262,200.04195541322585
1263,200.04204433792583
1264,200.04213332253593
1265,200.04222236687576
1266,200.0423114707653
1267,200.0424006340243
1268,200.04248985647263
1269,200.04257913793015
1270,200.04266847821688
1271,200.04275787715275
1272,200.04284733455776
1273,200.04293685025198
1274,200.0430264240555
1275,200.04311605578837
1276,200.04320574527077
1277,200.04329549232287
1278,200.04338529676485
1279,200.04347515841707
1280,200.04356507709974
1281,200.0436550526332
1282,200.04374508483792
1283,200.04383517353426
1284,200.0439253185428
1285,200.04401551968405
1286,200.04410577677854
1287,200.04419608964685
1288,200.04428645810978
1289,200.0443768819879
1290,200.04446736110216
1291,200.04455789527327
1292,200.0446484843222
1293,200.0447391280699
1294,200.04482982633718
1295,200.04492057894535
1296,200.04501138571533
1297,200.04510224646833
1298,200.04519316102568
1299,200.04528412920857
1300,200.04537515083837
1301,200.0454662257365
1302,200.0455573537245
1303,200.04564853462384
1304,200.0457397682561
1305,200.04583105444306
1306,200.04592239300638
1307,200.04601378376788
1308,200.04610522654949
1309,200.04619672117317
1310,200.0462882674609
1311,200.04637986523468
1312,200.0464715143169
1313,200.0465632145296
1314,200.04665496569524
1315,200.04674676763617
1316,200.0468386201748
1317,200.04693052313385
1318,200.04702247633568
1319,200.0471144796032
1320,200.04720653275913
1321,200.0472986356264
1322,200.04739078802777
1323,200.04748298978652
1324,200.0475752407255
1325,200.04766754066816
1326,200.04775988943774
1327,200.0478522868574
1328,200.0479447327509
1329,200.04803722694157
1330,200.04812976925314
1331,200.04822235950934
1332,200.04831499753396
1333,200.0484076831509
1334,200.04850041618417
1335,200.0485931964579
1336,200.04868602379628
1337,200.04877889802356
1338,200.04887181896416
1339,200.0489647864424
1340,200.04905780028304
1341,200.04915086031076
1342,200.0492439663502
1343,200.04933711822633
1344,200.04943031576406
1345,200.0495235587885
1346,200.0496168471248
1347,200.04971018059823
1348,200.04980355903416
1349,200.04989698225808
1350,200.04999045009566
1351,200.0500839623725
1352,200.0501775189144
1353,200.05027111954732
1354,200.05036476409734
1355,200.05045845239042
1356,200.05055218425298
1357,200.0506459595112
1358,200.05073977799168
1359,200.05083363952087
1360,200.0509275439256
1361,200.05102149103246
1362,200.05111548066847
1363,200.0512095126608
1364,200.05130358683627
1365,200.05139770302245
1366,200.05149186104654
1367,200.05158606073599
1368,200.0516803019186
1369,200.05177458442193
1370,200.05186890807394
1371,200.05196327270255
1372,200.05205767813587
1373,200.05215212420205
1374,200.05224661072947
1375,200.05234113754668
1376,200.05243570448218
1377,200.0525303113645
1378,200.05262495802282
1379,200.05271964428584
1380,200.05281436998268
1381,200.05290913494272
1382,200.05300393899518
1383,200.05309878196954
1384,200.05319366369537
1385,200.0532885840024
1386,200.05338354272058
1387,200.05347853967976
1388,200.0535735747101
1389,200.05366864764196
1390,200.05376375830562
1391,200.05385890653176
1392,200.05395409215083
1393,200.05404931499368
1394,200.05414457489127
1395,200.05423987167458
1396,200.05433520517497
1397,200.05443057522356
1398,200.05452598165206
1399,200.05462142429195
1400,200.054716902975
1401,200.05481241753307
1402,200.05490796779833
1403,200.05500355360272
1404,200.05509917477875
1405,200.0551948311588
1406,200.05529052257552
1407,200.05538624886148
1408,200.0554820098498
1409,200.05557780537342
1410,200.05567363526544
1411,200.05576949935926
1412,200.0558653974883
1413,200.05596132948617
1414,200.05605729518672
1415,200.0561532944237
1416,200.05624932703137
1417,200.05634539284372
1418,200.05644149169535
1419,200.05653762342044
1420,200.05663378785397
1421,200.0567299848305
1422,200.05682621418512
1423,200.05692247575277
1424,200.057018769369
1425,200.05711509486903
1426,200.05721145208835
1427,200.0573078408629
1428,200.05740426102838
1429,200.05750071242093
1430,200.05759719487665
1431,200.0576937082319
1432,200.05779025232323
1433,200.05788682698716
1434,200.0579834320606
1435,200.05808006738053
1436,200.05817673278403
1437,200.05827342810852
1438,200.0583701531912
1439,200.05846690786984
1440,200.05856369198222
1441,200.05866050536616
1442,200.05875734785974
1443,200.05885421930134
1444,200.05895111952924
1445,200.05904804838215
1446,200.05914500569872
1447,200.0592419913178
1448,200.0593390050785
1449,200.05943604682003
1450,200.0595331163818
1451,200.05963021360336
1452,200.05972733832448
1453,200.05982449038498
1454,200.05992166962488
1455,200.06001887588457
1456,200.06011610900416
1457,200.06021336882432
1458,200.06031065518596
1459,200.06040796792976
1460,200.06050530689677
1461,200.0606026719284
1462,200.0607000628659
1463,200.06079747955087
1464,200.060894921825
1465,200.0609923895302
1466,200.0610898825086
1467,200.06118740060245
1468,200.0612849436542
1469,200.06138251150642
1470,200.06148010400184
1471,200.06157772098345
1472,200.0616753622943
1473,200.06177302777766
1474,200.06187071727712
1475,200.06196843063623
1476,200.06206616769887
1477,200.06216392830888
1478,200.06226171231052
1479,200.06235951954815
1480,200.06245734986626
1481,200.06255520310955
1482,200.06265307912273
1483,200.06275097775108
1484,200.06284889883972
1485,200.06294684223403
1486,200.06304480777962
1487,200.06314279532222
1488,200.0632408047078
1489,200.0633388357824
1490,200.06343688839235
1491,200.06353496238415
1492,200.0636330576044
1493,200.0637311739
1494,200.06382931111798
1495,200.0639274691054
1496,200.06402564770974
1497,200.06412384677859
1498,200.06422206615963
1499,200.0643203057008
1500,200.06441856525012
1501,200.064516844656
1502,200.0646151437669
1503,200.06471346243137
1504,200.06481180049838
1505,200.06491015781688
1506,200.06500853423606
1507,200.06510692960532
1508,200.06520534377424
1509,200.0653037765926
1510,200.0654022279103
1511,200.06550069757756
1512,200.06559918544468
1513,200.06569769136198
1514,200.0657962151804
1515,200.06589475675068
1516,200.0659933159239
1517,200.06609189255133
1518,200.06619048648432
1519,200.06628909757464
1520,200.06638772567405
1521,200.06648637063446
1522,200.06658503230813
1523,200.0666837105475
1524,200.06678240520492
1525,200.06688111613343
1526,200.06697984318575
1527,200.06707858621516
1528,200.0671773450749
1529,200.06727611961855
1530,200.06737490969977
1531,200.06747371517244
1532,200.06757253589066
1533,200.0676713717087
1534,200.067770222481
1535,200.06786908806225
1536,200.06796796830733
1537,200.06806686307112
1538,200.06816577220914
1539,200.06826469557657
1540,200.06836363302904
1541,200.06846258442255
1542,200.06856154961284
1543,200.0686605284563
1544,200.0687595208092
1545,200.06885852652817
1546,200.06895754547006
1547,200.06905657749172
1548,200.06915562245027
1549,200.06925468020322
1550,200.069353750608
1551,200.06945283352238
1552,200.06955192880426
1553,200.0696510363119
1554,200.0697501559035
1555,200.06984928743765
1556,200.06994843077305
1557,200.07004758576855
1558,200.0701467522833
1559,200.0702459301767
1560,200.070345119308
1561,200.07044431953707
1562,200.07054353072382
1563,200.07064275272825
1564,200.07074198541073
1565,200.07084122863162
1566,200.0709404822516
1567,200.07103974613167
1568,200.07113902013276
1569,200.07123830411618
1570,200.07133759794343
1571,200.0714369014761
1572,200.0715362145761
1573,200.07163553710546
1574,200.07173486892646
1575,200.07183420990148
1576,200.07193355989318
1577,200.07203291876453
1578,200.0721322863784
1579,200.0722316625981
1580,200.07233104728718
1581,200.07243044030903
1582,200.0725298415276
1583,200.07262925080698
1584,200.0727286680114
1585,200.07282809300517
1586,200.07292752565306
1587,200.07302696581985
1588,200.07312641337052
1589,200.07322586817028
1590,200.07332533008469
1591,200.07342479897932
1592,200.07352427471992
1593,200.07362375717247
1594,200.07372324620337
1595,200.07382274167895
1596,200.07392224346574
1597,200.07402175143068
1598,200.07412126544082
1599,200.07422078536328
1600,200.07432031106563
1601,200.07441984241524
1602,200.07451937928028
1603,200.0746189215284
1604,200.07471846902797
1605,200.07481802164756
1606,200.07491757925564
1607,200.07501714172116
1608,200.075116708913
1609,200.07521628070037
1610,200.07531585695287
1611,200.07541543753996
1612,200.0755150223316
1613,200.0756146111976
1614,200.07571420400848
1615,200.07581380063448
1616,200.07591340094632
1617,200.07601300481483
1618,200.0761126121109
1619,200.07621222270595
1620,200.07631183647146
1621,200.0764114532788
1622,200.076511073
1623,200.07661069550707
1624,200.07671032067222
1625,200.07680994836795
1626,200.07690957846685
1627,200.07700921084177
1628,200.07710884536587
1629,200.0772084819122
1630,200.07730812035427
1631,200.07740776056588
1632,200.07750740242068
1633,200.07760704579283
1634,200.07770669055668
1635,200.07780633658643
1636,200.07790598375695
1637,200.07800563194309
1638,200.07810528101982
1639,200.07820493086246
1640,200.0783045813464
1641,200.07840423234748
1642,200.07850388374135
1643,200.0786035354043
1644,200.07870318721245
1645,200.0788028390423
1646,200.07890249077053
1647,200.07900214227408
1648,200.07910179342994
1649,200.07920144411543
1650,200.079301094208
1651,200.07940074358544
1652,200.07950039212557
1653,200.0796000397064
1654,200.07969968620637
1655,200.0797993315038
1656,200.07989897547753
1657,200.07999861800639
1658,200.0800982589695
1659,200.08019789824615
1660,200.08029753571577
1661,200.0803971712582
1662,200.0804968047532
1663,200.08059643608095
1664,200.08069606512174
1665,200.08079569175607
1666,200.08089531586464
1667,200.08099493732843
1668,200.08109455602838
1669,200.08119417184597
1670,200.08129378466262
1671,200.08139339436013
1672,200.0814930008203
1673,200.08159260392532
1674,200.08169220355754
1675,200.08179179959944
1676,200.0818913919337
1677,200.08199098044327
1678,200.08209056501127
1679,200.08219014552105
1680,200.08228972185609
1681,200.0823892939001
1682,200.08248886153712
1683,200.0825884246511
1684,200.08268798312656
1685,200.08278753684783
1686,200.08288708569975
1687,200.08298662956722
1688,200.08308616833543
1689,200.08318570188962
1690,200.08328523011545
1691,200.08338475289844
1692,200.08348427012467
1693,200.08358378168015
1694,200.08368328745138
1695,200.08378278732476
1696,200.0838822811871
1697,200.0839817689253
1698,200.08408125042644
1699,200.0841807255779
1700,200.0842801942672
1701,200.08437965638205
1702,200.08447911181042
1703,200.08457856044043
1704,200.08467800216036
1705,200.08477743685876
1706,200.08487686442442
1707,200.08497628474612
1708,200.08507569771314
1709,200.08517510321477
1710,200.08527450114036
1711,200.08537389137982
1712,200.08547327382306
1713,200.0855726483601
1714,200.08567201488134
1715,200.08577137327725
1716,200.08587072343866
1717,200.08597006525628
1718,200.0860693986213
1719,200.0861687234251
1720,200.08626803955914
1721,200.08636734691518
1722,200.08646664538492
1723,200.08656593486072
1724,200.08666521523472
1725,200.0867644863994
1726,200.08686374824762
1727,200.08696300067217
1728,200.08706224356607
1729,200.08716147682273
1730,200.08726070033552
1731,200.0873599139981
1732,200.08745911770455
1733,200.08755831134877
1734,200.08765749482498
1735,200.08775666802788
1736,200.08785583085194
1737,200.08795498319202
1738,200.0880541249433
1739,200.08815325600088
1740,200.08825237626036
1741,200.0883514856173
1742,200.0884505839675
1743,200.08854967120715
1744,200.08864874723233
1745,200.08874781193944
1746,200.0888468652253
1747,200.08894590698654
1748,200.08904493712026
1749,200.08914395552367
1750,200.08924296209415
1751,200.08934195672924
1752,200.08944093932686
1753,200.08953990978495
1754,200.08963886800163
1755,200.0897378138753
1756,200.08983674730467
1757,200.0899356681883
1758,200.09003457642527
1759,200.09013347191464
1760,200.09023235455584
1761,200.09033122424844
1762,200.09043008089208
1763,200.09052892438675
1764,200.09062775463252
1765,200.09072657152973
1766,200.0908253749789
1767,200.09092416488076
1768,200.09102294113606
1769,200.09112170364602
1770,200.09122045231192
1771,200.09131918703517
1772,200.09141790771744
1773,200.09151661426057
1774,200.09161530656667
1775,200.09171398453785
1776,200.09181264807668
1777,200.09191129708574
1778,200.0920099314679
1779,200.09210855112602
1780,200.09220715596334
1781,200.09230574588327
1782,200.0924043207894
1783,200.09250288058556
1784,200.0926014251755
1785,200.09269995446354
1786,200.09279846835406
1787,200.09289696675137
1788,200.0929954495604
1789,200.09309391668597
1790,200.09319236803313
1791,200.09329080350724
1792,200.09338922301384
1793,200.0934876264584
1794,200.093586013747
1795,200.09368438478546
1796,200.09378273948022
1797,200.09388107773754
1798,200.0939793994641
1799,200.09407770456673
1800,200.09417599295236
1801,200.09427426452814
1802,200.09437251920147
1803,200.0944707568799
1804,200.09456897747123
1805,200.09466718088325
1806,200.09476536702417
1807,200.09486353580226
1808,200.094961687126
1809,200.09505982090405
1810,200.09515793704531
1811,200.0952560354588
1812,200.09535411605376
1813,200.09545217873958
1814,200.09555022342582
1815,200.09564825002244
1816,200.09574625843922
1817,200.09584424858647
1818,200.0959422203745
1819,200.09604017371376
1820,200.09613810851502
1821,200.09623602468915
1822,200.09633392214727
1823,200.09643180080064
1824,200.09652966056083
1825,200.09662750133924
1826,200.09672532304788
1827,200.09682312559863
1828,200.09692090890385
1829,200.0970186728757
1830,200.0971164174269
1831,200.09721414247008
1832,200.09731184791826
1833,200.0974095336845
1834,200.09750719968207
1835,200.09760484582443
1836,200.09770247202536
1837,200.0978000781985
1838,200.09789766425808
1839,200.09799523011807
1840,200.09809277569303
1841,200.09819030089747
1842,200.098287805646
1843,200.09838528985375
1844,200.09848275343577
1845,200.09858019630718
1846,200.09867761838368
1847,200.09877501958076
1848,200.09887239981438
1849,200.0989697590003
1850,200.09906709705504
1851,200.09916441389473
1852,200.09926170943604
1853,200.0993589835956
1854,200.0994562362903
1855,200.09955346743737
1856,200.09965067695393
1857,200.0997478647575
1858,200.09984503076564
1859,200.09994217489626
1860,200.10003929706716
1861,200.10013639719665
1862,200.10023347520294
1863,200.10033053100457
1864,200.10042756452026
1865,200.1005245756689
1866,200.10062156436956
1867,200.10071853054131
1868,200.10081547410363
1869,200.10091239497604
1870,200.1010092930784
1871,200.1011061683305
1872,200.10120302065255
1873,200.1012998499647
1874,200.10139665618752
1875,200.1014934392416
1876,200.1015901990477
1877,200.10168693552686
1878,200.10178364860008
1879,200.10188033818892
1880,200.1019770042146
1881,200.10207364659902
1882,200.102170265264
1883,200.1022668601314
1884,200.10236343112354
1885,200.10245997816273
1886,200.1025565011716
1887,200.1026530000728
1888,200.10274947478922
1889,200.10284592524394
1890,200.10294235136013
1891,200.10303875306124
1892,200.10313513027089
1893,200.10323148291266
1894,200.10332781091068
1895,200.10342411418887
1896,200.10352039267167
1897,200.10361664628337
1898,200.10371287494857
1899,200.10380907859212
1900,200.1039052571389
1901,200.10400141051412
1902,200.10409753864297
1903,200.10419364145093
1904,200.10428971886367
1905,200.10438577080683
1906,200.10448179720666
1907,200.10457779798895
1908,200.1046737730803
1909,200.104769722407
1910,200.10486564589579
1911,200.10496154347342
1912,200.10505741506685
1913,200.10515326060334
1914,200.10524908001005
1915,200.10534487321448
1916,200.10544064014442
1917,200.10553638072753
1918,200.1056320948919
1919,200.10572778256557
1920,200.10582344367694
1921,200.10591907815444
1922,200.10601468592677
1923,200.10611026692274
1924,200.1062058210712
1925,200.10630134830149
1926,200.10639684854286
1927,200.10649232172466
1928,200.10658776777672
1929,200.10668318662871
1930,200.10677857821062
1931,200.1068739424526
1932,200.10696927928493
1933,200.1070645886382
1934,200.10715987044284
1935,200.10725512462975
1936,200.1073503511299
1937,200.1074455498743
1938,200.10754072079442
1939,200.10763586382149
1940,200.10773097888725
1941,200.10782606592343
1942,200.107921124862
1943,200.108016155635
1944,200.10811115817464
1945,200.10820613241341
1946,200.10830107828392
1947,200.10839599571884
1948,200.10849088465108
1949,200.10858574501373
1950,200.10868057673994
1951,200.10877537976316
1952,200.10887015401698
1953,200.10896489943494
1954,200.10905961595105
1955,200.10915430349928
1956,200.10924896201385
1957,200.109343591429
1958,200.10943819167932
1959,200.10953276269942
1960,200.10962730442415
1961,200.1097218167884
1962,200.10981629972738
1963,200.10991075317642
1964,200.1100051770709
1965,200.11009957134652
1966,200.11019393593887
1967,200.11028827078397
1968,200.1103825758179
1969,200.11047685097697
1970,200.1105710961974
1971,200.1106653114159
1972,200.11075949656905
1973,200.11085365159371
1974,200.11094777642708
1975,200.1110418710061
1976,200.11113593526832
1977,200.11122996915094
1978,200.11132397259183
1979,200.1114179455287
1980,200.1115118878995
1981,200.1116057996424
1982,200.11169968069552
1983,200.11179353099735
1984,200.11188735048643
1985,200.1119811391015
1986,200.11207489678134
1987,200.11216862346507
1988,200.11226231909185
1989,200.11235598360105
1990,200.11244961693203
1991,200.1125432190245
1992,200.11263678981817
1993,200.11273032925317
1994,200.11282383726936
1995,200.11291731380706
1996,200.11301075880672
1997,200.1131041722088
1998,200.1131975539541
1999,200.11329090398337
2000,200.11338422223756
2001,200.11347750865792
2002,200.11357076318572
2003,200.11366398576237
2004,200.11375717632947
2005,200.11385033482878
2006,200.11394346120227
2007,200.11403655539178
2008,200.11412961733973
2009,200.11422264698822
2010,200.11431564427997
2011,200.1144086091575
2012,200.11450154156353
2013,200.11459444144114
2014,200.11468730873327
2015,200.11478014338326
2016,200.11487294533438
2017,200.11496571453023
2018,200.1150584509145
2019,200.11515115443083
2020,200.11524382502344
2021,200.11533646263626
2022,200.11542906721354
2023,200.11552163869976
2024,200.11561417703942
2025,200.11570668217718
2026,200.11579915405795
2027,200.1158915926266
2028,200.11598399782835
2029,200.1160763696085
2030,200.11616870791232
2031,200.11626101268544
2032,200.1163532838736
2033,200.11644552142258
2034,200.1165377252784
2035,200.11662989538723
2036,200.11672203169528
2037,200.11681413414902
2038,200.11690620269493
2039,200.11699823727977
2040,200.11709023785042
2041,200.1171822043538
2042,200.117274136737
2043,200.1173660349474
2044,200.11745789893234
2045,200.11754972863943
2046,200.1176415240164
2047,200.11773328501096
2048,200.11782501157114
2049,200.117916703645
2050,200.11800836118093
2051,200.1180999841272
2052,200.11819157243238
2053,200.1182831260452
2054,200.11837464491444
2055,200.11846612898913
2056,200.11855757821814
2057,200.11864899255093
2058,200.1187403719368
2059,200.11883171632522
2060,200.11892302566594
2061,200.11901429990863
2062,200.11910553900316
2063,200.11919674289982
2064,200.11928791154858
2065,200.1193790448999
2066,200.1194701429043
2067,200.11956120551224
2068,200.11965223267455
2069,200.11974322434213
2070,200.11983418046603
2071,200.11992510099725
2072,200.12001598588725
2073,200.12010683508734
2074,200.1201976485492
2075,200.12028842622445
2076,200.12037916806491
2077,200.12046987402252
2078,200.12056054404945
2079,200.12065117809794
2080,200.12074177612035
2081,200.12083233806914
2082,200.120922863897
2083,200.12101335355672
2084,200.12110380700105
2085,200.1211942241832
2086,200.1212846050563
2087,200.1213749495737
2088,200.12146525768864
2089,200.12155552935496
2090,200.12164576452614
2091,200.1217359631561
2092,200.12182612519885
2093,200.12191625060848
2094,200.12200633933918
2095,200.12209639134525
2096,200.1221864065813
2097,200.1222763850019
2098,200.12236632656175
2099,200.1224562312158
2100,200.12254609891906
2101,200.12263592962668
2102,200.1227257232939
2103,200.1228154798762
2104,200.12290519932895
2105,200.12299488160795
2106,200.12308452666898
2107,200.12317413446786
2108,200.12326370496072
2109,200.1233532381037
2110,200.1234427338532
2111,200.12353219216556
2112,200.12362161299728
2113,200.12371099630525
2114,200.12380034204614
2115,200.1238896501769
2116,200.1239789206546
2117,200.12406815343647
2118,200.12415734847988
2119,200.12424650574215
2120,200.12433562518095
2121,200.12442470675396
2122,200.12451375041908
2123,200.124602756134
2124,200.12469172385713
2125,200.12478065354657
2126,200.1248695451606
2127,200.12495839865775
2128,200.12504721399645
2129,200.12513599113564
2130,200.12522473003386
2131,200.12531343065024
2132,200.12540209294392
2133,200.12549071687394
2134,200.12557930239976
2135,200.12566784948072
2136,200.12575635807653
2137,200.12584482814668
2138,200.12593325965116
2139,200.12602165254987
2140,200.12611000680286
2141,200.12619832237027
2142,200.12628659921253
2143,200.12637483728992
2144,200.12646303656308
2145,200.12655119699255
2146,200.12663931853933
2147,200.12672740116426
2148,200.12681544482828
2149,200.12690344949272
2150,200.12699141511868
2151,200.1270793416677
2152,200.12716722910116
2153,200.12725507738085
2154,200.12734288646837
2155,200.12743065632574
2156,200.12751838691486
2157,200.12760607819783
2158,200.12769373013703
2159,200.12778134269462
2160,200.12786891583318
2161,200.1279564495153
2162,200.12804394370372
2163,200.12813139836123
2164,200.1282188134507
2165,200.12830618893523
2166,200.12839352477812
2167,200.12848082094257
2168,200.12856807739203
2169,200.1286552940899
2170,200.12874247099992
2171,200.12882960808594
2172,200.12891670531172
2173,200.1290037626414
2174,200.1290907800389
2175,200.12917775746863
2176,200.1292646948948
2177,200.12935159228192
2178,200.1294384495946
2179,200.12952526679751
2180,200.12961204385547
2181,200.12969878073326
2182,200.12978547739618
2183,200.12987213380916
2184,200.12995874993754
2185,200.1300453257467
2186,200.1301318612021
2187,200.13021835626947
2188,200.13030481091437
2189,200.1303912251027
2190,200.13047759880035
2191,200.1305639319735
2192,200.1306502245882
2193,200.13073647661082
2194,200.13082268800773
2195,200.13090885874536
2196,200.13099498879046
2197,200.13108107810967
2198,200.13116712666994
2199,200.13125313443805
2200,200.1313391013812
2201,200.13142502746652
2202,200.1315109126613
2203,200.13159675693296
2204,200.13168256024903
2205,200.13176832257716
2206,200.13185404388494
2207,200.13193972414027
2208,200.1320253633111
2209,200.13211096136558
2210,200.13219651827185
2211,200.13228203399802
2212,200.13236750851266
2213,200.13245294178424
2214,200.13253833378127
2215,200.13262368447258
2216,200.13270899382692
2217,200.1327942618133
2218,200.1328794884007
2219,200.13296467355823
2220,200.1330498172552
2221,200.13313491946104
2222,200.133219980145
2223,200.13330499927682
2224,200.13338997682624
2225,200.13347491276286
2226,200.13355980705674
2227,200.13364465967788
2228,200.13372947059625
2229,200.13381423978223
2230,200.13389896720597
2231,200.13398365283803
2232,200.1340682966489
2233,200.13415289860924
2234,200.13423745868977
2235,200.13432197686137
2236,200.13440645309495
2237,200.13449088736164
2238,200.13457527963251
2239,200.13465962987888
2240,200.13474393807212
2241,200.1348282041837
2242,200.1349124281853
2243,200.13499661004832
2244,200.13508074974482
2245,200.13516484724659
2246,200.13524890252563
2247,200.13533291555405
2248,200.13541688630409
2249,200.13550081474793
2250,200.13558470085803
2251,200.13566854460694
2252,200.1357523459673
2253,200.13583610491173
2254,200.135919821413
2255,200.13600349544424
2256,200.13608712697825
2257,200.13617071598821
2258,200.13625426244735
2259,200.13633776632904
2260,200.1364212276066
2261,200.13650464625363
2262,200.13658802224376
2263,200.13667135555062
2264,200.13675464614815
2265,200.13683789401014
2266,200.13692109911076
2267,200.13700426142398
2268,200.13708738092416
2269,200.13717045758557
2270,200.13725349138255
2271,200.1373364822897
2272,200.1374194302816
2273,200.13750233533307
2274,200.1375851974187
2275,200.1376680165137
2276,200.1377507925929
2277,200.1378335256314
2278,200.1379162156044
2279,200.13799886248725
2280,200.13808146625536
2281,200.13816402688414
2282,200.13824654434936
2283,200.13832901862654
2284,200.1384114496916
2285,200.13849383752037
2286,200.1385761820888
2287,200.13865848337312
2288,200.1387407413492
2289,200.13882295599365
2290,200.13890512728258
2291,200.13898725519257
2292,200.13906933970017
2293,200.13915138078204
2294,200.13923337841493
2295,200.13931533257565
2296,200.13939724324123
2297,200.1394791103886
2298,200.13956093399491
2299,200.13964271403745
2300,200.13972445049342
2301,200.13980614334037
2302,200.13988779255573
2303,200.13996939811707
2304,200.14005096000213
2305,200.14013247818863
2306,200.1402139526546
2307,200.14029538337786
2308,200.14037677033647
2309,200.14045811350869
2310,200.1405394128727
2311,200.1406206684069
2312,200.14070188008978
2313,200.14078304789965
2314,200.14086417181534
2315,200.14094525181545
2316,200.1410262878789
2317,200.14110727998448
2318,200.14118822811116
2319,200.14126913223802
2320,200.14134999234437
2321,200.14143080840932
2322,200.14151158041236
2323,200.14159230833272
2324,200.14167299215018
2325,200.14175363184415
2326,200.14183422739444
2327,200.14191477878086
2328,200.14199528598334
2329,200.14207574898177
2330,200.14215616775624
2331,200.14223654228692
2332,200.14231687255412
2333,200.14239715853807
2334,200.14247740021924
2335,200.14255759757825
2336,200.14263775059558
2337,200.14271785925192
2338,200.14279792352824
2339,200.14287794340515
2340,200.14295791886374
2341,200.1430378498851
2342,200.14311773645028
2343,200.14319757854054
2344,200.14327737613718
2345,200.14335712922153
2346,200.14343683777525
2347,200.1435165017798
2348,200.1435961212168
2349,200.1436756960681
2350,200.1437552263154
2351,200.1438347119408
2352,200.14391415292604
2353,200.14399354925348
2354,200.14407290090517
2355,200.1441522078633
2356,200.14423147011038
2357,200.14431068762875
2358,200.1443898604009
2359,200.1444689884095
2360,200.14454807163716
2361,200.14462711006675
2362,200.1447061036811
2363,200.14478505246302
2364,200.14486395639577
2365,200.1449428154623
2366,200.14502162964584
2367,200.14510039892966
2368,200.14517912329723
2369,200.14525780273192
2370,200.1453364372172
2371,200.14541502673663
2372,200.14549357127416
2373,200.14557207081342
2374,200.14565052533823
2375,200.14572893483265
2376,200.1458072992806
2377,200.14588561866623
2378,200.14596389297378
2379,200.14604212218748
2380,200.14612030629172
2381,200.14619844527093
2382,200.14627653910966
2383,200.14635458779242
2384,200.146432591304
2385,200.14651054962914
2386,200.14658846275256
2387,200.14666633065946
2388,200.14674415333462
2389,200.14682193076322
2390,200.14689966293045
2391,200.14697734982164
2392,200.14705499142195
2393,200.14713258771684
2394,200.1472101386919
2395,200.14728764433264
2396,200.14736510462464
2397,200.14744251955386
2398,200.14751988910587
2399,200.14759721326666
2400,200.14767449202233
2401,200.14775172535875
2402,200.14782891326215
2403,200.1479060557186
2404,200.1479831527146
2405,200.14806020423634
2406,200.14813721027042
2407,200.14821417080327
2408,200.14829108582148
2409,200.14836795531187
2410,200.148444779261
2411,200.14852155765578
2412,200.1485982904832
2413,200.14867497773025
2414,200.14875161938392
2415,200.14882821543137
2416,200.14890476585995
2417,200.14898127065683
2418,200.14905772980933
2419,200.14913414330508
2420,200.14921051113149
2421,200.14928683327628
2422,200.14936310972703
2423,200.14943934047156
2424,200.14951552549772
2425,200.14959166479338
2426,200.14966775834657
2427,200.14974380614532
2428,200.14981980817782
2429,200.14989576443213
2430,200.1499716748968
2431,200.15004753956003
2432,200.1501233584102
2433,200.1501991314361
2434,200.1502748586261
2435,200.15035053996883
2436,200.1504261754532
2437,200.15050176506793
2438,200.15057730880184
2439,200.15065280664402
2440,200.1507282585835
2441,200.1508036646094
2442,200.15087902471083
2443,200.1509543388771
2444,200.1510296070976
2445,200.15110482936163
2446,200.15118000565872
2447,200.1512551359784
2448,200.15133022031037
2449,200.15140525864422
2450,200.1514802509698
2451,200.15155519727688
2452,200.1516300975555
2453,200.15170495179555
2454,200.1517797599872
2455,200.1518545221204
2456,200.1519292381855
2457,200.1520039081728
2458,200.15207853207252
2459,200.1521531098752
2460,200.15222764157127
2461,200.1523021271513
2462,200.152376566606
2463,200.152450959926
2464,200.15252530710205
2465,200.15259960812512
2466,200.15267386298603
2467,200.15274807167586
2468,200.1528222341855
2469,200.15289635050627
2470,200.15297042062923
2471,200.15304444454577
2472,200.15311842224716
2473,200.15319235372485
2474,200.15326623897022
2475,200.15334007797495
2476,200.15341387073065
2477,200.15348761722893
2478,200.1535613174616
2479,200.15363497142044
2480,200.1537085790974
2481,200.15378214048454
2482,200.15385565557372
2483,200.15392912435715
2484,200.1540025468269
2485,200.15407592297532
2486,200.15414925279467
2487,200.15422253627744
2488,200.15429577341587
2489,200.15436896420252
2490,200.15444210863006
2491,200.15451520669123
2492,200.1545882583785
2493,200.15466126368486
2494,200.15473422260297
2495,200.1548071351259
2496,200.15488000124662
2497,200.15495282095821
2498,200.15502559425363
2499,200.15509832112625
2500,200.15517100156924
2501,200.15524363557603
2502,200.1553162231398
2503,200.15538876425407
2504,200.15546125891248
2505,200.15553370710853
2506,200.15560610883583
2507,200.15567846408814
2508,200.15575077285934
2509,200.15582303514307
2510,200.15589525093347
2511,200.15596742022433
2512,200.15603954300983
2513,200.156111619284
2514,200.156183649041
2515,200.15625563227513
2516,200.15632756898066
2517,200.15639945915197
2518,200.15647130278347
2519,200.15654309986977
2520,200.15661485040533
2521,200.15668655438475
2522,200.15675821180272
2523,200.15682982265412
2524,200.1569013869337
2525,200.1569729046363
2526,200.1570443757568
2527,200.15711580029037
2528,200.15718717823208
2529,200.157258509577
2530,200.1573297943203
2531,200.1574010324572
2532,200.15747222398318
2533,200.15754336889353
2534,200.15761446718378
2535,200.15768551884935
2536,200.15775652388584
2537,200.15782748228898
2538,200.1578983940543
2539,200.15796925917775
2540,200.15804007765507
2541,200.1581108494822
2542,200.15818157465492
2543,200.15825225316948
2544,200.1583228850217
2545,200.158393470208
2546,200.15846400872428
2547,200.15853450056713
2548,200.1586049457326
2549,200.1586753442171
2550,200.15874569601715
2551,200.15881600112928
2552,200.15888625955003
2553,200.15895647127593
2554,200.15902663630365
2555,200.15909675463018
2556,200.15916682625206
2557,200.15923685116627
2558,200.1593068293697
2559,200.1593767608594
2560,200.1594466456324
2561,200.15951648368585
2562,200.15958627501678
2563,200.15965601962247
2564,200.1597257175003
2565,200.15979536864742
2566,200.1598649730615
2567,200.15993453073975
2568,200.16000404167983
2569,200.16007350587918
2570,200.16014292333566
2571,200.1602122940468
2572,200.16028161801054
2573,200.1603508952244
2574,200.1604201256865
2575,200.16048930939476
2576,200.16055844634707
2577,200.1606275365415
2578,200.1606965799762
2579,200.16076557664934
2580,200.1608345265591
2581,200.16090342970378
2582,200.16097228608172
2583,200.1610410956913
2584,200.16110985853098
2585,200.16117857459935
2586,200.16124724389496
2587,200.16131586641634
2588,200.16138444216213
2589,200.1614529711312
2590,200.16152145332234
2591,200.16158988873437
2592,200.16165827736623
2593,200.16172661921684
2594,200.1617949142853
2595,200.16186316257057
2596,200.16193136407185
2597,200.16199951878838
2598,200.16206762671933
2599,200.16213568786398
2600,200.16220370222186
2601,200.16227166979218
2602,200.16233959057456
2603,200.1624074645685
2604,200.1624752917735
2605,200.1625430721892
2606,200.16261080581546
2607,200.16267849265182
2608,200.16274613269823
2609,200.16281372595455
2610,200.16288127242052
2611,200.16294877209629
2612,200.16301622498187
2613,200.16308363107734
2614,200.16315099038275
2615,200.16321830289831
2616,200.16328556862427
2617,200.16335278756088
2618,200.1634199597086
2619,200.16348708506771
2620,200.16355416363885
2621,200.1636211954223
2622,200.16368818041883
2623,200.16375511862884
2624,200.16382201005325
2625,200.16388885469257
2626,200.1639556525477
2627,200.16402240361953
2628,200.1640891079088
2629,200.16415576541655
2630,200.16422237614364
2631,200.16428894009124
2632,200.16435545726046
2633,200.16442192765234
2634,200.16448835126815
2635,200.16455472810918
2636,200.16462105817664
2637,200.164687341472
2638,200.16475357799663
2639,200.16481976775194
2640,200.16488591073946
2641,200.16495200696093
2642,200.16501805641775
2643,200.16508405911168
2644,200.16515001504442
2645,200.1652159242177
2646,200.1652817866335
2647,200.16534760229356
2648,200.16541337119986
2649,200.16547909335438
2650,200.16554476875913
2651,200.16561039741623
2652,200.16567597932772
2653,200.16574151449592
2654,200.16580700292303
2655,200.16587244461127
2656,200.16593783956307
2657,200.16600318778077
2658,200.16606848926668
2659,200.16613374402345
2660,200.16619895205363
2661,200.16626411335972
2662,200.16632922794437
2663,200.1663942958103
2664,200.1664593169603
2665,200.166524291397
2666,200.16658921912338
2667,200.1666541001423
2668,200.16671893445664
2669,200.16678372206943
2670,200.1668484629837
2671,200.16691315720257
2672,200.16697780472907
2673,200.16704240556655
2674,200.16710695971807
2675,200.167171467187
2676,200.16723592797666
2677,200.16730034209039
2678,200.1673647095316
2679,200.16742903030388
2680,200.16749330441073
2681,200.1675575318556
2682,200.16762171264227
2683,200.16768584677425
2684,200.16774993425543
2685,200.16781397508942
2686,200.16787796928017
2687,200.16794191683135
2688,200.168005817747
2689,200.16806967203107
2690,200.1681334796876
2691,200.16819724072053
2692,200.16826095513406
2693,200.16832462293226
2694,200.1683882441194
2695,200.1684518186997
2696,200.16851534667742
2697,200.16857882805692
2698,200.16864226284264
2699,200.1687056510389
2700,200.16876899265017
2701,200.16883228768103
2702,200.168895536136
2703,200.16895873801974
2704,200.16902189333695
2705,200.16908500209234
2706,200.16914806429048
2707,200.1692110799364
2708,200.16927404903484
2709,200.1693369715907
2710,200.1693998476089
2711,200.1694626770945
2712,200.1695254600524
2713,200.16958819648784
2714,200.1696508864058
2715,200.16971352981153
2716,200.16977612671013
2717,200.16983867710704
2718,200.16990118100745
2719,200.1699636384167
2720,200.1700260493403
2721,200.1700884137835
2722,200.17015073175185
2723,200.170213003251
2724,200.17027522828644
2725,200.17033740686367
2726,200.17039953898856
2727,200.17046162466664
2728,200.1705236639038
2729,200.17058565670573
2730,200.1706476030783
2731,200.1707095030274
2732,200.17077135655904
2733,200.17083316367908
2734,200.1708949243936
2735,200.17095663870853
2736,200.1710183066302
2737,200.17107992816463
2738,200.17114150331798
2739,200.17120303209657
2740,200.1712645145066
2741,200.17132595055446
2742,200.17138734024647
2743,200.1714486835891
2744,200.17150998058872
2745,200.17157123125182
2746,200.17163243558502
2747,200.17169359359485
2748,200.17175470528798
2749,200.17181577067097
2750,200.1718767897507
2751,200.17193776253382
2752,200.1719986890271
2753,200.17205956923738
2754,200.17212040317165
2755,200.1721811908367
2756,200.1722419322396
2757,200.17230262738724
2758,200.1723632762868
2759,200.17242387894524
2760,200.17248443536982
2761,200.17254494556764
2762,200.1726054095459
2763,200.17266582731187
2764,200.17272619887297
2765,200.17278652423633
2766,200.1728468034095
2767,200.17290703639983
2768,200.17296722321484
2769,200.173027363862
2770,200.17308745834882
2771,200.17314750668297
2772,200.1732075088721
2773,200.17326746492375
2774,200.1733273748457
2775,200.17338723864583
2776,200.17344705633175
2777,200.17350682791132
2778,200.17356655339245
2779,200.17362623278316
2780,200.17368586609123
2781,200.17374545332478
2782,200.17380499449186
2783,200.17386448960042
2784,200.17392393865876
2785,200.1739833416748
2786,200.17404269865705
2787,200.17410200961345
2788,200.17416127455238
2789,200.1742204934823
2790,200.17427966641134
2791,200.17433879334803
2792,200.17439787430087
2793,200.17445690927815
2794,200.17451589828852
2795,200.17457484134053
2796,200.1746337384428
2797,200.1746925896038
2798,200.1747513948324
2799,200.17481015413722
2800,200.17486886752698
2801,200.17492753501054
2802,200.1749861565967
2803,200.17504473229434
2804,200.17510326211232
2805,200.17516174605962
2806,200.17522018414527
2807,200.1752785763783
2808,200.1753369227676
2809,200.17539522332248
2810,200.17545347805196
2811,200.17551168696528
2812,200.1755698500716
2813,200.1756279673802
2814,200.1756860389004
2815,200.17574406464144
2816,200.17580204461277
2817,200.1758599788238
2818,200.1759178672839
2819,200.17597571000266
2820,200.17603350698943
2821,200.17609125825393
2822,200.17614896380567
2823,200.1762066236543
2824,200.17626423780953
2825,200.176321806281
2826,200.17637932907846
2827,200.17643680621168
2828,200.17649423769058
2829,200.17655162352492
2830,200.17660896372465
2831,200.17666625829952
2832,200.17672350725974
2833,200.17678071061505
2834,200.17683786837583
2835,200.17689498055194
2836,200.17695204715338
2837,200.1770090681905
2838,200.17706604367342
2839,200.17712297361234
2840,200.17717985801758
2841,200.1772366968994
2842,200.17729349026806
2843,200.17735023813393
2844,200.17740694050755
2845,200.17746359739925
2846,200.17752020881952
2847,200.17757677477888
2848,200.17763329528776
2849,200.17768977035698
2850,200.17774619999693
2851,200.17780258421843
2852,200.17785892303203
2853,200.17791521644853
2854,200.17797146447865
2855,200.17802766713322
2856,200.17808382442297
2857,200.17813993635897
2858,200.1781960029519
2859,200.17825202421275
2860,200.17830800015258
2861,200.17836393078238
2862,200.17841981611306
2863,200.1784756561558
2864,200.1785314509217
2865,200.17858720042184
2866,200.17864290466753
2867,200.17869856366985
2868,200.17875417744003
2869,200.1788097459895
2870,200.1788652693294
2871,200.1789207474712
2872,200.17897618042633
2873,200.17903156820609
2874,200.179086910822
2875,200.17914220828544
2876,200.179197460608
2877,200.1792526678013
2878,200.17930782987676
2879,200.1793629468462
2880,200.17941801872115
2881,200.17947304551328
2882,200.17952802723443
2883,200.17958296389625
2884,200.1796378555105
2885,200.17969270208906
2886,200.1797475036438
2887,200.1798022601866
2888,200.17985697172944
2889,200.17991163828415
2890,200.17996625986282
2891,200.18002083647735
2892,200.18007536814
2893,200.18012985486263
2894,200.18018429665742
2895,200.1802386935367
2896,200.1802930455124
2897,200.18034735259695
2898,200.1804016148024
2899,200.1804558321412
2900,200.1805100046256
2901,200.1805641322679
2902,200.1806182150805
2903,200.18067225307593
2904,200.18072624626657
2905,200.18078019466478
2906,200.1808340982832
2907,200.18088795713436
2908,200.18094177123083
2909,200.1809955405851
2910,200.18104926520996
2911,200.181102945118
2912,200.18115658032193
2913,200.18121017083445
2914,200.18126371666838
2915,200.1813172178365
2916,200.1813706743516
2917,200.1814240862266
2918,200.1814774534743
2919,200.18153077610768
2920,200.18158405413973
2921,200.18163728758333
2922,200.18169047645156
2923,200.18174362075752
2924,200.1817967205142
2925,200.1818497757347
2926,200.18190278643218
2927,200.18195575261979
2928,200.18200867431077
2929,200.18206155151825
2930,200.1821143842557
2931,200.1821671725362
2932,200.18221991637327
2933,200.18227261578008
2934,200.1823252707701
2935,200.1823778813567
2936,200.1824304475534
2937,200.18248296937358
2938,200.18253544683085
2939,200.1825878799386
2940,200.18264026871046
2941,200.18269261316007
2942,200.18274491330098
2943,200.18279716914697
2944,200.18284938071162
2945,200.18290154800852
2946,200.18295367105168
2947,200.18300574985471
2948,200.18305778443144
2949,200.18310977479572
2950,200.18316172096138
2951,200.18321362294236
2952,200.1832654807526
2953,200.183317294406
2954,200.18336906391653
2955,200.18342078929808
2956,200.183472470565
2957,200.1835241077311
2958,200.18357570081054
2959,200.18362724981742
2960,200.18367875476585
2961,200.18373021567024
2962,200.18378163254465
2963,200.1838330054032
2964,200.18388433426037
2965,200.18393561913035
2966,200.1839868600274
2967,200.18403805696607
2968,200.18408920996058
2969,200.18414031902537
2970,200.18419138417488
2971,200.18424240542362
2972,200.18429338278602
2973,200.18434431627668
2974,200.18439520591008
2975,200.1844460517009
2976,200.18449685366363
2977,200.18454761181297
2978,200.18459832616355
2979,200.18464899673015
2980,200.18469962352745
2981,200.18475020657007
2982,200.18480074587296
2983,200.18485124145087
2984,200.1849016933186
2985,200.184952101491
2986,200.185002465983
2987,200.18505278680956
2988,200.18510306398545
2989,200.1851532975258
2990,200.1852034874455
2991,200.18525363375963
2992,200.1853037364832
2993,200.18535379563136
2994,200.18540381121917
2995,200.18545378326175
2996,200.18550371177432
2997,200.18555359677194
2998,200.1856034382699
2999,200.18565323628349
3000,200.1857029908279
3001,200.18575270191846
3002,200.1858023695704
3003,200.1858519937992
3004,200.18590157462017
3005,200.18595111204866
3006,200.18600060610024
3007,200.18605005679012
3008,200.18609946413395
3009,200.18614882814725
3010,200.18619814884545
3011,200.18624742624422
3012,200.186296660359
3013,200.18634585120546
3014,200.18639499879933
3015,200.1864441031561
3016,200.18649316429162
3017,200.1865421822215
3018,200.1865911569614
3019,200.18664008852724
3020,200.18668897693476
3021,200.18673782219977
3022,200.18678662433805
3023,200.18683538336555
3024,200.18688409929814
3025,200.1869327721517
3026,200.18698140194223
3027,200.18702998868562
3028,200.18707853239803
3029,200.18712703309524
3030,200.18717549079344
3031,200.18722390550866
3032,200.18727227725702
3033,200.1873206060546
3034,200.1873688919176
3035,200.18741713486213
3036,200.18746533490443
3037,200.18751349206062
3038,200.18756160634706
3039,200.18760967777993
3040,200.18765770637557
3041,200.18770569215025
3042,200.18775363512043
3043,200.18780153530238
3044,200.18784939271237
3045,200.1878972073671
3046,200.18794497928272
3047,200.1879927084759
3048,200.18804039496302
3049,200.1880880387606
3050,200.18813563988527
3051,200.1881831983535
3052,200.18823071418188
3053,200.188278187387
3054,200.18832561798553
3055,200.1883730059941
3056,200.18842035142941
3057,200.1884676543081
3058,200.18851491464696
3059,200.18856213246283
3060,200.1886093077723
3061,200.18865644059227
3062,200.18870353093948
3063,200.18875057883093
3064,200.18879758428338
3065,200.18884454731372
3066,200.18889146793884
3067,200.18893834617583
3068,200.18898518204142
3069,200.1890319755528
3070,200.18907872672676
3071,200.1891254355806
3072,200.18917210213115
3073,200.1892187263956
3074,200.18926530839119
3075,200.18931184813468
3076,200.1893583456435
3077,200.1894048009347
3078,200.1894512140255
3079,200.1894975849331
3080,200.18954391367473
3081,200.1895902002677
3082,200.18963644472927
3083,200.18968264707672
3084,200.18972880732744
3085,200.18977492549868
3086,200.18982100160787
3087,200.18986703567236
3088,200.18991302770968
3089,200.18995897773712
3090,200.1900048857722
3091,200.19005075183242
3092,200.1900965759353
3093,200.19014235809826
3094,200.19018809833906
3095,200.19023379667507
3096,200.190279453124
3097,200.19032506770336
3098,200.1903706404309
3099,200.19041617132424
3100,200.19046166040107
3101,200.19050710767905
3102,200.19055251317582
3103,200.19059787690932
3104,200.19064319889713
3105,200.1906884791573
3106,200.19073371770736
3107,200.1907789145652
3108,200.19082406974871
3109,200.1908691832758
3110,200.19091425516433
3111,200.19095928543223
3112,200.19100427409734
3113,200.19104922117788
3114,200.19109412669155
3115,200.1911389906565
3116,200.19118381309062
3117,200.19122859401207
3118,200.1912733334389
3119,200.19131803138913
3120,200.191362687881
3121,200.19140730293248
3122,200.19145187656173
3123,200.191496408787
3124,200.19154089962637
3125,200.19158534909815
3126,200.1916297572205
3127,200.1916741240118
3128,200.19171844949014
3129,200.1917627336739
3130,200.1918069765814
3131,200.19185117823085
3132,200.1918953386408
3133,200.19193945782948
3134,200.1919835358153
3135,200.19202757261664
3136,200.192071568252
3137,200.19211552273984
3138,200.19215943609854
3139,200.1922033083466
3140,200.19224713950265
3141,200.19229092958508
3142,200.1923346786125
3143,200.19237838660345
3144,200.19242205357668
3145,200.19246567955057
3146,200.19250926454387
3147,200.19255280857513
3148,200.19259631166315
3149,200.1926397738265
3150,200.19268319508404
3151,200.1927265754543
3152,200.19276991495613
3153,200.19281321360828
3154,200.19285647142945
3155,200.1928996884387
3156,200.19294286465453
3157,200.192986000096
3158,200.19302909478185
3159,200.193072148731
3160,200.1931151619624
3161,200.19315813449487
3162,200.19320106634737
3163,200.19324395753893
3164,200.19328680808843
3165,200.1933296180149
3166,200.19337238733735
3167,200.19341511607482
3168,200.19345780424638
3169,200.19350045187096
3170,200.19354305896775
3171,200.19358562555593
3172,200.19362815165448
3173,200.19367063728257
3174,200.1937130824594
3175,200.19375548720404
3176,200.19379785153586
3177,200.19384017547395
3178,200.19388245903752
3179,200.193924702246
3180,200.19396690511846
3181,200.1940090676742
3182,200.19405118993268
3183,200.1940932719131
3184,200.1941353136347
3185,200.19417731511706
3186,200.1942192763794
3187,200.19426119744116
3188,200.19430307832178
3189,200.19434491904065
3190,200.19438671961723
3191,200.19442848007088
3192,200.1944702004213
3193,200.1945118806878
3194,200.19455352089
3195,200.19459512104734
3196,200.19463668117945
3197,200.19467820130578
3198,200.19471968144612
3199,200.19476112161988
3200,200.19480252184673
3201,200.19484388214627
3202,200.19488520253825
3203,200.1949264830423
3204,200.19496772367816
3205,200.19500892446547
3206,200.19505008542396
3207,200.19509120657332
3208,200.1951322879334
3209,200.19517332952387
3210,200.19521433136455
3211,200.19525529347538
3212,200.195296215876
3213,200.19533709858626
3214,200.1953779416262
3215,200.1954187450155
3216,200.19545950877412
3217,200.19550023292203
3218,200.19554091747898
3219,200.1955815624651
3220,200.19562216790018
3221,200.19566273380426
3222,200.19570326019738
3223,200.19574374709944
3224,200.1957841945305
3225,200.19582460251073
3226,200.19586497105993
3227,200.19590530019838
3228,200.19594558994604
3229,200.19598584032306
3230,200.19602605134955
3231,200.1960662230456
3232,200.19610635543137
3233,200.19614644852706
3234,200.19618650235284
3235,200.19622651692893
3236,200.1962664922754
3237,200.19630642841264
3238,200.19634632536085
3239,200.19638618314033
3240,200.19642600177124
3241,200.19646578127393
3242,200.19650552166857
3243,200.19654522297571
3244,200.19658488521557
3245,200.19662450840855
3246,200.19666409257485
3247,200.196703637735
3248,200.1967431439094
3249,200.19678261111844
3250,200.1968220393825
3251,200.19686142872206
3252,200.19690077915755
3253,200.19694009070946
3254,200.19697936339824
3255,200.19701859724452
3256,200.1970577922686
3257,200.1970969484912
3258,200.19713606593277
3259,200.19717514461385
3260,200.19721418455504
3261,200.19725318577696
3262,200.19729214830016
3263,200.19733107214535
3264,200.197369957333
3265,200.19740880388392
3266,200.19744761181875
3267,200.1974863811581
3268,200.1975251119227
3269,200.19756380413327
3270,200.19760245781043
3271,200.197641072975
3272,200.1976796496477
3273,200.19771818784938
3274,200.19775668760073
3275,200.1977951489224
3276,200.19783357183542
3277,200.1978719563606
3278,200.1979103025186
3279,200.1979486103304
3280,200.19798687981685
3281,200.19802511099877
3282,200.19806330389702
3283,200.1981014585327
3284,200.19813957492647
3285,200.19817765309944
3286,200.19821569307246
3287,200.19825369486657
3288,200.1982916585026
3289,200.19832958400164
3290,200.19836747138459
3291,200.19840532067263
3292,200.19844313188665
3293,200.19848090504766
3294,200.1985186401768
3295,200.19855633729512
3296,200.1985939964236
3297,200.19863161758346
3298,200.19866920079568
3299,200.19870674608143
3300,200.19874425346194
3301,200.19878172295824
3302,200.1988191545915
3303,200.1988565483829
3304,200.1988939043537
3305,200.19893122252492
3306,200.19896850291784
3307,200.19900574555376
3308,200.19904295045382
3309,200.19908011763923
3310,200.1991172471314
3311,200.19915433895156
3312,200.19919139312088
3313,200.1992284096607
3314,200.19926538859238
3315,200.19930232993724
3316,200.19933923371647
3317,200.19937609995168
3318,200.19941292866403
3319,200.19944971987488
3320,200.19948647360582
3321,200.19952318987797
3322,200.1995598687128
3323,200.19959651013193
3324,200.19963311415668
3325,200.19966968080834
3326,200.19970621010862
3327,200.19974270207885
3328,200.19977915674053
3329,200.19981557411506
3330,200.19985195422407
3331,200.19988829708905
3332,200.19992460273153
3333,200.1999608711731
3334,200.19999710243522
3335,200.2000332965394
3336,200.20006945350735
3337,200.20010557336067
3338,200.2001416561208
3339,200.2001777018094
3340,200.20021371044817
3341,200.2002496820587
3342,200.20028561666268
3343,200.20032151428174
3344,200.2003573749375
3345,200.20039319865168
3346,200.20042898544588
3347,200.20046473534197
3348,200.20050044836157
3349,200.2005361245264
3350,200.20057176385816
3351,200.20060736637865
3352,200.20064293210964
3353,200.2006784610729
3354,200.2007139532902
3355,200.20074940878328
3356,200.20078482757398
3357,200.20082020968414
3358,200.20085555513546
3359,200.20089086394995
3360,200.20092613614938
3361,200.20096137175554
3362,200.2009965707904
3363,200.2010317332757
3364,200.2010668592335
3365,200.20110194868553
3366,200.20113700165385
3367,200.20117201816035
3368,200.2012069982268
3369,200.20124194187542
3370,200.2012768491278
3371,200.2013117200062
3372,200.20134655453253
3373,200.20138135272867
3374,200.20141611461676
3375,200.20145084021866
3376,200.2014855295565
3377,200.2015201826521
3378,200.2015547995278
3379,200.20158938020535
3380,200.201623924707
3381,200.20165843305475
3382,200.2016929052707
3383,200.2017273413769
3384,200.20176174139544
3385,200.20179610534842
3386,200.2018304332579
3387,200.2018647251461
3388,200.20189898103513
3389,200.2019332009471
3390,200.20196738490418
3391,200.20200153292853
3392,200.20203564504234
3393,200.20206972126775
3394,200.20210376162703
3395,200.2021377661422
3396,200.20217173483562
3397,200.20220566772952
3398,200.20223956484614
3399,200.20227342620757
3400,200.20230725183623
3401,200.20234104175424
3402,200.2023747959839
3403,200.20240851454753
3404,200.20244219746738
3405,200.20247584476581
3406,200.202509456465
3407,200.20254303258727
3408,200.20257657315517
3409,200.20261007819067
3410,200.20264354771635
3411,200.2026769817545
3412,200.20271038032752
3413,200.2027437434577
3414,200.20277707116745
3415,200.20281036347905
3416,200.202843620415
3417,200.20287684199778
3418,200.20291002824968
3419,200.2029431791931
3420,200.2029762948505
3421,200.20300937524433
3422,200.20304242039703
3423,200.203075430331
3424,200.20310840506878
3425,200.2031413446328
3426,200.2031742490455
3427,200.2032071183295
3428,200.20323995250712
3429,200.20327275160085
3430,200.20330551563345
3431,200.20333824462713
3432,200.20337093860465
3433,200.2034035975884
3434,200.203436221601
3435,200.2034688106649
3436,200.2035013648029
3437,200.20353388403734
3438,200.2035663683908
3439,200.20359881788596
3440,200.20363123254535
3441,200.20366361239158
3442,200.2036959574472
3443,200.20372826773502
3444,200.20376054327744
3445,200.20379278409717
3446,200.2038249902169
3447,200.20385716165924
3448,200.20388929844677
3449,200.2039214006023
3450,200.20395346814834
3451,200.20398550110767
3452,200.20401749950295
3453,200.20404946335677
3454,200.204081392692
3455,200.20411328753124
3456,200.20414514789726
3457,200.20417697381265
3458,200.20420876530028
3459,200.20424052238275
3460,200.20427224508293
3461,200.20430393342355
3462,200.20433558742732
3463,200.204367207117
3464,200.2043987925153
3465,200.20443034364524
3466,200.20446186052934
3467,200.2044933431905
3468,200.20452479165152
3469,200.20455620593515
3470,200.20458758606426
3471,200.20461893206163
3472,200.20465024395008
3473,200.2046815217525
3474,200.20471276549168
3475,200.20474397519058
3476,200.20477515087185
3477,200.20480629255843
3478,200.20483740027325
3479,200.20486847403905
3480,200.20489951387887
3481,200.20493051981546
3482,200.20496149187187
3483,200.20499243007083
3484,200.20502333443528
3485,200.20505420498813
3486,200.20508504175237
3487,200.2051158447509
3488,200.20514661400662
3489,200.20517734954245
3490,200.2052080513814
3491,200.2052387195463
3492,200.20526935406016
3493,200.205299954946
3494,200.2053305222267
3495,200.2053610559253
3496,200.20539155606477
3497,200.20542202266802
3498,200.20545245575812
3499,200.20548285535799
3500,200.2055132214907
3501,200.2055435541792
3502,200.20557385344668
3503,200.20560411931584
3504,200.20563435180998
3505,200.20566455095192
3506,200.2056947167649
3507,200.20572484927186
3508,200.20575494849575
3509,200.2057850144598
3510,200.20581504718695
3511,200.20584504670035
3512,200.205875013023
3513,200.20590494617795
3514,200.20593484618834
3515,200.20596471307724
3516,200.20599454686774
3517,200.20602434758297
3518,200.20605411524593
3519,200.20608384987986
3520,200.20611355150774
3521,200.20614322015277
3522,200.20617285583802
3523,200.2062024585867
3524,200.20623202842177
3525,200.20626156536653
3526,200.2062910694441
3527,200.20632054067764
3528,200.20634997909016
3529,200.206379384705
3530,200.20640875754518
3531,200.2064380976339
3532,200.20646740499438
3533,200.20649667964977
3534,200.20652592162315
3535,200.20655513093791
3536,200.2065843076171
3537,200.20661345168395
3538,200.2066425631617
3539,200.20667164207342
3540,200.20670068844242
3541,200.20672970229185
3542,200.20675868364498
3543,200.20678763252505
3544,200.20681654895517
3545,200.20684543295872
3546,200.20687428455878
3547,200.20690310377879
3548,200.20693189064175
3549,200.20696064517105
3550,200.20698936738998
3551,200.2070180573218
3552,200.20704671498953
3553,200.2070753404168
3554,200.20710393362654
3555,200.20713249464222
3556,200.2071610234871
3557,200.20718952018433
3558,200.20721798475734
3559,200.20724641722924
3560,200.20727481762356
3561,200.2073031859634
3562,200.20733152227214
3563,200.2073598265731
3564,200.20738809888962
3565,200.20741633924487
3566,200.20744454766228
3567,200.20747272416511
3568,200.20750086877666
3569,200.20752898152028
3570,200.20755706241928
3571,200.2075851114971
3572,200.20761312877698
3573,200.20764111428227
3574,200.2076690680363
3575,200.20769699006246
3576,200.20772488038403
3577,200.20775273902441
3578,200.20778056600687
3579,200.2078083613549
3580,200.2078361250918
3581,200.2078638572409
3582,200.2078915578256
3583,200.20791922686934
3584,200.2079468643954
3585,200.20797447042713
3586,200.20800204498792
3587,200.20802958810125
3588,200.20805709979047
3589,200.20808458007895
3590,200.2081120289901
3591,200.20813944654716
3592,200.2081668327738
3593,200.2081941876932
3594,200.20822151132887
3595,200.20824880370424
3596,200.2082760648426
3597,200.20830329476743
3598,200.2083304935022
3599,200.20835766107024
3600,200.20838479749497
3601,200.20841190279984
3602,200.20843897700829
3603,200.2084660201437
3604,200.20849303222957
3605,200.20852001328925
3606,200.20854696334624
3607,200.20857388242388
3608,200.20860077054576
3609,200.2086276277352
3610,200.20865445401571
3611,200.20868124941063
3612,200.2087080139436
3613,200.20873474763786
3614,200.20876145051696
3615,200.20878812260437
3616,200.20881476392356
3617,200.20884137449784
3618,200.2088679543509
3619,200.20889450350597
3620,200.20892102198667
3621,200.20894750981645
3622,200.2089739670187
3623,200.20900039361698
3624,200.20902678963475
3625,200.20905315509543
3626,200.20907949002253
3627,200.20910579443955
3628,200.2091320683699
3629,200.20915831183711
3630,200.2091845248646
3631,200.20921070747602
3632,200.20923685969476
3633,200.20926298154419
3634,200.20928907304793
3635,200.2093151342294
3636,200.20934116511216
3637,200.20936716571964
3638,200.20939313607548
3639,200.20941907620292
3640,200.20944498612562
3641,200.20947086586713
3642,200.2094967154508
3643,200.2095225349002
3644,200.20954832423888
3645,200.20957408349025
3646,200.209599812678
3647,200.20962551182538
3648,200.20965118095603
3649,200.20967682009353
3650,200.20970242926128
3651,200.2097280084828
3652,200.20975355778162
3653,200.20977907718125
3654,200.20980456670523
3655,200.20983002637706
3656,200.20985545622023
3657,200.20988085625817
3658,200.20990622651462
3659,200.20993156701292
3660,200.2099568777767
3661,200.20998215882938
3662,200.21000741019452
3663,200.21003263189567
3664,200.21005782395633
3665,200.21008298639993
3666,200.2101081192501
3667,200.2101332225303
3668,200.21015829626413
3669,200.21018334047506
3670,200.21020835518672
3671,200.21023334042246
3672,200.21025829620595
3673,200.21028322256055
3674,200.21030811951002
3675,200.2103329870777
3676,200.21035782528716
3677,200.21038263416193
3678,200.21040741372556
3679,200.21043216400156
3680,200.21045688501343
3681,200.21048157678476
3682,200.21050623933908
3683,200.21053087269976
3684,200.2105554768906
3685,200.21058005193493
3686,200.21060459785633
3687,200.21062911467823
3688,200.21065360242434
3689,200.21067806111813
3690,200.21070249078298
3691,200.21072689144265
3692,200.21075126312047
3693,200.2107756058401
3694,200.210799919625
3695,200.2108242044987
3696,200.21084846048473
3697,200.21087268760664
3698,200.2108968858879
3699,200.21092105535217
3700,200.21094519602283
3701,200.21096930792342
3702,200.21099339107752
3703,200.21101744550856
3704,200.21104147124012
3705,200.21106546829586
3706,200.21108943669913
3707,200.21111337647346
3708,200.21113728764243
3709,200.2111611702295
3710,200.2111850242582
3711,200.21120884975213
3712,200.21123264673474
3713,200.2112564152296
3714,200.21128015526006
3715,200.21130386684987
3716,200.21132755002236
3717,200.2113512048011
3718,200.21137483120972
3719,200.21139842927153
3720,200.21142199901024
3721,200.21144554044918
3722,200.21146905361195
3723,200.211492538522
3724,200.211515995203
3725,200.2115394236782
3726,200.21156282397135
3727,200.21158619610577
3728,200.21160954010514
3729,200.2116328559928
3730,200.21165614379223
3731,200.21167940352714
3732,200.21170263522077
3733,200.21172583889683
3734,200.2117490145786
3735,200.21177216228978
3736,200.21179528205377
3737,200.21181837389406
3738,200.21184143783412
3739,200.21186447389746
3740,200.21188748210758
3741,200.211910462488
3742,200.21193341506205
3743,200.21195633985334
3744,200.21197923688536
3745,200.2120021061815
3746,200.21202494776531
3747,200.21204776166022
3748,200.21207054788965
3749,200.21209330647727
3750,200.21211603744632
3751,200.2121387408204
3752,200.21216141662296
3753,200.2121840648774
3754,200.21220668560724
3755,200.21222927883593
3756,200.21225184458686
3757,200.21227438288355
3758,200.21229689374948
3759,200.21231937720808
3760,200.21234183328266
3761,200.2123642619969
3762,200.21238666337413
3763,200.2124090374377
3764,200.21243138421124
3765,200.21245370371813
3766,200.21247599598163
3767,200.21249826102542
3768,200.21252049887278
3769,200.21254270954714
3770,200.21256489307206
3771,200.2125870494709
3772,200.212609178767
3773,200.2126312809838
3774,200.21265335614484
3775,200.21267540427334
3776,200.21269742539292
3777,200.2127194195268
3778,200.21274138669853
3779,200.21276332693148
3780,200.21278524024896
3781,200.21280712667453
3782,200.21282898623147
3783,200.21285081894317
3784,200.2128726248331
3785,200.21289440392457
3786,200.21291615624094
3787,200.2129378818057
3788,200.21295958064212
3789,200.21298125277357
3790,200.2130028982237
3791,200.2130245170155
3792,200.21304610917255
3793,200.21306767471822
3794,200.21308921367574
3795,200.21311072606858
3796,200.2131322119201
3797,200.21315367125365
3798,200.21317510409244
3799,200.21319651045997
3800,200.21321789037955
3801,200.2132392438745
3802,200.21326057096817
3803,200.21328187168388
3804,200.21330314604495
3805,200.21332439407482
3806,200.21334561579667
3807,200.21336681123387
3808,200.2133879804097
3809,200.2134091233476
3810,200.21343024007072
3811,200.21345133060245
3812,200.21347239496615
3813,200.213493433185
3814,200.21351444528236
3815,200.2135354312815
3816,200.2135563912058
3817,200.21357732507843
3818,200.2135982329227
3819,200.21361911476194
3820,200.21363997061943
3821,200.2136608005183
3822,200.213681604482
3823,200.2137023825337
3824,200.21372313469664
3825,200.2137438609942
3826,200.21376456144952
3827,200.2137852360858
3828,200.21380588492636
3829,200.21382650799447
3830,200.2138471053133
3831,200.2138676769062
3832,200.21388822279627
3833,200.21390874300678
3834,200.21392923756102
3835,200.21394970648208
3836,200.21397014979325
3837,200.21399056751773
3838,200.21401095967866
3839,200.2140313262994
3840,200.214051667403
3841,200.21407198301267
3842,200.21409227315172
3843,200.21411253784316
3844,200.21413277711025
3845,200.21415299097623
3846,200.2141731794642
3847,200.21419334259735
3848,200.21421348039883
3849,200.21423359289173
3850,200.21425368009923
3851,200.2142737420446
3852,200.21429377875094
3853,200.2143137902413
3854,200.21433377653892
3855,200.21435373766684
3856,200.2143736736482
3857,200.2143935845063
3858,200.21441347026396
3859,200.2144333309445
3860,200.21445316657093
3861,200.21447297716648
3862,200.2144927627541
3863,200.21451252335694
3864,200.21453225899816
3865,200.21455196970078
3866,200.2145716554878
3867,200.2145913163824
3868,200.21461095240775
3869,200.2146305635866
3870,200.21465014994234
3871,200.21466971149778
3872,200.21468924827613
3873,200.21470876030037
3874,200.21472824759363
3875,200.21474771017876
3876,200.21476714807898
3877,200.2147865613172
3878,200.2148059499164
3879,200.21482531389978
3880,200.2148446532902
3881,200.21486396811068
3882,200.21488325838422
3883,200.21490252413386
3884,200.21492176538263
3885,200.21494098215342
3886,200.21496017446927
3887,200.21497934235305
3888,200.21499848582786
3889,200.2150176049166
3890,200.21503669964216
3891,200.21505577002756
3892,200.21507481609584
3893,200.2150938378698
3894,200.21511283537237
3895,200.21513180862667
3896,200.21515075765535
3897,200.21516968248156
3898,200.21518858312808
3899,200.21520745961794
3900,200.21522631197385
3901,200.21524514021894
3902,200.2152639443759
3903,200.21528272446773
3904,200.21530148051724
3905,200.2153202125473
3906,200.21533892058085
3907,200.21535760464064
3908,200.21537626474975
3909,200.21539490093085
3910,200.21541351320678
3911,200.21543210160044
3912,200.21545066613464
3913,200.21546920683224
3914,200.21548772371605
3915,200.21550621680882
3916,200.21552468613342
3917,200.21554313171262
3918,200.21556155356922
3919,200.21557995172603
3920,200.2155983262059
3921,200.21561667703148
3922,200.21563500422567
3923,200.21565330781107
3924,200.21567158781065
3925,200.2156898442469
3926,200.21570807714284
3927,200.2157262865211
3928,200.2157444724044
3929,200.2157626348155
3930,200.21578077377697
3931,200.21579888931177
3932,200.2158169814425
3933,200.2158350501918
3934,200.21585309558256
3935,200.21587111763725
3936,200.21588911637863
3937,200.21590709182948
3938,200.21592504401238
3939,200.21594297295
3940,200.21596087866502
3941,200.21597876117997
3942,200.21599662051767
3943,200.21601445670075
3944,200.2160322697517
3945,200.21605005969337
3946,200.2160678265481
3947,200.21608557033866
3948,200.2161032910877
3949,200.21612098881775
3950,200.21613866355136
3951,200.2161563153112
3952,200.21617394411973
3953,200.21619154999968
3954,200.21620913297363
3955,200.21622669306396
3956,200.2162442302933
3957,200.21626174468426
3958,200.21627923625934
3959,200.21629670504103
3960,200.21631415105193
3961,200.2163315743145
3962,200.21634897485112
3963,200.21636635268453
3964,200.21638370783722
3965,200.2164010403315
3966,200.2164183501899
3967,200.21643563743498
3968,200.21645290208915
3969,200.2164701441749
3970,200.2164873637147
3971,200.21650456073093
3972,200.21652173524598
3973,200.21653888728247
3974,200.21655601686263
3975,200.21657312400907
3976,200.21659020874398
3977,200.21660727108994
3978,200.2166243110693
3979,200.21664132870438
3980,200.2166583240176
3981,200.21667529703132
3982,200.21669224776807
3983,200.21670917625002
3984,200.21672608249955
3985,200.21674296653893
3986,200.21675982839068
3987,200.216776668077
3988,200.21679348562023
3989,200.21681028104274
3990,200.21682705436677
3991,200.2168438056147
3992,200.21686053480872
3993,200.21687724197122
3994,200.2168939271243
3995,200.2169105902904
3996,200.2169272314917
3997,200.2169438507505
3998,200.21696044808905
3999,200.21697702352947
4000,200.2169935770942
4001,200.2170101088052
4002,200.21702661868483
4003,200.21704310675528
4004,200.21705957303882
4005,200.2170760175576
4006,200.2170924403337
4007,200.2171088413893
4008,200.2171252207467
4009,200.217141578428
4010,200.2171579144553
4011,200.21717422885087
4012,200.21719052163664
4013,200.21720679283487
4014,200.21722304246768
4015,200.21723927055717
4016,200.2172554771254
4017,200.2172716621945
4018,200.21728782578654
4019,200.2173039679236
4020,200.2173200886277
4021,200.21733618792098
4022,200.21735226582553
4023,200.21736832236328
4024,200.2173843575563
4025,200.21740037142666
4026,200.21741636399634
4027,200.21743233528724
4028,200.21744828532167
4029,200.21746421412132
4030,200.21748012170838
4031,200.2174960081047
4032,200.21751187333228
4033,200.21752771741302
4034,200.21754354036904
4035,200.2175593422222
4036,200.21757512299442
4037,200.21759088270755
4038,200.2176066213837
4039,200.21762233904457
4040,200.21763803571224
4041,200.21765371140853
4042,200.21766936615526
4043,200.21768499997435
4044,200.21770061288768
4045,200.21771620491714
4046,200.2177317760845
4047,200.21774732641163
4048,200.21776285592043
4049,200.21777836463272
4050,200.21779385257014
4051,200.21780931975468
4052,200.21782476620814
4053,200.2178401919521
4054,200.2178555970086
4055,200.21787098139924
4056,200.21788634514587
4057,200.21790168827022
4058,200.2179170107939
4059,200.2179323127389
4060,200.21794759412688
4061,200.21796285497936
4062,200.21797809531822
4063,200.21799331516516
4064,200.21800851454174
4065,200.21802369346986
4066,200.21803885197096
4067,200.21805399006675
4068,200.21806910777897
4069,200.2180842051293
4070,200.2180992821393
4071,200.21811433883053
4072,200.21812937522472
4073,200.21814439134346
4074,200.2181593872083
4075,200.21817436284084
4076,200.2181893182627
4077,200.21820425349546
4078,200.2182191685606
4079,200.21823406347968
4080,200.2182489382744
4081,200.2182637929661
4082,200.2182786275764
4083,200.21829344212682
4084,200.21830823663876
4085,200.2183230111339
4086,200.21833776563358
4087,200.21835250015928
4088,200.21836721473255
4089,200.21838190937493
4090,200.21839658410767
4091,200.21841123895223
4092,200.21842587393016
4093,200.21844048906277
4094,200.2184550843716
4095,200.21846965987788
4096,200.21848421560318
4097,200.21849875156883
4098,200.21851326779608
4099,200.2185277643064
4100,200.21854224112118
4101,200.21855669826172
4102,200.21857113574927
4103,200.2185855536053
4104,200.21859995185102
4105,200.21861433050785
4106,200.21862868959687
4107,200.21864302913966
4108,200.2186573491572
4109,200.218671649671
4110,200.21868593070212
4111,200.21870019227194
4112,200.21871443440168
4113,200.21872865711245
4114,200.2187428604257
4115,200.21875704436246
4116,200.21877120894396
4117,200.21878535419134
4118,200.21879948012585
4119,200.21881358676868
4120,200.21882767414084
4121,200.2188417422636
4122,200.21885579115812
4123,200.21886982084544
4124,200.2188838313468
4125,200.21889782268312
4126,200.2189117948757
4127,200.2189257479455
4128,200.21893968191358
4129,200.21895359680107
4130,200.21896749262902
4131,200.21898136941843
4132,200.2189952271904
4133,200.21900906596602
4134,200.2190228857661
4135,200.2190366866118
4136,200.219050468524
4137,200.2190642315239
4138,200.2190779756322
4139,200.2190917008701
4140,200.21910540725835
4141,200.21911909481804
4142,200.21913276357006
4143,200.2191464135354
4144,200.21916004473488
4145,200.2191736571894
4146,200.2191872509199
4147,200.21920082594718
4148,200.21921438229228
4149,200.21922791997588
4150,200.219241439019
4151,200.21925493944232
4152,200.21926842126663
4153,200.21928188451295
4154,200.219295329202
4155,200.21930875535458
4156,200.21932216299143
4157,200.21933555213343
4158,200.2193489228012
4159,200.21936227501564
4160,200.21937560879738
4161,200.21938892416722
4162,200.21940222114588
4163,200.21941549975398
4164,200.21942876001245
4165,200.21944200194173
4166,200.21945522556265
4167,200.2194684308958
4168,200.21948161796195
4169,200.2194947867816
4170,200.2195079373756
4171,200.2195210697643
4172,200.2195341839685
4173,200.2195472800088
4174,200.21956035790566
4175,200.2195734176798
4176,200.21958645935175
4177,200.2195994829421
4178,200.21961248847143
4179,200.2196254759601
4180,200.21963844542884
4181,200.21965139689817
4182,200.21966433038838
4183,200.21967724592025
4184,200.219690143514
4185,200.2197030231903
4186,200.2197158849696
4187,200.2197287288723
4188,200.2197415549187
4189,200.21975436312954
4190,200.21976715352505
4191,200.2197799261256
4192,200.21979268095166
4193,200.21980541802364
4194,200.21981813736187
4195,200.21983083898667
4196,200.21984352291852
4197,200.2198561891777
4198,200.21986883778453
4199,200.21988146875933
4200,200.21989408212235
4201,200.21990667789404
4202,200.21991925609447
4203,200.2199318167442
4204,200.2199443598632
4205,200.21995688547187
4206,200.2199693935905
4207,200.21998188423925
4208,200.2199943574383
4209,200.22000681320802
4210,200.22001925156835
4211,200.2200316725397
4212,200.22004407614227
4213,200.22005646239597
4214,200.2200688313211
4215,200.2200811829378
4216,200.2200935172662
4217,200.22010583432646
4218,200.22011813413857
4219,200.22013041672264
4220,200.22014268209887
4221,200.22015493028724
4222,200.22016716130778
4223,200.2201793751807
4224,200.22019157192588
4225,200.22020375156345
4226,200.2202159141133
4227,200.22022805959546
4228,200.22024018802998
4229,200.2202522994368
4230,200.22026439383595
4231,200.22027647124736
4232,200.2202885316909
4233,200.22030057518649
4234,200.2203126017542
4235,200.22032461141376
4236,200.22033660418523
4237,200.22034858008846
4238,200.22036053914323
4239,200.2203724813695
4240,200.22038440678702
4241,200.22039631541577
4242,200.2204082072754
4243,200.22042008238594
4244,200.22043194076704
4245,200.22044378243856
4246,200.22045560742018
4247,200.22046741573175
4248,200.22047920739308
4249,200.2204909824238
4250,200.22050274084367
4251,200.22051448267254
4252,200.22052620792985
4253,200.2205379166356
4254,200.22054960880928
4255,200.22056128447065
4256,200.22057294363938
4257,200.22058458633498
4258,200.22059621257725
4259,200.22060782238574
4260,200.22061941578002
4261,200.22063099277986
4262,200.2206425534047
4263,200.22065409767413
4264,200.22066562560775
4265,200.22067713722518
4266,200.22068863254583
4267,200.22070011158934
4268,200.22071157437514
4269,200.22072302092275
4270,200.22073445125184
4271,200.22074586538162
4272,200.2207572633318
4273,200.22076864512158
4274,200.22078001077057
4275,200.2207913602982
4276,200.22080269372393
4277,200.22081401106706
4278,200.22082531234702
4279,200.22083659758326
4280,200.22084786679505
4281,200.22085912000185
4282,200.220870357223
4283,200.2208815784777
4284,200.22089278378547
4285,200.22090397316546
4286,200.2209151466371
4287,200.2209263042197
4288,200.22093744593235
4289,200.22094857179448
4290,200.2209596818252
4291,200.22097077604388
4292,200.2209818544696
4293,200.2209929171218
4294,200.2210039640194
4295,200.22101499518175
4296,200.2210260106281
4297,200.22103701037753
4298,200.22104799444912
4299,200.22105896286212
4300,200.2210699156356
4301,200.22108085278867
4302,200.2210917743405
4303,200.22110268031008
4304,200.22111357071662
4305,200.221124445579
4306,200.2211353049164
4307,200.2211461487478
4308,200.22115697709242
4309,200.221167789969
4310,200.22117858739668
4311,200.22118936939444
4312,200.22120013598118
4313,200.22121088717603
4314,200.2212216229978
4315,200.22123234346554
4316,200.2212430485981
4317,200.2212537384144
4318,200.22126441293335
4319,200.2212750721738
4320,200.22128571615474
4321,200.22129634489497
4322,200.2213069584133
4323,200.22131755672862
4324,200.22132813985976
4325,200.22133870782557
4326,200.22134926064476
4327,200.22135979833612
4328,200.22137032091854
4329,200.2213808284107
4330,200.22139132083137
4331,200.22140179819925
4332,200.22141226053316
4333,200.22142270785173
4334,200.22143314017367
4335,200.22144355751766
4336,200.22145395990242
4337,200.22146434734657
4338,200.2214747198687
4339,200.2214850774876
4340,200.22149542022186
4341,200.22150574809004
4342,200.22151606111075
4343,200.22152635930252
4344,200.22153664268404
4345,200.22154691127375
4346,200.22155716509022
4347,200.22156740415213
4348,200.2215776284778
4349,200.22158783808587
4350,200.22159803299473
4351,200.22160821322296
4352,200.2216183787891
4353,200.22162852971138
4354,200.2216386660084
4355,200.2216487876986
4356,200.22165889480033
4357,200.22166898733198
4358,200.22167906531197
4359,200.22168912875887
4360,200.22169917769074
4361,200.22170921212603
4362,200.2217192320832
4363,200.22172923758043
4364,200.22173922863612
4365,200.2217492052685
4366,200.221759167496
4367,200.2217691153367
4368,200.22177904880903
4369,200.2217889679312
4370,200.2217988727213
4371,200.22180876319783
4372,200.2218186393788
4373,200.2218285012824
4374,200.22183834892695
4375,200.22184818233043
4376,200.22185800151118
4377,200.22186780648727
4378,200.2218775972769
4379,200.22188737389803
4380,200.22189713636897
4381,200.2219068847076
4382,200.2219166189321
4383,200.22192633906062
4384,200.2219360451111
4385,200.22194573710172
4386,200.22195541505033
4387,200.22196507897496
4388,200.22197472889366
4389,200.22198436482446
4390,200.22199398678538
4391,200.22200359479424
4392,200.222013188869
4393,200.22202276902772
4394,200.22203233528822
4395,200.22204188766847
4396,200.2220514261863
4397,200.22206095085966
4398,200.2220704617063
4399,200.22207995874433
4400,200.22208944199127
4401,200.22209891146517
4402,200.22210836718378
4403,200.22211780916484
4404,200.22212723742632
4405,200.2221366519858
4406,200.22214605286106
4407,200.22215544007
4408,200.2221648136302
4409,200.22217417355955
4410,200.22218351987559
4411,200.222192852596
4412,200.22220217173867
4413,200.22221147732114
4414,200.22222076936097
4415,200.222230047876
4416,200.22223931288377
4417,200.2222485644018
4418,200.22225780244779
4419,200.22226702703944
4420,200.22227623819413
4421,200.22228543592945
4422,200.2222946202631
4423,200.22230379121243
4424,200.22231294879506
4425,200.22232209302857
4426,200.22233122393035
4427,200.22234034151782
4428,200.22234944580865
4429,200.2223585368201
4430,200.2223676145697
4431,200.2223766790749
4432,200.22238573035307
4433,200.22239476842162
4434,200.22240379329793
4435,200.22241280499944
4436,200.22242180354345
4437,200.2224307889473
4438,200.22243976122832
4439,200.22244872040383
4440,200.22245766649127
4441,200.22246659950773
4442,200.2224755194706
4443,200.2224844263971
4444,200.22249332030455
4445,200.2225022012101
4446,200.222511069131
4447,200.22251992408457
4448,200.22252876608795
4449,200.2225375951582
4450,200.2225464113127
4451,200.2225552145684
4452,200.2225640049426
4453,200.22257278245243
4454,200.22258154711488
4455,200.22259029894715
4456,200.22259903796623
4457,200.2226077641894
4458,200.2226164776335
4459,200.22262517831567
4460,200.22263386625306
4461,200.22264254146248
4462,200.22265120396108
4463,200.2226598537658
4464,200.22266849089368
4465,200.22267711536156
4466,200.22268572718653
4467,200.2226943263855
4468,200.22270291297536
4469,200.22271148697305
4470,200.22272004839553
4471,200.2227285972595
4472,200.22273713358194
4473,200.22274565737973
4474,200.22275416866975
4475,200.22276266746877
4476,200.22277115379362
4477,200.2227796276611
4478,200.22278808908806
4479,200.2227965380911
4480,200.22280497468716
4481,200.22281339889298
4482,200.2228218107252
4483,200.22283021020053
4484,200.22283859733574
4485,200.22284697214752
4486,200.2228553346526
4487,200.22286368486752
4488,200.22287202280907
4489,200.2228803484937
4490,200.2228886619383
4491,200.22289696315923
4492,200.22290525217318
4493,200.22291352899686
4494,200.22292179364663
4495,200.22293004613917
4496,200.22293828649106
4497,200.2229465147187
4498,200.22295473083872
4499,200.22296293486747
4500,200.2229711268216
4501,200.22297930671758
4502,200.22298747457165
4503,200.22299563040056
4504,200.22300377422044
4505,200.223011906048
4506,200.22302002589947
4507,200.22302813379125
4508,200.22303622973982
4509,200.22304431376142
4510,200.2230523858724
4511,200.2230604460892
4512,200.2230684944281
4513,200.22307653090533
4514,200.22308455553733
4515,200.22309256834018
4516,200.2231005693303
4517,200.2231085585239
4518,200.22311653593718
4519,200.2231245015865
4520,200.22313245548793
4521,200.2231403976577
4522,200.22314832811202
4523,200.223156246867
4524,200.22316415393888
4525,200.22317204934376
4526,200.22317993309784
4527,200.22318780521707
4528,200.22319566571755
4529,200.22320351461556
4530,200.22321135192695
4531,200.22321917766797
4532,200.2232269918546
4533,200.22323479450284
4534,200.22324258562875
4535,200.22325036524828
4536,200.22325813337747
4537,200.22326589003225
4538,200.22327363522854
4539,200.22328136898236
4540,200.22328909130965
4541,200.22329680222626
4542,200.22330450174815
4543,200.22331218989117
4544,200.22331986667126
4545,200.22332753210426
4546,200.22333518620596
4547,200.2233428289922
4548,200.22335046047894
4549,200.22335808068178
4550,200.22336568961666
4551,200.22337328729935
4552,200.22338087374553
4553,200.223388448971
4554,200.22339601299151
4555,200.22340356582276
4556,200.22341110748053
4557,200.22341863798036
4558,200.22342615733803
4559,200.22343366556933
4560,200.22344116268965
4561,200.22344864871482
4562,200.22345612366036
4563,200.22346358754197
4564,200.22347104037522
4565,200.2234784821757
4566,200.22348591295892
4567,200.22349333274042
4568,200.22350074153587
4569,200.2235081393607
4570,200.22351552623047
4571,200.22352290216062
4572,200.2235302671667
4573,200.22353762126411
4574,200.22354496446835
4575,200.2235522967949
4576,200.22355961825917
4577,200.22356692887647
4578,200.22357422866236
4579,200.22358151763217
4580,200.22358879580116
4581,200.2235960631848
4582,200.2236033197985
4583,200.22361056565745
4584,200.22361780077705
4585,200.22362502517257
4586,200.22363223885924
4587,200.2236394418525
4588,200.22364663416744
4589,200.2236538158195
4590,200.2236609868237
4591,200.22366814719535
4592,200.22367529694966
4593,200.22368243610188
4594,200.22368956466704
4595,200.22369668266052
4596,200.2237037900972
4597,200.22371088699236
4598,200.2237179733611
4599,200.2237250492186
4600,200.22373211457986
4601,200.22373916945995
4602,200.223746213874
4603,200.22375324783704
4604,200.22376027136406
4605,200.22376728447017
4606,200.22377428717027
4607,200.22378127947943
4608,200.22378826141258
4609,200.22379523298477
4610,200.22380219421092
4611,200.22380914510592
4612,200.22381608568475
4613,200.22382301596232
4614,200.2238299359534
4615,200.22383684567302
4616,200.22384374513604
4617,200.22385063435715
4618,200.22385751335133
4619,200.22386438213337
4620,200.22387124071813
4621,200.22387808912043
4622,200.2238849273549
4623,200.2238917554364
4624,200.22389857337973
4625,200.22390538119953
4626,200.22391217891067
4627,200.2239189665277
4628,200.22392574406547
4629,200.2239325115386
4630,200.2239392689617
4631,200.2239460163494
4632,200.22395275371653
4633,200.22395948107763
4634,200.22396619844721
4635,200.22397290584
4636,200.22397960327055
4637,200.2239862907534
4638,200.22399296830315
4639,200.22399963593426
4640,200.22400629366132
4641,200.22401294149898
4642,200.22401957946155
4643,200.22402620756358
4644,200.2240328258195
4645,200.2240394342438
4646,200.22404603285105
4647,200.22405262165552
4648,200.22405920067163
4649,200.22406576991386
4650,200.22407232939653
4651,200.2240788791341
4652,200.22408541914086
4653,200.22409194943123
4654,200.22409847001947
4655,200.22410498091992
4656,200.22411148214692
4657,200.22411797371475
4658,200.22412445563756
4659,200.2241309279298
4660,200.2241373906056
4661,200.22414384367926
4662,200.22415028716497
4663,200.22415672107692
4664,200.22416314542937
4665,200.22416956023642
4666,200.22417596551225
4667,200.22418236127103
4668,200.22418874752694
4669,200.22419512429406
4670,200.22420149158646
4671,200.22420784941824
4672,200.22421419780355
4673,200.22422053675635
4674,200.2242268662908
4675,200.22423318642092
4676,200.22423949716062
4677,200.22424579852404
4678,200.22425209052523
4679,200.22425837317795
4680,200.2242646464963
4681,200.22427091049425
4682,200.22427716518567
4683,200.2242834105846
4684,200.22428964670493
4685,200.22429587356038
4686,200.22430209116501
4687,200.22430829953262
4688,200.22431449867716
4689,200.2243206886124
4690,200.22432686935213
4691,200.22433304091024
4692,200.22433920330042
4693,200.22434535653653
4694,200.2243515006324
4695,200.22435763560165
4696,200.22436376145816
4697,200.22436987821555
4698,200.22437598588766
4699,200.2243820844881
4700,200.22438817403045
4701,200.2243942545286
4702,200.22440032599607
4703,200.2244063884466
4704,200.22441244189375
4705,200.22441848635108
4706,200.2244245218323
4707,200.224430548351
4708,200.22443656592074
4709,200.22444257455504
4710,200.22444857426746
4711,200.2244545650716
4712,200.22446054698088
4713,200.22446652000875
4714,200.22447248416893
4715,200.2244784394747
4716,200.22448438593963
4717,200.22449032357713
4718,200.22449625240066
4719,200.22450217242354
4720,200.22450808365926
4721,200.22451398612128
4722,200.22451987982288
4723,200.22452576477735
4724,200.22453164099824
4725,200.22453750849877
4726,200.22454336729228
4727,200.22454921739214
4728,200.22455505881155
4729,200.2245608915638
4730,200.22456671566223
4731,200.22457253111995
4732,200.2245783379503
4733,200.22458413616667
4734,200.22458992578197
4735,200.22459570680957
4736,200.22460147926262
4737,200.22460724315425
4738,200.2246129984977
4739,200.22461874530606
4740,200.22462448359246
4741,200.22463021337003
4742,200.2246359346518
4743,200.22464164745097
4744,200.22464735178056
4745,200.22465304765356
4746,200.22465873508324
4747,200.22466441408235
4748,200.224670084664
4749,200.22467574684129
4750,200.2246814006271
4751,200.2246870460345
4752,200.22469268307634
4753,200.22469831176574
4754,200.22470393211535
4755,200.22470954413836
4756,200.22471514784755
4757,200.22472074325586
4758,200.2247263303761
4759,200.22473190922116
4760,200.2247374798039
4761,200.22474304213716
4762,200.2247485962338
4763,200.22475414210658
4764,200.22475967976825
4765,200.22476520923172
4766,200.22477073050976
4767,200.22477624361494
4768,200.22478174856016
4769,200.224787245358
4770,200.2247927340213
4771,200.2247982145628
4772,200.22480368699502
4773,200.22480915133082
4774,200.22481460758266
4775,200.2248200557633
4776,200.22482549588537
4777,200.22483092796142
4778,200.2248363520041
4779,200.224841768026
4780,200.22484717603967
4781,200.22485257605763
4782,200.22485796809252
4783,200.2248633521568
4784,200.22486872826303
4785,200.2248740964237
4786,200.22487945665125
4787,200.22488480895825
4788,200.22489015335717
4789,200.2248954898603
4790,200.22490081848028
4791,200.22490613922943
4792,200.2249114521201
4793,200.22491675716475
4794,200.22492205437572
4795,200.2249273437655
4796,200.22493262534636
4797,200.22493789913057
4798,200.22494316513055
4799,200.2249484233585
4800,200.2249536738269
4801,200.22495891654785
4802,200.22496415153373
4803,200.2249693787968
4804,200.2249745983492
4805,200.2249798102033
4806,200.22498501437127
4807,200.22499021086523
4808,200.22499539969746
4809,200.22500058088008
4810,200.22500575442533
4811,200.2250109203452
4812,200.22501607865195
4813,200.22502122935774
4814,200.22502637247456
4815,200.2250315080145
4816,200.2250366359898
4817,200.22504175641234
4818,200.22504686929426
4819,200.22505197464756
4820,200.2250570724843
4821,200.22506216281644
4822,200.2250672456561
4823,200.2250723210151
4824,200.22507738890548
4825,200.2250824493392
4826,200.22508750232822
4827,200.2250925478844
4828,200.22509758601976
4829,200.22510261674609
4830,200.22510764007538
4831,200.22511265601943
4832,200.22511766459013
4833,200.2251226657993
4834,200.2251276596588
4835,200.22513264618053
4836,200.2251376253761
4837,200.22514259725745
4838,200.2251475618364
4839,200.22515251912455
4840,200.2251574691337
4841,200.22516241187574
4842,200.22516734736217
4843,200.22517227560485
4844,200.22517719661548
4845,200.2251821104056
4846,200.22518701698712
4847,200.22519191637147
4848,200.2251968085704
4849,200.22520169359552
4850,200.22520657145847
4851,200.2252114421708
4852,200.22521630574414
4853,200.22522116219005
4854,200.2252260115201
4855,200.22523085374587
4856,200.22523568887888
4857,200.2252405169305
4858,200.22524533791247
4859,200.22525015183626
4860,200.22525495871324
4861,200.22525975855484
4862,200.2252645513726
4863,200.22526933717796
4864,200.22527411598236
4865,200.2252788877972
4866,200.22528365263392
4867,200.2252884105038
4868,200.22529316141822
4869,200.22529790538863
4870,200.22530264242636
4871,200.22530737254266
4872,200.22531209574896
4873,200.22531681205652
4874,200.22532152147662
4875,200.2253262240206
4876,200.22533091969967
4877,200.2253356085251
4878,200.22534029050806
4879,200.22534496565984
4880,200.22534963399167
4881,200.2253542955147
4882,200.22535895024026
4883,200.22536359817934
4884,200.22536823934306
4885,200.22537287374277
4886,200.22537750138957
4887,200.2253821222944
4888,200.22538673646858
4889,200.22539134392306
4890,200.225395944669
4891,200.2254005387174
4892,200.2254051260793
4893,200.22540970676582
4894,200.22541428078804
4895,200.2254188481568
4896,200.22542340888322
4897,200.22542796297822
4898,200.22543251045275
4899,200.2254370513179
4900,200.2254415855845
4901,200.22544611326347
4902,200.22545063436584
4903,200.22545514890248
4904,200.22545965688423
4905,200.22546415832207
4906,200.2254686532268
4907,200.22547314160929
4908,200.22547762348026
4909,200.22548209885073
4910,200.2254865677314
4911,200.22549103013313
4912,200.22549548606662
4913,200.22549993554267
4914,200.22550437857223
4915,200.2255088151657
4916,200.22551324533418
4917,200.22551766908813
4918,200.2255220864384
4919,200.2255264973957
4920,200.22553090197047
4921,200.22553530017368
4922,200.2255396920158
4923,200.22554407750755
4924,200.22554845665954
4925,200.2255528294824
4926,200.22555719598677
4927,200.22556155618315
4928,200.22556591008222
4929,200.22557025769444
4930,200.2255745990305
4931,200.2255789341008
4932,200.22558326291596
4933,200.2255875854864
4934,200.2255919018227
4935,200.22559621193528
4936,200.2256005158347
4937,200.22560481353133
4938,200.22560910503577
4939,200.22561339035823
4940,200.22561766950926
4941,200.2256219424993
4942,200.22562620933866
4943,200.22563047003777
4944,200.22563472460706
4945,200.2256389730567
4946,200.2256432153972
4947,200.22564745163885
4948,200.22565168179202
4949,200.2256559058669
4950,200.2256601238739
4951,200.22566433582313
4952,200.22566854172499
4953,200.22567274158976
4954,200.22567693542757
4955,200.2256811232487
4956,200.2256853050634
4957,200.22568948088175
4958,200.22569365071413
4959,200.22569781457054
4960,200.22570197246122
4961,200.22570612439634
4962,200.22571027038597
4963,200.2257144104404
4964,200.22571854456953
4965,200.22572267278352
4966,200.22572679509253
4967,200.2257309115065
4968,200.22573502203554
4969,200.22573912668983
4970,200.22574322547928
4971,200.22574731841388
4972,200.2257514055037
4973,200.22575548675871
4974,200.22575956218893
4975,200.2257636318043
4976,200.22576769561488
4977,200.22577175363045
4978,200.22577580586096
4979,200.22577985231646
4980,200.22578389300674
4981,200.22578792794175
4982,200.2257919571313
4983,200.22579598058545
4984,200.22579999831382
4985,200.22580401032633
4986,200.2258080166329
4987,200.22581201724321
4988,200.22581601216717
4989,200.22582000141458
4990,200.22582398499515
4991,200.22582796291863
4992,200.22583193519483
4993,200.22583590183345
4994,200.2258398628442
4995,200.22584381823688
4996,200.2258477680212
4997,200.2258517122068
4998,200.22585565080337
4999,200.22585958382047
5000,200.22586351126793
5001,200.2258674331553
5002,200.2258713494922
5003,200.22587526028826
5004,200.2258791655531
5005,200.22588306529633
5006,200.22588695952746
5007,200.22589084825606
5008,200.2258947314918
5009,200.22589860924404
5010,200.22590248152244
5011,200.22590634833648
5012,200.22591020969563
5013,200.2259140656095
5014,200.22591791608735
5015,200.22592176113878
5016,200.22592560077325
5017,200.22592943500018
5018,200.22593326382903
5019,200.2259370872692
5020,200.22594090533002
5021,200.22594471802088
5022,200.2259485253513
5023,200.22595232733053
5024,200.225956123968
5025,200.22595991527297
5026,200.22596370125473
5027,200.2259674819227
5028,200.22597125728623
5029,200.22597502735445
5030,200.2259787921368
5031,200.22598255164237
5032,200.22598630588055
5033,200.22599005486055
5034,200.22599379859147
5035,200.22599753708283
5036,200.22600127034355
5037,200.22600499838288
5038,200.22600872121012
5039,200.22601243883435
5040,200.22601615126467
5041,200.2260198585103
5042,200.22602356058033
5043,200.22602725748402
5044,200.22603094923028
5045,200.22603463582826
5046,200.22603831728713
5047,200.22604199361587
5048,200.22604566482357
5049,200.22604933091927
5050,200.22605299191198
5051,200.22605664781074
5052,200.2260602986246
5053,200.22606394436238
5054,200.22606758503338
5055,200.22607122064628
5056,200.2260748512102
5057,200.226078476734
5058,200.22608209722662
5059,200.22608571269708
5060,200.22608932315416
5061,200.22609292860685
5062,200.226096529064
5063,200.22610012453453
5064,200.2261037150272
5065,200.2261073005509
5066,200.22611088111458
5067,200.22611445672686
5068,200.22611802739675
5069,200.22612159313294
5070,200.2261251539443
5071,200.2261287098396
5072,200.22613226082748
5073,200.22613580691686
5074,200.2261393481164
5075,200.22614288443475
5076,200.2261464158807
5077,200.226149942463
5078,200.2261534641904
5079,200.22615698107128
5080,200.2261604931147
5081,200.22616400032908
5082,200.2261675027231
5083,200.22617100030538
5084,200.22617449308467
5085,200.2261779810694
5086,200.22618146426834
5087,200.22618494268997
5088,200.22618841634286
5089,200.22619188523564
5090,200.22619534937667
5091,200.22619880877474
5092,200.22620226343824
5093,200.22620571337578
5094,200.2262091585958
5095,200.22621259910673
5096,200.22621603491712
5097,200.22621946603542
5098,200.2262228924702
5099,200.22622631422968
5100,200.22622973132243
5101,200.22623314375687
5102,200.2262365515414
5103,200.22623995468436
5104,200.2262433531942
5105,200.22624674707922
5106,200.2262501363479
5107,200.2262535210085
5108,200.22625690106935
5109,200.22626027653874
5110,200.22626364742513
5111,200.2262670137367
5112,200.22627037548176
5113,200.22627373266863
5114,200.2262770853056
5115,200.22628043340083
5116,200.22628377696267
5117,200.22628711599924
5118,200.22629045051883
5119,200.22629378052957
5120,200.2262971060398
5121,200.22630042705757
5122,200.22630374359116
5123,200.22630705564868
5124,200.2263103632383
5125,200.22631366636804
5126,200.22631696504624
5127,200.2263202592809
5128,200.2263235490801
5129,200.22632683445195
5130,200.22633011540455
5131,200.22633339194599
5132,200.22633666408427
5133,200.22633993182745
5134,200.22634319518363
5135,200.2263464541607
5136,200.22634970876692
5137,200.22635295900997
5138,200.22635620489805
5139,200.22635944643912
5140,200.22636268364107
5141,200.22636591651192
5142,200.2263691450596
5143,200.22637236929202
5144,200.22637558921716
5145,200.2263788048428
5146,200.22638201617698
5147,200.22638522322754
5148,200.22638842600227
5149,200.22639162450918
5150,200.2263948187559
5151,200.2263980087505
5152,200.2264011945007
5153,200.22640437601441
5154,200.2264075532993
5155,200.2264107263633
5156,200.22641389521408
5157,200.22641705985947
5158,200.22642022030715
5159,200.22642337656507
5160,200.2264265286407
5161,200.22642967654193
5162,200.22643282027647
5163,200.22643595985204
5164,200.2264390952763
5165,200.22644222655697
5166,200.22644535370156
5167,200.22644847671793
5168,200.22645159561364
5169,200.22645471039627
5170,200.22645782107364
5171,200.22646092765314
5172,200.22646403014247
5173,200.22646712854927
5174,200.22647022288112
5175,200.22647331314545
5176,200.22647639934996
5177,200.22647948150214
5178,200.2264825596096
5179,200.2264856336797
5180,200.22648870372012
5181,200.22649176973826
5182,200.22649483174163
5183,200.22649788973786
5184,200.22650094373412
5185,200.22650399373816
5186,200.22650703975725
5187,200.22651008179898
5188,200.2265131198706
5189,200.22651615397965
5190,200.2265191841335
5191,200.2265222103395
5192,200.22652523260516
5193,200.22652825093763
5194,200.22653126534445
5195,200.2265342758329
5196,200.22653728241033
5197,200.22654028508413
5198,200.22654328386156
5199,200.22654627874982
5200,200.2265492697564
5201,200.22655225688837
5202,200.22655524015326
5203,200.22655821955817
5204,200.2265611951103
5205,200.22656416681698
5206,200.22656713468547
5207,200.2265700987229
5208,200.22657305893654
5209,200.22657601533353
5210,200.2265789679212
5211,200.22658191670644
5212,200.2265848616967
5213,200.2265878028989
5214,200.2265907403204
5215,200.22659367396815
5216,200.22659660384943
5217,200.22659952997122
5218,200.22660245234067
5219,200.2266053709649
5220,200.226608285851
5221,200.22661119700592
5222,200.22661410443672
5223,200.22661700815067
5224,200.22661990815456
5225,200.2266228044555
5226,200.22662569706048
5227,200.22662858597653
5228,200.22663147121068
5229,200.2266343527699
5230,200.22663723066105
5231,200.22664010489117
5232,200.22664297546723
5233,200.22664584239615
5234,200.22664870568482
5235,200.22665156534023
5236,200.22665442136915
5237,200.22665727377864
5238,200.22666012257557
5239,200.22666296776669
5240,200.226665809359
5241,200.22666864735922
5242,200.22667148177428
5243,200.22667431261098
5244,200.22667713987613
5245,200.2266799635767
5246,200.22668278371927
5247,200.2266856003107
5248,200.2266884133578
5249,200.2266912228674
5250,200.2266940288461
5251,200.22669683130076
5252,200.22669963023807
5253,200.22670242566485
5254,200.22670521758775
5255,200.22670800601347
5256,200.2267107909486
5257,200.22671357240012
5258,200.2267163503744
5259,200.22671912487831
5260,200.2267218959184
5261,200.22672466350136
5262,200.2267274276337
5263,200.2267301883223
5264,200.22673294557353
5265,200.22673569939408
5266,200.22673844979062
5267,200.22674119676958
5268,200.22674394033766
5269,200.22674668050132
5270,200.22674941726726
5271,200.22675215064177
5272,200.22675488063166
5273,200.22675760724334
5274,200.22676033048327
5275,200.22676305035793
5276,200.2267657668739
5277,200.22676848003772
5278,200.2267711898557
5279,200.22677389633438
5280,200.22677659948016
5281,200.22677929929952
5282,200.22678199579894
5283,200.22678468898474
5284,200.22678737886335
5285,200.2267900654413
5286,200.2267927487248
5287,200.22679542872027
5288,200.22679810543417
5289,200.22680077887284
5290,200.22680344904245
5291,200.22680611594956
5292,200.22680877960042
5293,200.22681144000128
5294,200.22681409715847
5295,200.22681675107836
5296,200.2268194017672
5297,200.22682204923132
5298,200.22682469347689
5299,200.22682733451026
5300,200.22682997233758
5301,200.22683260696525
5302,200.22683523839927
5303,200.22683786664592
5304,200.22684049171164
5305,200.22684311360234
5306,200.2268457323243
5307,200.2268483478838
5308,200.22685096028684
5309,200.2268535695397
5310,200.2268561756485
5311,200.22685877861935
5312,200.2268613784584
5313,200.22686397517182
5314,200.22686656876556
5315,200.22686915924587
5316,200.22687174661885
5317,200.2268743308905
5318,200.22687691206684
5319,200.2268794901541
5320,200.22688206515812
5321,200.22688463708505
5322,200.22688720594098
5323,200.22688977173183
5324,200.22689233446374
5325,200.22689489414256
5326,200.22689745077435
5327,200.2269000043651
5328,200.22690255492074
5329,200.22690510244723
5330,200.22690764695065
5331,200.22691018843673
5332,200.2269127269116
5333,200.22691526238106
5334,200.22691779485106
5335,200.22692032432744
5336,200.2269228508163
5337,200.22692537432332
5338,200.22692789485447
5339,200.22693041241553
5340,200.22693292701246
5341,200.22693543865108
5342,200.22693794733718
5343,200.22694045307657
5344,200.2269429558752
5345,200.2269454557387
5346,200.226947952673
5347,200.22695044668382
5348,200.22695293777693
5349,200.22695542595815
5350,200.22695791123328
5351,200.22696039360798
5352,200.22696287308798
5353,200.22696534967912
5354,200.22696782338707
5355,200.22697029421747
5356,200.2269727621762
5357,200.22697522726872
5358,200.22697768950087
5359,200.22698014887828
5360,200.22698260540662
5361,200.2269850590916
5362,200.2269875099388
5363,200.22698995795386
5364,200.2269924031424
5365,200.22699484551
5366,200.2269972850624
5367,200.22699972180513
5368,200.22700215574383
5369,200.227004586884
5370,200.2270070152313
5371,200.2270094407911
5372,200.22701186356923
5373,200.22701428357098
5374,200.22701670080207
5375,200.22701911526784
5376,200.22702152697397
5377,200.22702393592598
5378,200.22702634212928
5379,200.2270287455894
5380,200.22703114631182
5381,200.22703354430195
5382,200.22703593956533
5383,200.2270383321073
5384,200.2270407219334
5385,200.2270431090491
5386,200.22704549345974
5387,200.22704787517065
5388,200.2270502541875
5389,200.22705263051546
5390,200.22705500416
5391,200.22705737512652
5392,200.22705974342037
5393,200.22706210904687
5394,200.22706447201142
5395,200.22706683231942
5396,200.22706918997596
5397,200.22707154498664
5398,200.2270738973566
5399,200.22707624709125
5400,200.22707859419583
5401,200.22708093867556
5402,200.22708328053594
5403,200.22708561978206
5404,200.2270879564192
5405,200.2270902904527
5406,200.2270926218877
5407,200.22709495072945
5408,200.22709727698324
5409,200.22709960065424
5410,200.22710192174765
5411,200.22710424026866
5412,200.22710655622245
5413,200.22710886961428
5414,200.2271111804493
5415,200.22711348873267
5416,200.22711579446946
5417,200.2271180976648
5418,200.22712039832405
5419,200.22712269645208
5420,200.22712499205423
5421,200.22712728513537
5422,200.2271295757008
5423,200.2271318637555
5424,200.22713414930462
5425,200.22713643235323
5426,200.22713871290637
5427,200.227140990969
5428,200.2271432665464
5429,200.22714553964337
5430,200.22714781026505
5431,200.2271500784165
5432,200.2271523441027
5433,200.2271546073286
5434,200.22715686809926
5435,200.22715912641965
5436,200.2271613822947
5437,200.22716363572948
5438,200.2271658867289
5439,200.22716813529794
5440,200.22717038144145
5441,200.22717262516448
5442,200.2271748664719
5443,200.22717710536864
5444,200.22717934185962
5445,200.22718157594966
5446,200.2271838076437
5447,200.2271860369467
5448,200.2271882638635
5449,200.22719048839878
5450,200.22719271055772
5451,200.22719493034495
5452,200.2271971477654
5453,200.22719936282388
5454,200.22720157552516
5455,200.22720378587408
5456,200.22720599387554
5457,200.2272081995343
5458,200.22721040285504
5459,200.22721260384262
5460,200.22721480250178
5461,200.22721699883746
5462,200.2272191928541
5463,200.22722138455669
5464,200.22722357394994
5465,200.22722576103845
5466,200.22722794582714
5467,200.22723012832054
5468,200.2272323085234
5469,200.2272344864405
5470,200.2272366620765
5471,200.22723883543605
5472,200.22724100652383
5473,200.2272431753445
5474,200.22724534190272
5475,200.22724750620316
5476,200.2272496682504
5477,200.2272518280491
5478,200.227253985604
5479,200.22725614091948
5480,200.22725829400034
5481,200.2272604448511
5482,200.22726259347635
5483,200.22726473988075
5484,200.22726688406868
5485,200.22726902604498
5486,200.22727116581393
5487,200.22727330338023
5488,200.22727543874845
5489,200.22727757192305
5490,200.2272797029086
5491,200.22728183170955
5492,200.22728395833047
5493,200.22728608277583
5494,200.22728820505012
5495,200.2272903251578
5496,200.22729244310347
5497,200.2272945588914
5498,200.22729667252622
5499,200.2272987840124
5500,200.2273008933542
5501,200.22730300055608
5502,200.22730510562263
5503,200.22730720855822
5504,200.22730930936714
5505,200.227311408054
5506,200.22731350462294
5507,200.22731559907854
5508,200.22731769142513
5509,200.22731978166703
5510,200.2273218698086
5511,200.2273239558544
5512,200.2273260398085
5513,200.22732812167538
5514,200.22733020145932
5515,200.22733227916467
5516,200.22733435479572
5517,200.22733642835686
5518,200.22733849985227
5519,200.22734056928638
5520,200.2273426366633
5521,200.22734470198745
5522,200.2273467652631
5523,200.22734882649442
5524,200.2273508856857
5525,200.22735294284118
5526,200.22735499796508
5527,200.2273570510618
5528,200.22735910213524
5529,200.22736115118988
5530,200.22736319822985
5531,200.2273652432593
5532,200.22736728628252
5533,200.2273693273036
5534,200.2273713663267
5535,200.2273734033561
5536,200.2273754383958
5537,200.22737747145004
5538,200.22737950252304
5539,200.22738153161887
5540,200.2273835587416
5541,200.22738558389534
5542,200.22738760708432
5543,200.2273896283126
5544,200.22739164758423
5545,200.22739366490345
5546,200.22739568027413
5547,200.2273976937005
5548,200.2273997051865
5549,200.22740171473637
5550,200.22740372235393
5551,200.2274057280434
5552,200.22740773180885
5553,200.2274097336542
5554,200.2274117335835
5555,200.22741373160076
5556,200.22741572771
5557,200.2274177219152
5558,200.22741971422042
5559,200.22742170462953
5560,200.22742369314648
5561,200.2274256797755
5562,200.22742766452026
5563,200.22742964738492
5564,200.22743162837332
5565,200.2274336074894
5566,200.22743558473712
5567,200.22743756012045
5568,200.22743953364312
5569,200.2274415053093
5570,200.22744347512275
5571,200.2274454430874
5572,200.2274474092071
5573,200.2274493734857
5574,200.22745133592719
5575,200.22745329653534
5576,200.22745525531406
5577,200.22745721226713
5578,200.22745916739845
5579,200.22746112071192
5580,200.2274630722113
5581,200.22746502190037
5582,200.227466969783
5583,200.22746891586306
5584,200.2274708601442
5585,200.22747280263036
5586,200.22747474332516
5587,200.22747668223258
5588,200.22747861935616
5589,200.22748055469984
5590,200.22748248826744
5591,200.22748442006244
5592,200.22748635008884
5593,200.2274882783503
5594,200.22749020485048
5595,200.22749212959314
5596,200.22749405258196
5597,200.22749597382077
5598,200.22749789331317
5599,200.22749981106278
5600,200.2275017270735
5601,200.2275036413488
5602,200.22750555389246
5603,200.22750746470817
5604,200.22750937379942
5605,200.22751128117005
5606,200.22751318682353
5607,200.22751509076372
5608,200.227516992994
5609,200.22751889351818
5610,200.22752079233987
5611,200.22752268946252
5612,200.2275245848898
5613,200.2275264786254
5614,200.22752837067287
5615,200.22753026103572
5616,200.22753214971752
5617,200.2275340367219
5618,200.22753592205245
5619,200.22753780571261
5620,200.22753968770598
5621,200.22754156803612
5622,200.22754344670653
5623,200.22754532372082
5624,200.22754719908238
5625,200.22754907279474
5626,200.22755094486143
5627,200.22755281528606
5628,200.22755468407198
5629,200.22755655122262
5630,200.2275584167416
5631,200.2275602806323
5632,200.22756214289822
5633,200.22756400354282
5634,200.22756586256952
5635,200.22756771998183
5636,200.22756957578306
5637,200.2275714299768
5638,200.22757328256634
5639,200.2275751335552
5640,200.22757698294672
5641,200.2275788307443
5642,200.22758067695136
5643,200.22758252157124
5644,200.22758436460734
5645,200.22758620606317
5646,200.2275880459419
5647,200.2275898842469
5648,200.2275917209818
5649,200.22759355614954
5650,200.2275953897538
5651,200.2275972217977
5652,200.22759905228475
5653,200.22760088121817
5654,200.22760270860124
5655,200.22760453443735
5656,200.22760635872964
5657,200.22760818148163
5658,200.22761000269642
5659,200.2276118223774
5660,200.2276136405279
5661,200.22761545715102
5662,200.22761727225014
5663,200.22761908582854
5664,200.22762089788935
5665,200.22762270843586
5666,200.22762451747138
5667,200.22762632499902
5668,200.22762813102216
5669,200.22762993554386
5670,200.22763173856737
5671,200.227633540096
5672,200.22763534013276
5673,200.22763713868105
5674,200.22763893574395
5675,200.2276407313246
5676,200.2276425254263
5677,200.22764431805206
5678,200.2276461092051
5679,200.22764789888856
5680,200.2276496871057
5681,200.2276514738595
5682,200.22765325915316
5683,200.22765504298982
5684,200.22765682537255
5685,200.22765860630457
5686,200.22766038578882
5687,200.2276621638286
5688,200.2276639404268
5689,200.22766571558668
5690,200.2276674893113
5691,200.22766926160367
5692,200.2276710324669
5693,200.22767280190405
5694,200.2276745699181
5695,200.22767633651225
5696,200.22767810168935
5697,200.22767986545261
5698,200.227681627805
5699,200.22768338874957
5700,200.22768514828925
5701,200.22768690642724
5702,200.22768866316636
5703,200.2276904185097
5704,200.2276921724603
5705,200.22769392502101
5706,200.22769567619494
5707,200.22769742598504
5708,200.2276991743942
5709,200.22770092142548
5710,200.2277026670818
5711,200.22770441136612
5712,200.22770615428138
5713,200.2277078958305
5714,200.22770963601653
5715,200.22771137484224
5716,200.22771311231062
5717,200.2277148484246
5718,200.22771658318703
5719,200.2277183166009
5720,200.22772004866903
5721,200.22772177939441
5722,200.22772350877977
5723,200.22772523682823
5724,200.22772696354238
5725,200.2277286889253
5726,200.2277304129798
5727,200.22773213570872
5728,200.22773385711488
5729,200.22773557720114
5730,200.22773729597037
5731,200.22773901342532
5732,200.22774072956898
5733,200.227742444404
5734,200.22774415793327
5735,200.22774587015954
5736,200.22774758108577
5737,200.2277492907146
5738,200.22775099904882
5739,200.2277527060913
5740,200.2277544118448
5741,200.22775611631212
5742,200.2277578194959
5743,200.22775952139907
5744,200.22776122202424
5745,200.22776292137428
5746,200.22776461945185
5747,200.22776631625968
5748,200.2277680118006
5749,200.22776970607728
5750,200.22777139909238
5751,200.22777309084873
5752,200.22777478134893
5753,200.22777647059573
5754,200.22777815859186
5755,200.22777984534005
5756,200.22778153084283
5757,200.22778321510307
5758,200.2277848981233
5759,200.2277865799062
5760,200.22778826045447
5761,200.22778993977084
5762,200.22779161785783
5763,200.22779329471823
5764,200.22779497035452
5765,200.22779664476943
5766,200.22779831796564
5767,200.22779998994568
5768,200.22780166071217
5769,200.22780333026776
5770,200.22780499861506
5771,200.22780666575673
5772,200.2278083316952
5773,200.22780999643317
5774,200.22781165997324
5775,200.22781332231799
5776,200.22781498346995
5777,200.2278166434317
5778,200.2278183022058
5779,200.2278199597948
5780,200.2278216162013
5781,200.22782327142784
5782,200.2278249254769
5783,200.22782657835103
5784,200.22782823005286
5785,200.22782988058475
5786,200.2278315299493
5787,200.22783317814907
5788,200.22783482518648
5789,200.2278364710642
5790,200.2278381157845
5791,200.22783975935008
5792,200.22784140176321
5793,200.22784304302647
5794,200.22784468314248
5795,200.22784632211352
5796,200.22784795994207
5797,200.2278495966307
5798,200.22785123218176
5799,200.22785286659771
5800,200.22785449988106
5801,200.22785613203422
5802,200.22785776305955
5803,200.2278593929596
5804,200.22786102173663
5805,200.2278626493933
5806,200.22786427593178
5807,200.2278659013546
5808,200.22786752566415
5809,200.22786914886277
5810,200.22787077095288
5811,200.22787239193698
5812,200.22787401181722
5813,200.22787563059612
5814,200.22787724827603
5815,200.22787886485935
5816,200.22788048034835
5817,200.2278820947455
5818,200.22788370805304
5819,200.22788532027343
5820,200.22788693140885
5821,200.2278885414617
5822,200.22789015043435
5823,200.22789175832906
5824,200.22789336514828
5825,200.22789497089417
5826,200.22789657556902
5827,200.22789817917533
5828,200.22789978171517
5829,200.22790138319098
5830,200.22790298360493
5831,200.22790458295944
5832,200.22790618125666
5833,200.22790777849903
5834,200.22790937468855
5835,200.22791096982775
5836,200.22791256391872
5837,200.2279141569637
5838,200.22791574896505
5839,200.22791733992497
5840,200.22791892984569
5841,200.22792051872943
5842,200.2279221065784
5843,200.22792369339479
5844,200.22792527918094
5845,200.22792686393902
5846,200.22792844767113
5847,200.22793003037955
5848,200.2279316120664
5849,200.22793319273407
5850,200.22793477238451
5851,200.22793635102008
5852,200.22793792864283
5853,200.227939505255
5854,200.22794108085873
5855,200.22794265545622
5856,200.22794422904957
5857,200.2279458016409
5858,200.22794737323252
5859,200.2279489438264
5860,200.22795051342473
5861,200.22795208202967
5862,200.22795364964335
5863,200.22795521626782
5864,200.22795678190528
5865,200.2279583465578
5866,200.22795991022753
5867,200.22796147291658
5868,200.22796303462692
5869,200.2279645953608
5870,200.22796615512019
5871,200.2279677139073
5872,200.22796927172402
5873,200.22797082857267
5874,200.22797238445506
5875,200.2279739393735
5876,200.2279754933298
5877,200.2279770463263
5878,200.22797859836484
5879,200.22798014944743
5880,200.22798169957633
5881,200.2279832487534
5882,200.2279847969807
5883,200.22798634426036
5884,200.22798789059422
5885,200.22798943598445
5886,200.22799098043305
5887,200.2279925239419
5888,200.22799406651316
5889,200.22799560814877
5890,200.22799714885068
5891,200.22799868862091
5892,200.22800022746145
5893,200.22800176537433
5894,200.22800330236143
5895,200.2280048384248
5896,200.22800637356636
5897,200.22800790778808
5898,200.22800944109187
5899,200.2280109734798
5900,200.22801250495374
5901,200.22801403551568
5902,200.2280155651675
5903,200.22801709391115
5904,200.22801862174853
5905,200.2280201486817
5906,200.22802167471244
5907,200.2280231998427
5908,200.22802472407443
5909,200.2280262474095
5910,200.22802776984986
5911,200.22802929139732
5912,200.22803081205385
5913,200.22803233182134
5914,200.22803385070165
5915,200.2280353686966
5916,200.22803688580822
5917,200.22803840203827
5918,200.2280399173886
5919,200.22804143186113
5920,200.2280429454577
5921,200.22804445818016
5922,200.22804597003037
5923,200.22804748101018
5924,200.22804899112143
5925,200.2280505003659
5926,200.2280520087455
5927,200.228053516262
5928,200.2280550229173
5929,200.2280565287131
5930,200.2280580336513
5931,200.22805953773377
5932,200.22806104096216
5933,200.2280625433384
5934,200.22806404486417
5935,200.2280655455414
5936,200.22806704537177
5937,200.22806854435711
5938,200.2280700424992
5939,200.22807153979983
5940,200.22807303626075
5941,200.22807453188378
5942,200.2280760266705
5943,200.22807752062286
5944,200.22807901374256
5945,200.2280805060314
5946,200.22808199749105
5947,200.22808348812325
5948,200.22808497792974
5949,200.22808646691226
5950,200.22808795507262
5951,200.22808944241245
5952,200.22809092893345
5953,200.22809241463747
5954,200.22809389952616
5955,200.2280953836011
5956,200.22809686686423
5957,200.228098349317
5958,200.22809983096133
5959,200.22810131179878
5960,200.22810279183102
5961,200.22810427105983
5962,200.22810574948682
5963,200.22810722711367
5964,200.2281087039421
5965,200.2281101799738
5966,200.2281116552103
5967,200.2281131296534
5968,200.22811460330465
5969,200.22811607616575
5970,200.22811754823834
5971,200.22811901952406
5972,200.22812049002457
5973,200.22812195974151
5974,200.22812342867644
5975,200.22812489683102
5976,200.228126364207
5977,200.22812783080573
5978,200.22812929662908
5979,200.22813076167856
5980,200.22813222595573
5981,200.22813368946225
5982,200.22813515219974
5983,200.22813661416976
5984,200.2281380753739
5985,200.22813953581374
5986,200.22814099549092
5987,200.22814245440694
5988,200.22814391256338
5989,200.2281453699619
5990,200.228146826604
5991,200.2281482824912
5992,200.22814973762513
5993,200.22815119200735
5994,200.22815264563937
5995,200.22815409852277
5996,200.2281555506591
5997,200.22815700204978
5998,200.22815845269656
5999,200.2281599026008
6000,200.22816135176413
6001,200.228162800188
6002,200.22816424787396
6003,200.22816569482353
6004,200.2281671410382
6005,200.22816858651956
6006,200.22817003126906
6007,200.22817147528812
6008,200.22817291857834
6009,200.22817436114119
6010,200.22817580297823
6011,200.22817724409083
6012,200.22817868448053
6013,200.22818012414876
6014,200.22818156309705
6015,200.22818300132684
6016,200.22818443883966
6017,200.22818587563688
6018,200.22818731172006
6019,200.2281887470906
6020,200.22819018174988
6021,200.22819161569953
6022,200.22819304894085
6023,200.22819448147536
6024,200.22819591330438
6025,200.2281973444295
6026,200.22819877485202
6027,200.22820020457345
6028,200.22820163359518
6029,200.22820306191863
6030,200.22820448954528
6031,200.2282059164765
6032,200.2282073427136
6033,200.22820876825804
6034,200.22821019311138
6035,200.2282116172748
6036,200.22821304074984
6037,200.22821446353782
6038,200.22821588564008
6039,200.22821730705815
6040,200.22821872779335
6041,200.22822014784697
6042,200.2282215672205
6043,200.2282229859152
6044,200.22822440393253
6045,200.22822582127378
6046,200.2282272379403
6047,200.2282286539336
6048,200.22823006925483
6049,200.2282314839054
6050,200.22823289788673
6051,200.22823431120017
6052,200.22823572384698
6053,200.22823713582855
6054,200.2282385471461
6055,200.22823995780098
6056,200.2282413677947
6057,200.22824277712837
6058,200.22824418580342
6059,200.22824559382104
6060,200.2282470011827
6061,200.22824840788965
6062,200.22824981394317
6063,200.22825121934454
6064,200.22825262409512
6065,200.22825402819612
6066,200.22825543164893
6067,200.22825683445464
6068,200.22825823661483
6069,200.22825963813054
6070,200.2282610390032
6071,200.2282624392339
6072,200.2282638388241
6073,200.22826523777502
6074,200.2282666360878
6075,200.22826803376384
6076,200.22826943080423
6077,200.22827082721048
6078,200.22827222298355
6079,200.22827361812497
6080,200.22827501263575
6081,200.22827640651724
6082,200.22827779977067
6083,200.22827919239725
6084,200.2282805843982
6085,200.22828197577473
6086,200.2282833665282
6087,200.22828475665958
6088,200.22828614617032
6089,200.22828753506155
6090,200.2282889233344
6091,200.2282903109902
6092,200.22829169803006
6093,200.22829308445532
6094,200.228294470267
6095,200.2282958554663
6096,200.22829724005456
6097,200.2282986240328
6098,200.22830000740234
6099,200.22830139016432
6100,200.22830277231992
6101,200.22830415387023
6102,200.22830553481654
6103,200.22830691515995
6104,200.22830829490155
6105,200.2283096740427
6106,200.22831105258444
6107,200.22831243052792
6108,200.2283138078743
6109,200.22831518462476
6110,200.22831656078043
6111,200.22831793634234
6112,200.2283193113118
6113,200.22832068568985
6114,200.22832205947768
6115,200.2283234326764
6116,200.2283248052871
6117,200.22832617731092
6118,200.22832754874892
6119,200.2283289196024
6120,200.22833028987233
6121,200.22833165955987
6122,200.22833302866604
6123,200.22833439719204
6124,200.22833576513895
6125,200.2283371325079
6126,200.2283384992999
6127,200.2283398655161
6128,200.22834123115766
6129,200.22834259622547
6130,200.22834396072076
6131,200.2283453246446
6132,200.22834668799806
6133,200.22834805078227
6134,200.22834941299814
6135,200.22835077464683
6136,200.22835213572947
6137,200.2283534962471
6138,200.2283548562007
6139,200.22835621559136
6140,200.22835757442016
6141,200.2283589326881
6142,200.22836029039632
6143,200.22836164754574
6144,200.22836300413758
6145,200.22836436017266
6146,200.22836571565213
6147,200.22836707057715
6148,200.22836842494848
6149,200.22836977876736
6150,200.22837113203474
6151,200.22837248475165
6152,200.22837383691905
6153,200.22837518853805
6154,200.22837653960963
6155,200.22837789013468
6156,200.22837924011446
6157,200.2283805895498
6158,200.2283819384417
6159,200.2283832867912
6160,200.22838463459934
6161,200.22838598186695
6162,200.2283873285952
6163,200.22838867478504
6164,200.22839002043736
6165,200.22839136555322
6166,200.22839271013353
6167,200.22839405417943
6168,200.22839539769177
6169,200.22839674067146
6170,200.2283980831196
6171,200.22839942503705
6172,200.2284007664248
6173,200.2284021072839
6174,200.2284034476152
6175,200.2284047874197
6176,200.22840612669836
6177,200.22840746545208
6178,200.22840880368182
6179,200.22841014138854
6180,200.22841147857318
6181,200.22841281523665
6182,200.22841415137992
6183,200.22841548700393
6184,200.22841682210952
6185,200.22841815669773
6186,200.22841949076948
6187,200.22842082432564
6188,200.22842215736705
6189,200.22842348989477
6190,200.22842482190967
6191,200.22842615341256
6192,200.22842748440448
6193,200.22842881488637
6194,200.22843014485895
6195,200.2284314743233
6196,200.22843280328013
6197,200.22843413173052
6198,200.2284354596752
6199,200.22843678711527
6200,200.22843811405141
6201,200.22843944048458
6202,200.22844076641564
6203,200.22844209184552
6204,200.22844341677504
6205,200.22844474120518
6206,200.22844606513667
6207,200.22844738857043
6208,200.22844871150738
6209,200.22845003394832
6210,200.22845135589407
6211,200.2284526773456
6212,200.22845399830376
6213,200.22845531876928
6214,200.2284566387431
6215,200.228457958226
6216,200.22845927721895
6217,200.22846059572265
6218,200.22846191373804
6219,200.228463231266
6220,200.2284645483072
6221,200.22846586486259
6222,200.22846718093297
6223,200.2284684965192
6224,200.228469811622
6225,200.22847112624237
6226,200.2284724403809
6227,200.22847375403865
6228,200.22847506721635
6229,200.22847637991467
6230,200.2284776921346
6231,200.22847900387686
6232,200.22848031514226
6233,200.22848162593164
6234,200.22848293624574
6235,200.22848424608543
6236,200.2284855554515
6237,200.22848686434463
6238,200.2284881727658
6239,200.22848948071558
6240,200.22849078819496
6241,200.22849209520453
6242,200.2284934017453
6243,200.22849470781787
6244,200.22849601342304
6245,200.22849731856164
6246,200.2284986232344
6247,200.22849992744202
6248,200.22850123118545
6249,200.2285025344653
6250,200.22850383728243
6251,200.22850513963755
6252,200.22850644153138
6253,200.2285077429647
6254,200.2285090439383
6255,200.22851034445293
6256,200.22851164450927
6257,200.22851294410813
6258,200.2285142432502
6259,200.22851554193628
6260,200.22851684016715
6261,200.22851813794335
6262,200.22851943526587
6263,200.2285207321352
6264,200.22852202855222
6265,200.2285233245176
6266,200.2285246200321
6267,200.22852591509644
6268,200.2285272097113
6269,200.22852850387736
6270,200.2285297975955
6271,200.22853109086628
6272,200.22853238369044
6273,200.22853367606868
6274,200.2285349680018
6275,200.22853625949045
6276,200.22853755053524
6277,200.22853884113707
6278,200.22854013129646
6279,200.22854142101409
6280,200.22854271029084
6281,200.22854399912725
6282,200.228545287524
6283,200.22854657548183
6284,200.22854786300144
6285,200.22854915008352
6286,200.22855043672865
6287,200.22855172293757
6288,200.228553008711
6289,200.2285542940496
6290,200.22855557895392
6291,200.22855686342479
6292,200.22855814746276
6293,200.22855943106862
6294,200.22856071424295
6295,200.22856199698637
6296,200.22856327929952
6297,200.2285645611832
6298,200.22856584263798
6299,200.22856712366453
6300,200.2285684042634
6301,200.2285696844354
6302,200.22857096418107
6303,200.2285722435011
6304,200.22857352239612
6305,200.2285748008667
6306,200.22857607891356
6307,200.22857735653744
6308,200.2285786337387
6309,200.2285799105181
6310,200.22858118687643
6311,200.228582462814
6312,200.22858373833176
6313,200.22858501343006
6314,200.22858628810968
6315,200.22858756237122
6316,200.2285888362152
6317,200.22859010964237
6318,200.22859138265324
6319,200.22859265524843
6320,200.22859392742862
6321,200.2285951991944
6322,200.22859647054625
6323,200.22859774148498
6324,200.22859901201107
6325,200.22860028212503
6326,200.22860155182767
6327,200.22860282111935
6328,200.22860409000083
6329,200.22860535847266
6330,200.22860662653542
6331,200.2286078941896
6332,200.2286091614359
6333,200.22861042827492
6334,200.2286116947072
6335,200.22861296073333
6336,200.22861422635378
6337,200.2286154915693
6338,200.22861675638035
6339,200.2286180207875
6340,200.22861928479136
6341,200.22862054839246
6342,200.22862181159152
6343,200.22862307438882
6344,200.2286243367851
6345,200.22862559878095
6346,200.22862686037678
6347,200.22862812157325
6348,200.2286293823709
6349,200.22863064277027
6350,200.22863190277195
6351,200.22863316237635
6352,200.2286344215842
6353,200.22863568039597
6354,200.22863693881214
6355,200.2286381968333
6356,200.2286394544599
6357,200.2286407116927
6358,200.22864196853203
6359,200.2286432249785
6360,200.22864448103266
6361,200.22864573669497
6362,200.22864699196603
6363,200.2286482468463
6364,200.22864950133624
6365,200.22865075543655
6366,200.22865200914765
6367,200.2286532624701
6368,200.22865451540437
6369,200.22865576795098
6370,200.22865702011046
6371,200.22865827188326
6372,200.22865952326995
6373,200.22866077427105
6374,200.2286620248871
6375,200.22866327511835
6376,200.22866452496567
6377,200.22866577442932
6378,200.22866702350987
6379,200.22866827220778
6380,200.22866952052357
6381,200.2286707684577
6382,200.2286720160108
6383,200.22867326318317
6384,200.2286745099754
6385,200.22867575638793
6386,200.2286770024213
6387,200.2286782480759
6388,200.22867949335227
6389,200.22868073825092
6390,200.22868198277226
6391,200.22868322691687
6392,200.22868447068504
6393,200.2286857140775
6394,200.22868695709448
6395,200.22868819973652
6396,200.2286894420042
6397,200.22869068389775
6398,200.22869192541788
6399,200.22869316656488
6400,200.22869440733928
6401,200.22869564774157
6402,200.22869688777212
6403,200.22869812743147
6404,200.22869936672006
6405,200.2287006056382
6406,200.2287018441865
6407,200.2287030823654
6408,200.22870432017532
6409,200.22870555761668
6410,200.2287067946899
6411,200.22870803139546
6412,200.2287092677338
6413,200.22871050370537
6414,200.22871173931057
6415,200.22871297454986
6416,200.22871420942366
6417,200.22871544393246
6418,200.22871667807655
6419,200.2287179118565
6420,200.22871914527266
6421,200.22872037832553
6422,200.22872161101546
6423,200.22872284334287
6424,200.22872407530815
6425,200.22872530691183
6426,200.22872653815426
6427,200.22872776903586
6428,200.22872899955706
6429,200.22873022971822
6430,200.22873145951982
6431,200.22873268896217
6432,200.22873391804578
6433,200.22873514677107
6434,200.22873637513834
6435,200.22873760314806
6436,200.2287388308006
6437,200.22874005809643
6438,200.2287412850359
6439,200.22874251161934
6440,200.22874373784722
6441,200.22874496371995
6442,200.22874618923782
6443,200.22874741440137
6444,200.22874863921086
6445,200.22874986366682
6446,200.22875108776944
6447,200.22875231151926
6448,200.22875353491662
6449,200.22875475796192
6450,200.22875598065545
6451,200.22875720299763
6452,200.22875842498888
6453,200.22875964662958
6454,200.22876086792004
6455,200.22876208886075
6456,200.22876330945186
6457,200.22876452969393
6458,200.22876574958735
6459,200.22876696913232
6460,200.22876818832935
6461,200.22876940717876
6462,200.22877062568094
6463,200.22877184383614
6464,200.2287730616448
6465,200.22877427910737
6466,200.22877549622396
6467,200.2287767129952
6468,200.22877792942128
6469,200.22877914550256
6470,200.22878036123944
6471,200.22878157663226
6472,200.2287827916813
6473,200.22878400638697
6474,200.22878522074967
6475,200.22878643476966
6476,200.2287876484473
6477,200.2287888617829
6478,200.22879007477684
6479,200.22879128742946
6480,200.2287924997411
6481,200.22879371171214
6482,200.22879492334278
6483,200.22879613463346
6484,200.2287973455845
6485,200.2287985561962
6486,200.22879976646888
6487,200.22880097640285
6488,200.2288021859985
6489,200.22880339525614
6490,200.2288046041761
6491,200.22880581275865
6492,200.22880702100414
6493,200.22880822891284
6494,200.22880943648522
6495,200.22881064372146
6496,200.22881185062184
6497,200.2288130571868
6498,200.22881426341655
6499,200.22881546931146
6500,200.22881667487187
6501,200.22881788009798
6502,200.22881908499025
6503,200.2288202895488
6504,200.22882149377406
6505,200.22882269766623
6506,200.22882390122578
6507,200.22882510445285
6508,200.22882630734782
6509,200.22882750991096
6510,200.2288287121426
6511,200.228829914043
6512,200.22883111561245
6513,200.22883231685125
6514,200.22883351775977
6515,200.2288347183382
6516,200.22883591858687
6517,200.22883711850594
6518,200.22883831809594
6519,200.22883951735696
6520,200.22884071628934
6521,200.22884191489348
6522,200.22884311316943
6523,200.22884431111765
6524,200.22884550873832
6525,200.22884670603185
6526,200.22884790299838
6527,200.22884909963818
6528,200.22885029595164
6529,200.22885149193903
6530,200.2288526876004
6531,200.22885388293628
6532,200.2288550779469
6533,200.22885627263238
6534,200.2288574669931
6535,200.22885866102928
6536,200.22885985474122
6537,200.22886104812918
6538,200.22886224119335
6539,200.22886343393415
6540,200.22886462635165
6541,200.2288658184462
6542,200.2288670102181
6543,200.22886820166747
6544,200.22886939279476
6545,200.22887058360007
6546,200.2288717740837
6547,200.22887296424588
6548,200.22887415408695
6549,200.22887534360703
6550,200.22887653280645
6551,200.22887772168542
6552,200.22887891024422
6553,200.2288800984831
6554,200.2288812864023
6555,200.22888247400198
6556,200.22888366128245
6557,200.2288848482439
6558,200.22888603488667
6559,200.22888722121093
6560,200.22888840721694
6561,200.22888959290484
6562,200.228890778275
6563,200.22889196332758
6564,200.2288931480628
6565,200.22889433248096
6566,200.22889551658224
6567,200.22889670036687
6568,200.22889788383506
6569,200.22889906698708
6570,200.2289002498231
6571,200.22890143234346
6572,200.2289026145483
6573,200.22890379643778
6574,200.22890497801222
6575,200.22890615927182
6576,200.22890734021672
6577,200.22890852084726
6578,200.22890970116356
6579,200.22891088116583
6580,200.22891206085444
6581,200.2289132402294
6582,200.22891441929102
6583,200.22891559803955
6584,200.22891677647513
6585,200.22891795459796
6586,200.22891913240832
6587,200.22892030990639
6588,200.2289214870924
6589,200.22892266396647
6590,200.22892384052886
6591,200.22892501677978
6592,200.22892619271937
6593,200.22892736834794
6594,200.22892854366555
6595,200.22892971867253
6596,200.22893089336907
6597,200.22893206775527
6598,200.22893324183133
6599,200.2289344155976
6600,200.2289355890541
6601,200.22893676220104
6602,200.22893793503874
6603,200.22893910756724
6604,200.2289402797869
6605,200.22894145169775
6606,200.22894262330004
6607,200.228943794594
6608,200.22894496557976
6609,200.22894613625746
6610,200.22894730662742
6611,200.22894847668965
6612,200.2289496464445
6613,200.22895081589206
6614,200.22895198503258
6615,200.22895315386603
6616,200.2289543223928
6617,200.22895549061306
6618,200.22895665852693
6619,200.22895782613458
6620,200.22895899343618
6621,200.2289601604319
6622,200.22896132712197
6623,200.22896249350657
6624,200.2289636595858
6625,200.22896482535978
6626,200.22896599082884
6627,200.228967155993
6628,200.22896832085252
6629,200.22896948540745
6630,200.2289706496581
6631,200.22897181360455
6632,200.228972977247
6633,200.2289741405856
6634,200.22897530362047
6635,200.22897646635184
6636,200.22897762877986
6637,200.2289787909046
6638,200.22897995272632
6639,200.22898111424513
6640,200.2289822754612
6641,200.2289834363747
6642,200.22898459698575
6643,200.22898575729445
6644,200.22898691730109
6645,200.22898807700577
6646,200.22898923640858
6647,200.2289903955097
6648,200.22899155430926
6649,200.2289927128075
6650,200.2289938710045
6651,200.22899502890039
6652,200.22899618649535
6653,200.22899734378953
6654,200.22899850078295
6655,200.22899965747595
6656,200.2290008138685
6657,200.2290019699609
6658,200.22900312575314
6659,200.2290042812455
6660,200.22900543643797
6661,200.2290065913308
6662,200.2290077459241
6663,200.22900890021793
6664,200.22901005421264
6665,200.2290112079081
6666,200.2290123613045
6667,200.22901351440214
6668,200.22901466720103
6669,200.22901581970123
6670,200.229016971903
6671,200.22901812380647
6672,200.22901927541167
6673,200.22902042671888
6674,200.22902157772802
6675,200.2290227284393
6676,200.22902387885298
6677,200.22902502896898
6678,200.22902617878754
6679,200.22902732830875
6680,200.2290284775328
6681,200.22902962645963
6682,200.22903077508954
6683,200.22903192342258
6684,200.22903307145893
6685,200.2290342191987
6686,200.2290353666419
6687,200.22903651378866
6688,200.22903766063925
6689,200.22903880719358
6690,200.229039953452
6691,200.22904109941442
6692,200.229042245081
6693,200.22904339045195
6694,200.22904453552724
6695,200.229045680307
6696,200.22904682479148
6697,200.22904796898072
6698,200.22904911287472
6699,200.22905025647373
6700,200.2290513997777
6701,200.22905254278692
6702,200.22905368550138
6703,200.22905482792123
6704,200.22905597004655
6705,200.22905711187744
6706,200.22905825341402
6707,200.2290593946564
6708,200.22906053560467
6709,200.22906167625897
6710,200.2290628166193
6711,200.22906395668576
6712,200.22906509645858
6713,200.22906623593775
6714,200.22906737512338
6715,200.2290685140156
6716,200.2290696526145
6717,200.22907079092013
6718,200.22907192893265
6719,200.22907306665203
6720,200.2290742040786
6721,200.22907534121222
6722,200.22907647805303
6723,200.2290776146012
6724,200.2290787508567
6725,200.2290798868197
6726,200.22908102249036
6727,200.22908215786862
6728,200.22908329295467
6729,200.22908442774855
6730,200.22908556225028
6731,200.2290866964601
6732,200.229087830378
6733,200.22908896400406
6734,200.22909009733837
6735,200.22909123038104
6736,200.22909236313217
6737,200.2290934955917
6738,200.22909462775993
6739,200.22909575963672
6740,200.22909689122238
6741,200.2290980225167
6742,200.22909915351997
6743,200.22910028423232
6744,200.2291014146536
6745,200.22910254478404
6746,200.2291036746237
6747,200.22910480417258
6748,200.22910593343084
6749,200.22910706239853
6750,200.22910819107574
6751,200.22910931946245
6752,200.2291104475588
6753,200.2291115753649
6754,200.22911270288077
6755,200.22911383010646
6756,200.22911495704207
6757,200.22911608368767
6758,200.22911721004337
6759,200.22911833610914
6760,200.22911946188506
6761,200.22912058737128
6762,200.22912171256777
6763,200.22912283747465
6764,200.22912396209193
6765,200.22912508641974
6766,200.2291262104581
6767,200.22912733420713
6768,200.2291284576669
6769,200.22912958083734
6770,200.2291307037186
6771,200.22913182631078
6772,200.22913294861382
6773,200.22913407062785
6774,200.22913519235297
6775,200.2291363137891
6776,200.2291374349365
6777,200.22913855579503
6778,200.22913967636487
6779,200.22914079664608
6780,200.22914191663855
6781,200.2291430363426
6782,200.229144155758
6783,200.22914527488498
6784,200.22914639372354
6785,200.22914751227378
6786,200.22914863053578
6787,200.2291497485094
6788,200.22915086619486
6789,200.22915198359212
6790,200.2291531007013
6791,200.22915421752242
6792,200.22915533405552
6793,200.22915645030062
6794,200.22915756625787
6795,200.22915868192717
6796,200.22915979730877
6797,200.22916091240242
6798,200.22916202720845
6799,200.22916314172673
6800,200.2291642559574
6801,200.22916536990047
6802,200.22916648355596
6803,200.22916759692387
6804,200.2291687100043
6805,200.22916982279736
6806,200.2291709353029
6807,200.22917204752122
6808,200.22917315945213
6809,200.22917427109573
6810,200.22917538245218
6811,200.22917649352135
6812,200.22917760430335
6813,200.22917871479828
6814,200.22917982500607
6815,200.22918093492677
6816,200.22918204456047
6817,200.2291831539071
6818,200.22918426296684
6819,200.22918537173967
6820,200.22918648022554
6821,200.22918758842465
6822,200.2291886963368
6823,200.2291898039622
6824,200.22919091130086
6825,200.22919201835276
6826,200.22919312511794
6827,200.2291942315965
6828,200.22919533778838
6829,200.2291964436936
6830,200.22919754931235
6831,200.2291986546444
6832,200.22919975968998
6833,200.229200864449
6834,200.22920196892156
6835,200.22920307310773
6836,200.2292041770074
6837,200.2292052806207
6838,200.22920638394763
6839,200.2292074869882
6840,200.22920858974246
6841,200.22920969221036
6842,200.22921079439195
6843,200.22921189628727
6844,200.2292129978964
6845,200.22921409921926
6846,200.22921520025596
6847,200.22921630100652
6848,200.22921740147083
6849,200.229218501649
6850,200.2292196015411
6851,200.22922070114709
6852,200.229221800467
6853,200.22922289950085
6854,200.22922399824859
6855,200.22922509671034
6856,200.22922619488605
6857,200.22922729277585
6858,200.22922839037955
6859,200.2292294876973
6860,200.22923058472912
6861,200.22923168147508
6862,200.229232777935
6863,200.229233874109
6864,200.2292349699972
6865,200.22923606559948
6866,200.22923716091586
6867,200.22923825594637
6868,200.22923935069102
6869,200.22924044514988
6870,200.22924153932286
6871,200.22924263321005
6872,200.2292437268114
6873,200.229244820127
6874,200.22924591315677
6875,200.22924700590076
6876,200.22924809835902
6877,200.22924919053148
6878,200.2292502824182
6879,200.2292513740192
6880,200.2292524653344
6881,200.2292535563639
6882,200.22925464710758
6883,200.22925573756567
6884,200.22925682773797
6885,200.22925791762452
6886,200.22925900722535
6887,200.22926009654054
6888,200.22926118556998
6889,200.22926227431378
6890,200.22926336277186
6891,200.22926445094427
6892,200.22926553883096
6893,200.22926662643192
6894,200.22926771374722
6895,200.2292688007768
6896,200.2292698875207
6897,200.22927097397894
6898,200.2292720601515
6899,200.22927314603837
6900,200.2292742316395
6901,200.22927531695498
6902,200.22927640198483
6903,200.22927748672893
6904,200.22927857118736
6905,200.2292796553601
6906,200.22928073924703
6907,200.22928182284835
6908,200.22928290616397
6909,200.22928398919385
6910,200.22928507193805
6911,200.22928615439648
6912,200.22928723656926
6913,200.2292883184562
6914,200.22928940005752
6915,200.2292904813731
6916,200.22929156240284
6917,200.2292926431469
6918,200.22929372360514
6919,200.2292948037777
6920,200.2292958836644
6921,200.22929696326534
6922,200.22929804258055
6923,200.22929912160987
6924,200.2293002003534
6925,200.22930127881116
6926,200.22930235698308
6927,200.22930343486908
6928,200.22930451246935
6929,200.22930558978368
6930,200.22930666681222
6931,200.22930774355478
6932,200.2293088200115
6933,200.22930989618234
6934,200.22931097206734
6935,200.2293120476663
6936,200.22931312297933
6937,200.2293141980064
6938,200.22931527274756
6939,200.22931634720274
6940,200.22931742137186
6941,200.22931849525503
6942,200.2293195688522
6943,200.2293206421633
6944,200.22932171518835
6945,200.22932278792732
6946,200.22932386038022
6947,200.22932493254706
6948,200.22932600442778
6949,200.22932707602234
6950,200.2293281473308
6951,200.22932921835306
6952,200.2293302890891
6953,200.22933135953897
6954,200.22933242970265
6955,200.2293334995801
6956,200.2293345691713
6957,200.22933563847621
6958,200.22933670749484
6959,200.22933777622723
6960,200.22933884467318
6961,200.22933991283284
6962,200.22934098070613
6963,200.22934204829298
6964,200.22934311559348
6965,200.22934418260752
6966,200.22934524933513
6967,200.2293463157762
6968,200.22934738193086
6969,200.22934844779903
6970,200.22934951338058
6971,200.22935057867565
6972,200.2293516436841
6973,200.22935270840594
6974,200.2293537728411
6975,200.2293548369897
6976,200.22935590085163
6977,200.22935696442678
6978,200.22935802771534
6979,200.22935909071703
6980,200.229360153432
6981,200.2293612158601
6982,200.2293622780015
6983,200.229363339856
6984,200.22936440142368
6985,200.22936546270438
6986,200.22936652369825
6987,200.22936758440508
6988,200.22936864482492
6989,200.2293697049578
6990,200.22937076480363
6991,200.22937182436243
6992,200.22937288363417
6993,200.22937394261876
6994,200.22937500131619
6995,200.22937605972655
6996,200.22937711784962
6997,200.22937817568544
6998,200.22937923323408
6999,200.22938029049538
7000,200.22938134746943
7001,200.2293824041561
7002,200.22938346055543
7003,200.2293845166673
7004,200.2293855724918
7005,200.2293866280288
7006,200.2293876832784
7007,200.22938873824037
7008,200.2293897929148
7009,200.22939084730172
7010,200.229391901401
7011,200.2293929552126
7012,200.2293940087365
7013,200.22939506197275
7014,200.2293961149212
7015,200.22939716758194
7016,200.22939821995485
7017,200.22939927203984
7018,200.2294003238371
7019,200.22940137534638
7020,200.22940242656776
7021,200.2294034775011
7022,200.2294045281465
7023,200.22940557850384
7024,200.22940662857306
7025,200.2294076783542
7026,200.2294087278472
7027,200.2294097770521
7028,200.22941082596867
7029,200.22941187459708
7030,200.22941292293714
7031,200.2294139709889
7032,200.22941501875223
7033,200.2294160662273
7034,200.22941711341392
7035,200.22941816031204
7036,200.22941920692173
7037,200.22942025324278
7038,200.22942129927532
7039,200.2294223450193
7040,200.22942339047455
7041,200.22942443564116
7042,200.22942548051907
7043,200.2294265251082
7044,200.22942756940853
7045,200.22942861342
7046,200.22942965714262
7047,200.2294307005764
7048,200.22943174372116
7049,200.22943278657692
7050,200.2294338291437
7051,200.2294348714214
7052,200.22943591341001
7053,200.22943695510943
7054,200.22943799651978
7055,200.22943903764084
7056,200.22944007847263
7057,200.22944111901515
7058,200.22944215926836
7059,200.22944319923215
7060,200.22944423890658
7061,200.22944527829145
7062,200.2294463173869
7063,200.22944735619276
7064,200.2294483947091
7065,200.22944943293575
7066,200.2294504708728
7067,200.22945150852013
7068,200.22945254587765
7069,200.2294535829455
7070,200.2294546197234
7071,200.22945565621154
7072,200.22945669240974
7073,200.22945772831795
7074,200.22945876393618
7075,200.22945979926433
7076,200.2294608343025
7077,200.22946186905045
7078,200.22946290350825
7079,200.22946393767586
7080,200.22946497155328
7081,200.22946600514032
7082,200.22946703843704
7083,200.2294680714434
7084,200.2294691041594
7085,200.22947013658484
7086,200.22947116871978
7087,200.22947220056417
7088,200.22947323211793
7089,200.22947426338112
7090,200.22947529435353
7091,200.22947632503534
7092,200.22947735542627
7093,200.22947838552633
7094,200.22947941533565
7095,200.22948044485398
7096,200.22948147408138
7097,200.2294825030178
7098,200.22948353166316
7099,200.22948456001737
7100,200.22948558808048
7101,200.22948661585244
7102,200.22948764333313
7103,200.22948867052253
7104,200.2294896974206
7105,200.2294907240274
7106,200.2294917503427
7107,200.22949277636658
7108,200.229493802099
7109,200.22949482753984
7110,200.22949585268907
7111,200.22949687754664
7112,200.22949790211254
7113,200.22949892638673
7114,200.22949995036907
7115,200.22950097405965
7116,200.2295019974583
7117,200.22950302056506
7118,200.22950404337982
7119,200.2295050659026
7120,200.22950608813323
7121,200.22950711007184
7122,200.22950813171823
7123,200.22950915307243
7124,200.22951017413436
7125,200.22951119490395
7126,200.22951221538133
7127,200.22951323556617
7128,200.2295142554586
7129,200.22951527505856
7130,200.22951629436594
7131,200.22951731338077
7132,200.2295183321029
7133,200.22951935053237
7134,200.2295203686691
7135,200.22952138651303
7136,200.22952240406417
7137,200.22952342132234
7138,200.2295244382876
7139,200.22952545495994
7140,200.22952647133917
7141,200.22952748742534
7142,200.2295285032184
7143,200.22952951871832
7144,200.22953053392493
7145,200.22953154883825
7146,200.22953256345832
7147,200.22953357778496
7148,200.22953459181824
7149,200.22953560555794
7150,200.22953661900416
7151,200.22953763215676
7152,200.22953864501582
7153,200.2295396575811
7154,200.22954066985278
7155,200.22954168183063
7156,200.22954269351456
7157,200.22954370490473
7158,200.22954471600093
7159,200.22954572680317
7160,200.22954673731135
7161,200.2295477475255
7162,200.22954875744549
7163,200.22954976707132
7164,200.22955077640287
7165,200.22955178544018
7166,200.2295527941831
7167,200.22955380263173
7168,200.22955481078583
7169,200.22955581864554
7170,200.2295568262106
7171,200.22955783348115
7172,200.22955884045706
7173,200.2295598471383
7174,200.2295608535248
7175,200.22956185961644
7176,200.22956286541333
7177,200.22956387091526
7178,200.22956487612228
7179,200.22956588103426
7180,200.22956688565125
7181,200.22956788997308
7182,200.22956889399978
7183,200.22956989773132
7184,200.2295709011676
7185,200.22957190430847
7186,200.22957290715408
7187,200.22957390970424
7188,200.22957491195893
7189,200.22957591391815
7190,200.22957691558182
7191,200.2295779169498
7192,200.22957891802218
7193,200.22957991879883
7194,200.2295809192797
7195,200.22958191946475
7196,200.229582919354
7197,200.22958391894718
7198,200.2295849182444
7199,200.22958591724566
7200,200.22958691595088
7201,200.22958791435985
7202,200.22958891247265
7203,200.22958991028926
7204,200.22959090780947
7205,200.22959190503343
7206,200.22959290196096
7207,200.22959389859207
7208,200.22959489492663
7209,200.22959589096467
7210,200.2295968867061
7211,200.22959788215096
7212,200.22959887729903
7213,200.2295998721503
7214,200.2296008667048
7215,200.22960186096245
7216,200.2296028549231
7217,200.22960384858686
7218,200.22960484195355
7219,200.22960583502316
7220,200.2296068277957
7221,200.22960782027099
7222,200.22960881244904
7223,200.2296098043298
7224,200.22961079591332
7225,200.22961178719933
7226,200.22961277818794
7227,200.22961376887906
7228,200.22961475927255
7229,200.22961574936852
7230,200.2296167391668
7231,200.22961772866736
7232,200.22961871787024
7233,200.22961970677517
7234,200.22962069538235
7235,200.22962168369156
7236,200.22962267170277
7237,200.229623659416
7238,200.22962464683113
7239,200.22962563394816
7240,200.22962662076696
7241,200.2296276072876
7242,200.22962859350983
7243,200.22962957943378
7244,200.22963056505938
7245,200.22963155038647
7246,200.22963253541505
7247,200.22963352014517
7248,200.2296345045766
7249,200.2296354887094
7250,200.2296364725435
7251,200.22963745607888
7252,200.22963843931535
7253,200.22963942225303
7254,200.22964040489168
7255,200.22964138723145
7256,200.2296423692722
7257,200.2296433510138
7258,200.22964433245636
7259,200.2296453135997
7260,200.22964629444377
7261,200.22964727498857
7262,200.22964825523403
7263,200.22964923518003
7264,200.22965021482668
7265,200.2296511941738
7266,200.22965217322135
7267,200.22965315196936
7268,200.22965413041763
7269,200.22965510856616
7270,200.22965608641505
7271,200.22965706396405
7272,200.22965804121318
7273,200.2296590181624
7274,200.22965999481164
7275,200.22966097116094
7276,200.22966194721005
7277,200.22966292295908
7278,200.22966389840795
7279,200.22966487355652
7280,200.22966584840486
7281,200.22966682295288
7282,200.22966779720048
7283,200.2296687711476
7284,200.22966974479422
7285,200.22967071814034
7286,200.22967169118593
7287,200.22967266393078
7288,200.229673636375
7289,200.2296746085184
7290,200.229675580361
7291,200.22967655190274
7292,200.22967752314352
7293,200.22967849408343
7294,200.22967946472227
7295,200.2296804350601
7296,200.22968140509673
7297,200.22968237483224
7298,200.2296833442665
7299,200.22968431339956
7300,200.22968528223123
7301,200.22968625076155
7302,200.22968721899042
7303,200.22968818691777
7304,200.22968915454368
7305,200.22969012186795
7306,200.22969108889055
7307,200.2296920556115
7308,200.22969302203074
7309,200.22969398814817
7310,200.22969495396373
7311,200.2296959194775
7312,200.22969688468925
7313,200.229697849599
7314,200.22969881420667
7315,200.22969977851233
7316,200.22970074251577
7317,200.22970170621704
7318,200.22970266961605
7319,200.2297036327128
7320,200.22970459550714
7321,200.2297055579991
7322,200.22970652018864
7323,200.22970748207567
7324,200.22970844366012
7325,200.22970940494199
7326,200.2297103659212
7327,200.22971132659768
7328,200.2297122869714
7329,200.2297132470423
7330,200.22971420681043
7331,200.22971516627555
7332,200.22971612543773
7333,200.2297170842969
7334,200.22971804285308
7335,200.22971900110605
7336,200.22971995905593
7337,200.22972091670258
7338,200.22972187404594
7339,200.22972283108595
7340,200.22972378782268
7341,200.22972474425598
7342,200.22972570038584
7343,200.2297266562121
7344,200.2297276117349
7345,200.22972856695404
7346,200.22972952186953
7347,200.2297304764813
7348,200.22973143078931
7349,200.2297323847935
7350,200.22973333849384
7351,200.22973429189034
7352,200.22973524498283
7353,200.2297361977713
7354,200.22973715025574
7355,200.22973810243607
7356,200.2297390543122
7357,200.2297400058842
7358,200.2297409571519
7359,200.22974190811533
7360,200.2297428587744
7361,200.22974380912902
7362,200.2297447591793
7363,200.229745708925
7364,200.22974665836622
7365,200.2297476075028
7366,200.22974855633473
7367,200.229749504862
7368,200.22975045308453
7369,200.22975140100226
7370,200.22975234861514
7371,200.22975329592316
7372,200.22975424292625
7373,200.22975518962443
7374,200.22975613601747
7375,200.2297570821055
7376,200.2297580278884
7377,200.2297589733661
7378,200.22975991853858
7379,200.22976086340586
7380,200.22976180796778
7381,200.22976275222436
7382,200.2297636961755
7383,200.22976463982124
7384,200.2297655831614
7385,200.22976652619607
7386,200.2297674689251
7387,200.22976841134852
7388,200.2297693534662
7389,200.22977029527812
7390,200.22977123678433
7391,200.22977217798467
7392,200.2297731188792
7393,200.2297740594677
7394,200.2297749997503
7395,200.22977593972684
7396,200.22977687939732
7397,200.22977781876173
7398,200.22977875781996
7399,200.22977969657194
7400,200.22978063501776
7401,200.2297815731572
7402,200.2297825109904
7403,200.22978344851708
7404,200.22978438573742
7405,200.22978532265128
7406,200.22978625925856
7407,200.2297871955593
7408,200.22978813155348
7409,200.2297890672409
7410,200.22979000262166
7411,200.22979093769564
7412,200.22979187246287
7413,200.22979280692326
7414,200.22979374107672
7415,200.22979467492328
7416,200.22979560846284
7417,200.22979654169535
7418,200.22979747462085
7419,200.22979840723926
7420,200.22979933955045
7421,200.22980027155444
7422,200.22980120325124
7423,200.2298021346407
7424,200.22980306572288
7425,200.22980399649762
7426,200.229804926965
7427,200.22980585712486
7428,200.22980678697724
7429,200.22980771652206
7430,200.22980864575928
7431,200.22980957468886
7432,200.2298105033108
7433,200.229811431625
7434,200.2298123596314
7435,200.22981328733
7436,200.2298142147208
7437,200.2298151418036
7438,200.22981606857851
7439,200.22981699504547
7440,200.22981792120433
7441,200.22981884705516
7442,200.22981977259786
7443,200.22982069783237
7444,200.2298216227587
7445,200.2298225473768
7446,200.22982347168673
7447,200.22982439568818
7448,200.22982531938135
7449,200.22982624276605
7450,200.2298271658424
7451,200.22982808861013
7452,200.2298290110694
7453,200.22982993322003
7454,200.22983085506212
7455,200.2298317765956
7456,200.22983269782023
7457,200.22983361873617
7458,200.22983453934341
7459,200.22983545964175
7460,200.22983637963125
7461,200.22983729931184
7462,200.22983821868348
7463,200.22983913774613
7464,200.2298400564997
7465,200.22984097494432
7466,200.22984189307977
7467,200.22984281090606
7468,200.2298437284232
7469,200.22984464563112
7470,200.2298455625297
7471,200.22984647911903
7472,200.22984739539905
7473,200.22984831136964
7474,200.22984922703077
7475,200.22985014238247
7476,200.22985105742464
7477,200.2298519721573
7478,200.22985288658035
7479,200.22985380069375
7480,200.22985471449752
7481,200.2298556279916
7482,200.22985654117588
7483,200.22985745405043
7484,200.2298583666152
7485,200.22985927887
7486,200.22986019081503
7487,200.22986110245006
7488,200.22986201377512
7489,200.2298629247902
7490,200.22986383549525
7491,200.22986474589018
7492,200.22986565597492
7493,200.22986656574963
7494,200.22986747521406
7495,200.22986838436833
7496,200.22986929321226
7497,200.22987020174594
7498,200.22987110996922
7499,200.22987201788217
7500,200.22987292548464
7501,200.22987383277663
7502,200.22987473975817
7503,200.22987564642924
7504,200.22987655278962
7505,200.22987745883947
7506,200.2298783645787
7507,200.22987927000716
7508,200.22988017512503
7509,200.22988107993206
7510,200.22988198442835
7511,200.2298828886138
7512,200.22988379248844
7513,200.2298846960521
7514,200.22988559930494
7515,200.22988650224673
7516,200.22988740487756
7517,200.22988830719734
7518,200.2298892092061
7519,200.22989011090374
7520,200.22989101229018
7521,200.22989191336555
7522,200.22989281412964
7523,200.22989371458254
7524,200.22989461472415
7525,200.2298955145544
7526,200.22989641407335
7527,200.229897313281
7528,200.22989821217715
7529,200.22989911076183
7530,200.22990000903505
7531,200.22990090699682
7532,200.22990180464703
7533,200.22990270198565
7534,200.22990359901266
7535,200.229904495728
7536,200.2299053921317
7537,200.22990628822362
7538,200.2299071840039
7539,200.22990807947238
7540,200.22990897462896
7541,200.22990986947377
7542,200.22991076400672
7543,200.22991165822776
7544,200.22991255213685
7545,200.22991344573396
7546,200.2299143390191
7547,200.22991523199224
7548,200.22991612465324
7549,200.22991701700215
7550,200.22991790903896
7551,200.22991880076364
7552,200.2299196921761
7553,200.2299205832763
7554,200.22992147406427
7555,200.22992236453996
7556,200.22992325470344
7557,200.22992414455442
7558,200.2299250340931
7559,200.2299259233193
7560,200.22992681223315
7561,200.2299277008345
7562,200.22992858912343
7563,200.22992947709972
7564,200.22993036476356
7565,200.2299312521148
7566,200.22993213915336
7567,200.22993302587932
7568,200.2299339122926
7569,200.22993479839323
7570,200.2299356841811
7571,200.22993656965622
7572,200.22993745481853
7573,200.22993833966802
7574,200.22993922420468
7575,200.22994010842848
7576,200.22994099233938
7577,200.2299418759373
7578,200.2299427592223
7579,200.2299436421943
7580,200.2299445248533
7581,200.22994540719927
7582,200.22994628923212
7583,200.22994717095187
7584,200.22994805235854
7585,200.22994893345208
7586,200.2299498142324
7587,200.22995069469954
7588,200.22995157485352
7589,200.22995245469411
7590,200.22995333422145
7591,200.22995421343555
7592,200.22995509233627
7593,200.22995597092358
7594,200.22995684919752
7595,200.22995772715808
7596,200.22995860480526
7597,200.22995948213884
7598,200.22996035915895
7599,200.2299612358656
7600,200.22996211225868
7601,200.2299629883382
7602,200.22996386410406
7603,200.22996473955635
7604,200.229965614695
7605,200.22996648951994
7606,200.22996736403127
7607,200.22996823822885
7608,200.22996911211263
7609,200.22996998568274
7610,200.22997085893894
7611,200.22997173188142
7612,200.22997260451004
7613,200.22997347682474
7614,200.22997434882566
7615,200.2299752205126
7616,200.2299760918856
7617,200.2299769629447
7618,200.22997783368973
7619,200.22997870412078
7620,200.22997957423783
7621,200.22998044404085
7622,200.22998131352975
7623,200.22998218270456
7624,200.22998305156537
7625,200.22998392011192
7626,200.2299847883443
7627,200.22998565626253
7628,200.2299865238666
7629,200.22998739115639
7630,200.22998825813198
7631,200.22998912479324
7632,200.22998999114026
7633,200.229990857173
7634,200.22999172289133
7635,200.22999258829535
7636,200.22999345338494
7637,200.22999431816012
7638,200.22999518262094
7639,200.2299960467673
7640,200.22999691059928
7641,200.22999777411667
7642,200.2299986373196
7643,200.2299995002081
7644,200.2300003627819
7645,200.2300012250412
7646,200.23000208698605
7647,200.23000294861615
7648,200.23000380993167
7649,200.2300046709326
7650,200.23000553161884
7651,200.23000639199043
7652,200.23000725204727
7653,200.23000811178954
7654,200.23000897121693
7655,200.23000983032964
7656,200.23001068912754
7657,200.23001154761073
7658,200.2300124057791
7659,200.23001326363257
7660,200.23001412117125
7661,200.23001497839513
7662,200.23001583530404
7663,200.23001669189816
7664,200.23001754817724
7665,200.23001840414148
7666,200.2300192597908
7667,200.2300201151252
7668,200.2300209701445
7669,200.2300218248489
7670,200.23002267923823
7671,200.23002353331253
7672,200.2300243870718
7673,200.23002524051608
7674,200.23002609364525
7675,200.23002694645933
7676,200.23002779895833
7677,200.23002865114216
7678,200.23002950301088
7679,200.23003035456438
7680,200.2300312058028
7681,200.23003205672603
7682,200.23003290733405
7683,200.2300337576268
7684,200.23003460760444
7685,200.23003545726675
7686,200.2300363066138
7687,200.23003715564568
7688,200.2300380043622
7689,200.23003885276344
7690,200.23003970084935
7691,200.23004054861997
7692,200.23004139607522
7693,200.23004224321517
7694,200.23004309003966
7695,200.23004393654884
7696,200.23004478274257
7697,200.23004562862096
7698,200.23004647418387
7699,200.2300473194314
7700,200.2300481643635
7701,200.23004900898013
7702,200.23004985328126
7703,200.23005069726696
7704,200.23005154093718
7705,200.2300523842919
7706,200.230053227331
7707,200.2300540700547
7708,200.23005491246278
7709,200.23005575455537
7710,200.23005659633233
7711,200.23005743779373
7712,200.2300582789396
7713,200.2300591197698
7714,200.2300599602845
7715,200.23006080048353
7716,200.2300616403669
7717,200.23006247993467
7718,200.2300633191868
7719,200.23006415812327
7720,200.23006499674406
7721,200.2300658350492
7722,200.2300666730386
7723,200.23006751071236
7724,200.23006834807038
7725,200.23006918511274
7726,200.23007002183937
7727,200.23007085825017
7728,200.23007169434533
7729,200.2300725301247
7730,200.2300733655883
7731,200.23007420073623
7732,200.23007503556832
7733,200.2300758700846
7734,200.23007670428515
7735,200.23007753816984
7736,200.23007837173878
7737,200.2300792049918
7738,200.23008003792907
7739,200.2300808705506
7740,200.2300817028562
7741,200.230082534846
7742,200.23008336651984
7743,200.23008419787797
7744,200.23008502892014
7745,200.23008585964644
7746,200.23008669005694
7747,200.23008752015147
7748,200.23008834993016
7749,200.23008917939296
7750,200.2300900085398
7751,200.2300908373708
7752,200.23009166588585
7753,200.230092494085
7754,200.2300933219682
7755,200.2300941495355
7756,200.23009497678683
7757,200.2300958037223
7758,200.23009663034173
7759,200.2300974566453
7760,200.23009828263284
7761,200.23009910830444
7762,200.23009993366017
7763,200.23010075869982
7764,200.2301015834235
7765,200.23010240783125
7766,200.230103231923
7767,200.2301040556988
7768,200.23010487915863
7769,200.23010570230247
7770,200.23010652513028
7771,200.23010734764216
7772,200.23010816983793
7773,200.23010899171777
7774,200.2301098132816
7775,200.23011063452938
7776,200.23011145546124
7777,200.23011227607708
7778,200.23011309637693
7779,200.23011391636066
7780,200.23011473602844
7781,200.23011555538017
7782,200.23011637441593
7783,200.23011719313567
7784,200.23011801153933
7785,200.23011882962703
7786,200.2301196473986
7787,200.23012046485428
7788,200.23012128199386
7789,200.23012209881736
7790,200.23012291532493
7791,200.23012373151647
7792,200.23012454739194
7793,200.23012536295138
7794,200.2301261781948
7795,200.2301269931222
7796,200.2301278077336
7797,200.2301286220289
7798,200.23012943600818
7799,200.23013024967153
7800,200.23013106301872
7801,200.23013187605002
7802,200.23013268876517
7803,200.23013350116437
7804,200.2301343132475
7805,200.2301351250146
7806,200.23013593646576
7807,200.2301367476009
7808,200.23013755841995
7809,200.23013836892306
7810,200.2301391791101
7811,200.23013998898116
7812,200.23014079853624
7813,200.2301416077753
7814,200.23014241669838
7815,200.2301432253054
7816,200.23014403359645
7817,200.2301448415715
7818,200.23014564923062
7819,200.2301464565737
7820,200.23014726360077
7821,200.23014807031197
7822,200.2301488767071
7823,200.23014968278633
7824,200.23015048854947
7825,200.23015129399676
7826,200.23015209912808
7827,200.2301529039434
7828,200.23015370844283
7829,200.23015451262626
7830,200.2301553164938
7831,200.23015612004534
7832,200.230156923281
7833,200.2301577262007
7834,200.23015852880448
7835,200.23015933109238
7836,200.2301601330644
7837,200.23016093472054
7838,200.23016173606067
7839,200.230162537085
7840,200.23016333779339
7841,200.2301641381859
7842,200.2301649382626
7843,200.23016573802335
7844,200.2301665374683
7845,200.2301673365974
7846,200.2301681354106
7847,200.230168933908
7848,200.23016973208954
7849,200.23017052995533
7850,200.2301713275052
7851,200.2301721247393
7852,200.2301729216577
7853,200.2301737182602
7854,200.23017451454692
7855,200.23017531051798
7856,200.23017610617316
7857,200.23017690151252
7858,200.23017769653626
7859,200.23017849124415
7860,200.2301792856364
7861,200.23018007971294
7862,200.23018087347364
7863,200.2301816669187
7864,200.2301824600481
7865,200.23018325286174
7866,200.23018404535975
7867,200.23018483754208
7868,200.23018562940877
7869,200.23018642095977
7870,200.2301872121952
7871,200.2301880031149
7872,200.230188793719
7873,200.2301895840076
7874,200.23019037398052
7875,200.23019116363787
7876,200.2301919529796
7877,200.23019274200584
7878,200.23019353071646
7879,200.23019431911152
7880,200.23019510719118
7881,200.2301958949552
7882,200.23019668240377
7883,200.23019746953688
7884,200.23019825635438
7885,200.23019904285655
7886,200.2301998290432
7887,200.23020061491437
7888,200.2302014004701
7889,200.23020218571045
7890,200.23020297063536
7891,200.2302037552449
7892,200.23020453953905
7893,200.23020532351782
7894,200.23020610718123
7895,200.23020689052933
7896,200.23020767356212
7897,200.23020845627954
7898,200.23020923868165
7899,200.23021002076845
7900,200.2302108025401
7901,200.23021158399644
7902,200.23021236513748
7903,200.23021314596335
7904,200.2302139264739
7905,200.2302147066694
7906,200.23021548654953
7907,200.2302162661146
7908,200.23021704536453
7909,200.23021782429927
7910,200.2302186029189
7911,200.2302193812234
7912,200.23022015921288
7913,200.23022093688726
7914,200.23022171424654
7915,200.23022249129073
7916,200.23022326801998
7917,200.23022404443412
7918,200.23022482053332
7919,200.23022559631758
7920,200.2302263717868
7921,200.23022714694108
7922,200.23022792178048
7923,200.23022869630495
7924,200.2302294705145
7925,200.2302302444091
7926,200.23023101798893
7927,200.23023179125389
7928,200.230232564204
7929,200.23023333683932
7930,200.2302341091599
7931,200.23023488116567
7932,200.23023565285663
7933,200.23023642423286
7934,200.23023719529442
7935,200.23023796604127
7936,200.2302387364735
7937,200.23023950659092
7938,200.23024027639383
7939,200.23024104588205
7940,200.23024181505562
7941,200.23024258391467
7942,200.23024335245913
7943,200.23024412068904
7944,200.23024488860446
7945,200.23024565620534
7946,200.23024642349168
7947,200.23024719046367
7948,200.23024795712112
7949,200.23024872346417
7950,200.23024948949288
7951,200.2302502552071
7952,200.23025102060697
7953,200.2302517856925
7954,200.23025255046375
7955,200.23025331492073
7956,200.23025407906343
7957,200.2302548428918
7958,200.23025560640593
7959,200.2302563696059
7960,200.23025713249163
7961,200.2302578950632
7962,200.2302586573206
7963,200.2302594192639
7964,200.23026018089308
7965,200.2302609422082
7966,200.23026170320927
7967,200.23026246389625
7968,200.2302632242692
7969,200.2302639843282
7970,200.23026474407322
7971,200.2302655035043
7972,200.23026626262146
7973,200.2302670214247
7974,200.23026777991416
7975,200.23026853808963
7976,200.23026929595136
7977,200.23027005349923
7978,200.23027081073334
7979,200.23027156765372
7980,200.23027232426028
7981,200.23027308055325
7982,200.23027383653246
7983,200.23027459219801
7984,200.23027534754996
7985,200.2302761025883
7986,200.23027685731307
7987,200.2302776117243
7988,200.23027836582193
7989,200.23027911960608
7990,200.23027987307674
7991,200.2302806262339
7992,200.2302813790777
7993,200.2302821316081
7994,200.23028288382505
7995,200.2302836357287
7996,200.23028438731902
7997,200.23028513859603
7998,200.2302858895598
7999,200.23028664021024
8000,200.23028739054752
8001,200.23028814057162
8002,200.23028889028257
8003,200.2302896396803
8004,200.23029038876504
8005,200.2302911375366
8006,200.23029188599511
8007,200.23029263414068
8008,200.23029338197315
8009,200.23029412949265
8010,200.23029487669928
8011,200.23029562359292
8012,200.23029637017376
8013,200.23029711644165
8014,200.2302978623967
8015,200.23029860803902
8016,200.2302993533685
8017,200.23030009838524
8018,200.23030084308934
8019,200.23030158748065
8020,200.2303023315594
8021,200.23030307532542
8022,200.23030381877888
8023,200.23030456191978
8024,200.23030530474819
8025,200.230306047264
8026,200.23030678946733
8027,200.23030753135825
8028,200.23030827293678
8029,200.23030901420293
8030,200.23030975515667
8031,200.2303104957981
8032,200.23031123612722
8033,200.2303119761441
8034,200.2303127158487
8035,200.23031345524114
8036,200.23031419432132
8037,200.2303149330895
8038,200.23031567154544
8039,200.23031640968932
8040,200.23031714752122
8041,200.23031788504102
8042,200.23031862224892
8043,200.2303193591448
8044,200.23032009572884
8045,200.23032083200093
8046,200.2303215679611
8047,200.23032230360963
8048,200.23032303894624
8049,200.2303237739711
8050,200.23032450868422
8051,200.23032524308573
8052,200.23032597717548
8053,200.2303267109537
8054,200.23032744442023
8055,200.2303281775753
8056,200.23032891041876
8057,200.23032964295084
8058,200.2303303751713
8059,200.2303311070805
8060,200.23033183867815
8061,200.23033256996456
8062,200.23033330093966
8063,200.23033403160343
8064,200.23033476195602
8065,200.23033549199727
8066,200.2303362217274
8067,200.23033695114637
8068,200.23033768025422
8069,200.23033840905103
8070,200.23033913753673
8071,200.23033986571147
8072,200.23034059357516
8073,200.23034132112804
8074,200.23034204836992
8075,200.23034277530098
8076,200.23034350192123
8077,200.23034422823065
8078,200.2303449542294
8079,200.2303456799173
8080,200.23034640529465
8081,200.23034713036125
8082,200.23034785511732
8083,200.23034857956276
8084,200.23034930369766
8085,200.23035002752204
8086,200.230350751036
8087,200.2303514742395
8088,200.2303521971326
8089,200.23035291971544
8090,200.23035364198788
8091,200.2303543639501
8092,200.23035508560204
8093,200.23035580694378
8094,200.23035652797532
8095,200.2303572486968
8096,200.2303579691082
8097,200.23035868920954
8098,200.23035940900084
8099,200.23036012848215
8100,200.23036084765357
8101,200.23036156651509
8102,200.23036228506678
8103,200.23036300330864
8104,200.23036372124074
8105,200.23036443886306
8106,200.2303651561757
8107,200.23036587317873
8108,200.23036658987206
8109,200.23036730625586
8110,200.23036802233008
8111,200.23036873809485
8112,200.23036945355014
8113,200.23037016869603
8114,200.23037088353252
8115,200.23037159805966
8116,200.23037231227752
8117,200.23037302618616
8118,200.2303737397855
8119,200.23037445307574
8120,200.23037516605686
8121,200.23037587872886
8122,200.23037659109173
8123,200.2303773031457
8124,200.23037801489068
8125,200.2303787263267
8126,200.2303794374538
8127,200.23038014827213
8128,200.23038085878156
8129,200.23038156898238
8130,200.23038227887434
8131,200.2303829884577
8132,200.2303836977324
8133,200.23038440669853
8134,200.23038511535609
8135,200.23038582370506
8136,200.23038653174567
8137,200.23038723947784
8138,200.2303879469017
8139,200.23038865401705
8140,200.2303893608242
8141,200.23039006732319
8142,200.23039077351388
8143,200.2303914793964
8144,200.23039218497084
8145,200.23039289023714
8146,200.2303935951955
8147,200.23039429984584
8148,200.23039500418824
8149,200.2303957082227
8150,200.23039641194939
8151,200.23039711536816
8152,200.23039781847925
8153,200.23039852128255
8154,200.23039922377825
8155,200.2303999259663
8156,200.23040062784673
8157,200.23040132941966
8158,200.23040203068507
8159,200.23040273164295
8160,200.2304034322935
8161,200.23040413263672
8162,200.2304048326726
8163,200.2304055324012
8164,200.2304062318226
8165,200.2304069309368
8166,200.23040762974387
8167,200.2304083282438
8168,200.23040902643675
8169,200.23040972432273
8170,200.23041042190175
8171,200.23041111917382
8172,200.2304118161391
8173,200.23041251279753
8174,200.2304132091492
8175,200.23041390519424
8176,200.23041460093248
8177,200.23041529636419
8178,200.23041599148925
8179,200.23041668630788
8180,200.23041738081997
8181,200.2304180750257
8182,200.23041876892503
8183,200.23041946251792
8184,200.23042015580467
8185,200.2304208487851
8186,200.23042154145938
8187,200.2304222338275
8188,200.23042292588946
8189,200.23042361764547
8190,200.2304243090954
8191,200.23042500023945
8192,200.23042569107756
8193,200.23042638160982
8194,200.23042707183637
8195,200.230427761757
8196,200.23042845137206
8197,200.23042914068142
8198,200.23042982968522
8199,200.23043051838337
8200,200.2304312067761
8201,200.23043189486333
8202,200.23043258264514
8203,200.23043327012167
8204,200.23043395729277
8205,200.23043464415875
8206,200.23043533071942
8207,200.23043601697498
8208,200.23043670292543
8209,200.23043738857078
8210,200.2304380739112
8211,200.2304387589466
8212,200.23043944367717
8213,200.2304401281028
8214,200.23044081222372
8215,200.2304414960398
8216,200.2304421795513
8217,200.23044286275805
8218,200.2304435456602
8219,200.23044422825782
8220,200.23044491055097
8221,200.2304455925397
8222,200.23044627422397
8223,200.23044695560398
8224,200.23044763667968
8225,200.2304483174511
8226,200.2304489979184
8227,200.23044967808153
8228,200.23045035794058
8229,200.23045103749564
8230,200.2304517167467
8231,200.2304523956939
8232,200.2304530743371
8233,200.2304537526766
8234,200.23045443071229
8235,200.23045510844432
8236,200.23045578587264
8237,200.2304564629974
8238,200.23045713981858
8239,200.23045781633624
8240,200.2304584925505
8241,200.23045916846138
8242,200.2304598440689
8243,200.2304605193731
8244,200.2304611943741
8245,200.23046186907197
8246,200.23046254346676
8247,200.23046321755837
8248,200.230463891347
8249,200.23046456483274
8250,200.2304652380155
8251,200.23046591089548
8252,200.23046658347263
8253,200.23046725574707
8254,200.23046792771888
8255,200.23046859938793
8256,200.2304692707545
8257,200.23046994181854
8258,200.2304706125801
8259,200.23047128303926
8260,200.23047195319606
8261,200.2304726230506
8262,200.23047329260288
8263,200.23047396185294
8264,200.23047463080093
8265,200.23047529944682
8266,200.2304759677907
8267,200.2304766358326
8268,200.2304773035726
8269,200.2304779710108
8270,200.23047863814722
8271,200.23047930498183
8272,200.2304799715148
8273,200.23048063774615
8274,200.23048130367596
8275,200.2304819693042
8276,200.23048263463104
8277,200.2304832996565
8278,200.2304839643806
8279,200.23048462880345
8280,200.230485292925
8281,200.2304859567455
8282,200.2304866202648
8283,200.23048728348317
8284,200.23048794640044
8285,200.2304886090168
8286,200.23048927133232
8287,200.230489933347
8288,200.23049059506093
8289,200.23049125647412
8290,200.23049191758673
8291,200.23049257839867
8292,200.23049323891019
8293,200.23049389912123
8294,200.23049455903183
8295,200.23049521864206
8296,200.23049587795205
8297,200.23049653696174
8298,200.23049719567126
8299,200.2304978540807
8300,200.23049851219014
8301,200.23049916999952
8302,200.23049982750896
8303,200.23050048471853
8304,200.23050114162837
8305,200.23050179823838
8306,200.23050245454866
8307,200.23050311055937
8308,200.23050376627046
8309,200.23050442168204
8310,200.23050507679415
8311,200.2305057316069
8312,200.23050638612025
8313,200.23050704033437
8314,200.23050769424927
8315,200.23050834786505
8316,200.23050900118167
8317,200.23050965419935
8318,200.23051030691798
8319,200.23051095933766
8320,200.2305116114586
8321,200.23051226328067
8322,200.230512914804
8323,200.23051356602872
8324,200.23051421695484
8325,200.23051486758237
8326,200.23051551791144
8327,200.2305161679421
8328,200.23051681767433
8329,200.2305174671083
8330,200.23051811624407
8331,200.2305187650817
8332,200.23051941362115
8333,200.23052006186253
8334,200.23052070980594
8335,200.23052135745144
8336,200.23052200479907
8337,200.23052265184896
8338,200.23052329860104
8339,200.2305239450555
8340,200.2305245912123
8341,200.23052523707153
8342,200.23052588263334
8343,200.23052652789767
8344,200.2305271728646
8345,200.23052781753438
8346,200.23052846190683
8347,200.2305291059821
8348,200.23052974976034
8349,200.23053039324145
8350,200.23053103642556
8351,200.23053167931283
8352,200.2305323219032
8353,200.23053296419684
8354,200.23053360619372
8355,200.23053424789393
8356,200.23053488929753
8357,200.23053553040458
8358,200.23053617121525
8359,200.23053681172942
8360,200.2305374519473
8361,200.23053809186885
8362,200.23053873149428
8363,200.23053937082355
8364,200.2305400098566
8365,200.2305406485938
8366,200.230541287035
8367,200.23054192518032
8368,200.2305425630298
8369,200.23054320058353
8370,200.2305438378415
8371,200.23054447480393
8372,200.23054511147075
8373,200.2305457478421
8374,200.23054638391804
8375,200.23054701969852
8376,200.2305476551838
8377,200.23054829037386
8378,200.2305489252687
8379,200.2305495598685
8380,200.2305501941732
8381,200.23055082818297
8382,200.2305514618978
8383,200.23055209531785
8384,200.23055272844306
8385,200.23055336127354
8386,200.23055399380954
8387,200.23055462605083
8388,200.2305552579977
8389,200.23055588965008
8390,200.23055652100814
8391,200.23055715207184
8392,200.23055778284132
8393,200.2305584133167
8394,200.23055904349795
8395,200.23055967338507
8396,200.23056030297832
8397,200.23056093227763
8398,200.2305615612831
8399,200.23056218999488
8400,200.23056281841292
8401,200.23056344653733
8402,200.23056407436817
8403,200.23056470190548
8404,200.23056532914944
8405,200.23056595609998
8406,200.2305665827573
8407,200.23056720912138
8408,200.23056783519226
8409,200.23056846097012
8410,200.2305690864549
8411,200.23056971164678
8412,200.2305703365458
8413,200.23057096115193
8414,200.23057158546536
8415,200.2305722094861
8416,200.23057283321427
8417,200.2305734566499
8418,200.2305740797931
8419,200.2305747026438
8420,200.23057532520218
8421,200.23057594746842
8422,200.2305765694424
8423,200.23057719112418
8424,200.23057781251404
8425,200.23057843361184
8426,200.2305790544178
8427,200.23057967493185
8428,200.23058029515417
8429,200.2305809150848
8430,200.23058153472383
8431,200.2305821540712
8432,200.23058277312714
8433,200.2305833918916
8434,200.2305840103648
8435,200.23058462854664
8436,200.23058524643727
8437,200.23058586403675
8438,200.2305864813452
8439,200.23058709836272
8440,200.23058771508926
8441,200.23058833152493
8442,200.23058894766982
8443,200.23058956352395
8444,200.2305901790875
8445,200.2305907943604
8446,200.2305914093429
8447,200.2305920240349
8448,200.2305926384365
8449,200.23059325254792
8450,200.23059386636908
8451,200.23059447990002
8452,200.23059509314098
8453,200.23059570609186
8454,200.2305963187529
8455,200.230596931124
8456,200.2305975432054
8457,200.230598154997
8458,200.23059876649896
8459,200.23059937771137
8460,200.23059998863434
8461,200.2306005992678
8462,200.23060120961193
8463,200.23060181966676
8464,200.23060242943237
8465,200.23060303890892
8466,200.23060364809638
8467,200.23060425699478
8468,200.23060486560433
8469,200.230605473925
8470,200.2306060819569
8471,200.23060668970007
8472,200.23060729715468
8473,200.2306079043207
8474,200.23060851119823
8475,200.2306091177874
8476,200.2306097240881
8477,200.2306103301007
8478,200.23061093582498
8479,200.2306115412612
8480,200.23061214640947
8481,200.2306127512696
8482,200.23061335584194
8483,200.23061396012642
8484,200.2306145641232
8485,200.23061516783227
8486,200.23061577125372
8487,200.23061637438767
8488,200.23061697723418
8489,200.23061757979332
8490,200.2306181820651
8491,200.23061878404965
8492,200.23061938574713
8493,200.23061998715744
8494,200.23062058828074
8495,200.2306211891172
8496,200.23062178966674
8497,200.23062238992952
8498,200.23062298990558
8499,200.23062358959504
8500,200.23062418899784
8501,200.23062478811428
8502,200.2306253869442
8503,200.23062598548782
8504,200.23062658374522
8505,200.23062718171647
8506,200.23062777940154
8507,200.23062837680055
8508,200.23062897391367
8509,200.23062957074083
8510,200.23063016728227
8511,200.23063076353793
8512,200.23063135950798
8513,200.23063195519245
8514,200.23063255059134
8515,200.23063314570484
8516,200.23063374053302
8517,200.23063433507593
8518,200.2306349293336
8519,200.23063552330618
8520,200.23063611699365
8521,200.23063671039617
8522,200.23063730351382
8523,200.23063789634668
8524,200.23063848889473
8525,200.23063908115816
8526,200.23063967313695
8527,200.23064026483127
8528,200.23064085624117
8529,200.23064144736665
8530,200.23064203820783
8531,200.23064262876488
8532,200.2306432190378
8533,200.23064380902665
8534,200.2306443987315
8535,200.23064498815245
8536,200.23064557728955
8537,200.23064616614292
8538,200.23064675471264
8539,200.23064734299882
8540,200.23064793100147
8541,200.23064851872059
8542,200.23064910615648
8543,200.23064969330903
8544,200.23065028017837
8545,200.2306508667646
8546,200.2306514530677
8547,200.23065203908794
8548,200.2306526248253
8549,200.23065321027977
8550,200.23065379545147
8551,200.23065438034067
8552,200.23065496494712
8553,200.23065554927118
8554,200.23065613331275
8555,200.23065671707204
8556,200.23065730054907
8557,200.23065788374385
8558,200.2306584666565
8559,200.23065904928717
8560,200.23065963163583
8561,200.2306602137027
8562,200.23066079548772
8563,200.230661376991
8564,200.2306619582127
8565,200.23066253915283
8566,200.2306631198115
8567,200.23066370018873
8568,200.23066428028469
8569,200.23066486009932
8570,200.2306654396328
8571,200.23066601888522
8572,200.23066659785658
8573,200.23066717654714
8574,200.23066775495678
8575,200.23066833308562
8576,200.23066891093384
8577,200.23066948850138
8578,200.23067006578844
8579,200.23067064279505
8580,200.23067121952133
8581,200.2306717959672
8582,200.23067237213294
8583,200.2306729480186
8584,200.23067352362412
8585,200.2306740989497
8586,200.2306746739954
8587,200.2306752487613
8588,200.23067582324742
8589,200.23067639745395
8590,200.23067697138086
8591,200.23067754502836
8592,200.23067811839638
8593,200.23067869148508
8594,200.2306792642945
8595,200.23067983682483
8596,200.23068040907603
8597,200.23068098104815
8598,200.23068155274146
8599,200.2306821241559
8600,200.2306826952915
8601,200.23068326614853
8602,200.23068383672694
8603,200.23068440702679
8604,200.23068497704816
8605,200.2306855467912
8606,200.230686116256
8607,200.2306866854426
8608,200.23068725435104
8609,200.23068782298142
8610,200.23068839133393
8611,200.23068895940855
8612,200.23068952720536
8613,200.23069009472448
8614,200.2306906619659
8615,200.23069122892989
8616,200.23069179561634
8617,200.23069236202542
8618,200.2306929281572
8619,200.23069349401175
8620,200.23069405958918
8621,200.23069462488957
8622,200.23069518991295
8623,200.23069575465942
8624,200.23069631912912
8625,200.2306968833221
8626,200.2306974472384
8627,200.23069801087823
8628,200.23069857424147
8629,200.23069913732837
8630,200.23069970013893
8631,200.23070026267328
8632,200.2307008249315
8633,200.23070138691358
8634,200.23070194861975
8635,200.23070251004998
8636,200.23070307120432
8637,200.23070363208308
8638,200.23070419268606
8639,200.23070475301347
8640,200.23070531306547
8641,200.23070587284198
8642,200.2307064323432
8643,200.2307069915692
8644,200.23070755052
8645,200.23070810919575
8646,200.23070866759656
8647,200.2307092257224
8648,200.23070978357342
8649,200.23071034114975
8650,200.23071089845135
8651,200.2307114554784
8652,200.23071201223095
8653,200.23071256870915
8654,200.2307131249129
8655,200.23071368084254
8656,200.23071423649802
8657,200.23071479187934
8658,200.23071534698667
8659,200.23071590182016
8660,200.23071645637984
8661,200.23071701066576
8662,200.23071756467795
8663,200.23071811841663
8664,200.23071867188187
8665,200.23071922507364
8666,200.23071977799216
8667,200.2307203306374
8668,200.2307208830095
8669,200.23072143510845
8670,200.23072198693453
8671,200.2307225384877
8672,200.23072308976805
8673,200.2307236407756
8674,200.2307241915106
8675,200.23072474197303
8676,200.23072529216293
8677,200.23072584208046
8678,200.2307263917257
8679,200.23072694109868
8680,200.2307274901996
8681,200.2307280390284
8682,200.23072858758533
8683,200.23072913587023
8684,200.23072968388342
8685,200.23073023162488
8686,200.2307307790947
8687,200.23073132629298
8688,200.23073187321984
8689,200.23073241987532
8690,200.23073296625952
8691,200.23073351237247
8692,200.23073405821435
8693,200.23073460378515
8694,200.23073514908506
8695,200.23073569411403
8696,200.23073623887234
8697,200.23073678335993
8698,200.23073732757686
8699,200.23073787152333
8700,200.23073841519928
8701,200.23073895860495
8702,200.23073950174037
8703,200.23074004460557
8704,200.23074058720076
8705,200.23074112952582
8706,200.23074167158111
8707,200.23074221336645
8708,200.23074275488204
8709,200.23074329612805
8710,200.23074383710446
8711,200.23074437781136
8712,200.23074491824894
8713,200.23074545841715
8714,200.2307459983161
8715,200.23074653794592
8716,200.2307470773067
8717,200.2307476163985
8718,200.2307481552214
8719,200.23074869377552
8720,200.2307492320609
8721,200.23074977007772
8722,200.2307503078259
8723,200.23075084530572
8724,200.23075138251716
8725,200.23075191946035
8726,200.23075245613524
8727,200.23075299254208
8728,200.23075352868088
8729,200.23075406455183
8730,200.23075460015488
8731,200.23075513549017
8732,200.23075567055773
8733,200.23075620535784
8734,200.23075673989032
8735,200.23075727415545
8736,200.23075780815324
8737,200.23075834188379
8738,200.23075887534722
8739,200.23075940854358
8740,200.23075994147294
8741,200.23076047413542
8742,200.23076100653117
8743,200.23076153866015
8744,200.23076207052247
8745,200.23076260211832
8746,200.23076313344768
8747,200.23076366451068
8748,200.23076419530733
8749,200.2307647258379
8750,200.23076525610236
8751,200.23076578610076
8752,200.23076631583328
8753,200.23076684529997
8754,200.23076737450083
8755,200.2307679034361
8756,200.2307684321058
8757,200.23076896050992
8758,200.2307694886487
8759,200.2307700165222
8760,200.23077054413048
8761,200.23077107147355
8762,200.23077159855166
8763,200.23077212536472
8764,200.23077265191304
8765,200.23077317819644
8766,200.23077370421524
8767,200.23077422996934
8768,200.23077475545904
8769,200.23077528068427
8770,200.2307758056451
8771,200.23077633034174
8772,200.23077685477412
8773,200.23077737894252
8774,200.23077790284688
8775,200.2307784264874
8776,200.2307789498641
8777,200.23077947297708
8778,200.2307799958264
8779,200.23078051841222
8780,200.23078104073448
8781,200.23078156279342
8782,200.2307820845891
8783,200.23078260612158
8784,200.23078312739094
8785,200.23078364839733
8786,200.23078416914072
8787,200.23078468962134
8788,200.2307852098392
8789,200.23078572979443
8790,200.23078624948712
8791,200.23078676891726
8792,200.23078728808497
8793,200.2307878069905
8794,200.23078832563374
8795,200.23078884401485
8796,200.23078936213392
8797,200.23078987999108
8798,200.23079039758645
8799,200.23079091492
8800,200.23079143199183
8801,200.23079194880202
8802,200.23079246535082
8803,200.2307929816382
8804,200.2307934976642
8805,200.23079401342903
8806,200.23079452893265
8807,200.23079504417527
8808,200.23079555915692
8809,200.2307960738777
8810,200.2307965883377
8811,200.23079710253703
8812,200.23079761647577
8813,200.23079813015394
8814,200.23079864357172
8815,200.2307991567292
8816,200.2307996696264
8817,200.23080018226347
8818,200.23080069464046
8819,200.2308012067574
8820,200.23080171861454
8821,200.23080223021185
8822,200.23080274154944
8823,200.23080325262745
8824,200.23080376344592
8825,200.230804274005
8826,200.23080478430467
8827,200.23080529434515
8828,200.2308058041264
8829,200.23080631364863
8830,200.2308068229119
8831,200.2308073319162
8832,200.23080784066173
8833,200.23080834914856
8834,200.2308088573768
8835,200.2308093653464
8836,200.23080987305764
8837,200.23081038051052
8838,200.2308108877052
8839,200.23081139464156
8840,200.23081190131992
8841,200.2308124077404
8842,200.2308129139028
8843,200.23081341980753
8844,200.23081392545453
8845,200.2308144308438
8846,200.23081493597564
8847,200.23081544084997
8848,200.23081594546696
8849,200.2308164498267
8850,200.2308169539293
8851,200.23081745777475
8852,200.23081796136324
8853,200.23081846469475
8854,200.2308189677696
8855,200.23081947058765
8856,200.23081997314904
8857,200.23082047545392
8858,200.2308209775024
8859,200.23082147929446
8860,200.2308219808303
8861,200.23082248210994
8862,200.2308229831335
8863,200.23082348390108
8864,200.23082398441272
8865,200.2308244846686
8866,200.23082498466871
8867,200.23082548441326
8868,200.2308259839022
8869,200.2308264831358
8870,200.230826982114
8871,200.2308274808369
8872,200.23082797930465
8873,200.2308284775173
8874,200.23082897547508
8875,200.23082947317783
8876,200.23082997062585
8877,200.23083046781915
8878,200.23083096475779
8879,200.23083146144188
8880,200.23083195787163
8881,200.23083245404698
8882,200.23083294996803
8883,200.23083344563497
8884,200.23083394104782
8885,200.23083443620666
8886,200.23083493111162
8887,200.2308354257629
8888,200.2308359201604
8889,200.23083641430426
8890,200.23083690819462
8891,200.23083740183145
8892,200.23083789521505
8893,200.2308383883454
8894,200.23083888122258
8895,200.23083937384672
8896,200.23083986621785
8897,200.23084035833617
8898,200.2308408502016
8899,200.23084134181443
8900,200.23084183317457
8901,200.23084232428226
8902,200.2308428151375
8903,200.23084330574042
8904,200.23084379609116
8905,200.23084428618975
8906,200.2308447760362
8907,200.2308452656308
8908,200.23084575497347
8909,200.23084624406434
8910,200.23084673290353
8911,200.2308472214912
8912,200.23084770982732
8913,200.2308481979121
8914,200.2308486857455
8915,200.23084917332775
8916,200.2308496606588
8917,200.2308501477388
8918,200.23085063456787
8919,200.23085112114623
8920,200.23085160747365
8921,200.2308520935505
8922,200.23085257937674
8923,200.23085306495253
8924,200.23085355027786
8925,200.230854035353
8926,200.23085452017787
8927,200.23085500475264
8928,200.23085548907736
8929,200.2308559731522
8930,200.23085645697725
8931,200.23085694055248
8932,200.23085742387812
8933,200.23085790695413
8934,200.23085838978074
8935,200.23085887235794
8936,200.2308593546859
8937,200.23085983676464
8938,200.2308603185943
8939,200.23086080017504
8940,200.23086128150672
8941,200.2308617625897
8942,200.23086224342396
8943,200.23086272400957
8944,200.23086320434672
8945,200.23086368443532
8946,200.23086416427557
8947,200.23086464386765
8948,200.23086512321152
8949,200.23086560230726
8950,200.23086608115509
8951,200.23086655975504
8952,200.2308670381072
8953,200.23086751621167
8954,200.23086799406852
8955,200.2308684716779
8956,200.23086894903983
8957,200.23086942615438
8958,200.23086990302173
8959,200.23087037964194
8960,200.23087085601512
8961,200.23087133214136
8962,200.23087180802077
8963,200.23087228365333
8964,200.23087275903927
8965,200.23087323417857
8966,200.23087370907146
8967,200.23087418371787
8968,200.23087465811807
8969,200.23087513227208
8970,200.23087560617986
8971,200.23087607984175
8972,200.23087655325764
8973,200.2308770264277
8974,200.23087749935203
8975,200.23087797203067
8976,200.2308784444638
8977,200.23087891665145
8978,200.23087938859376
8979,200.23087986029077
8980,200.23088033174267
8981,200.23088080294943
8982,200.2308812739112
8983,200.23088174462802
8984,200.23088221510014
8985,200.2308826853275
8986,200.23088315531027
8987,200.23088362504848
8988,200.23088409454226
8989,200.2308845637917
8990,200.23088503279692
8991,200.23088550155794
8992,200.23088597007495
8993,200.23088643834802
8994,200.23088690637718
8995,200.23088737416262
8996,200.2308878417043
8997,200.23088830900244
8998,200.2308887760571
8999,200.23088924286833
9000,200.23088970943627
9001,200.23089017576098
9002,200.23089064184256
9003,200.23089110768112
9004,200.2308915732767
9005,200.23089203862955
9006,200.23089250373962
9007,200.23089296860704
9008,200.23089343323187
9009,200.23089389761427
9010,200.2308943617543
9011,200.23089482565206
9012,200.23089528930765
9013,200.2308957527211
9014,200.2308962158926
9015,200.23089667882218
9016,200.23089714151004
9017,200.2308976039561
9018,200.2308980661605
9019,200.23089852812348
9020,200.230898989845
9021,200.23089945132514
9022,200.2308999125641
9023,200.23090037356187
9024,200.23090083431862
9025,200.23090129483444
9026,200.23090175510933
9027,200.23090221514357
9028,200.23090267493706
9029,200.23090313448998
9030,200.23090359380237
9031,200.2309040528743
9032,200.23090451170606
9033,200.23090497029753
9034,200.230905428649
9035,200.2309058867604
9036,200.23090634463185
9037,200.2309068022635
9038,200.2309072596554
9039,200.23090771680762
9040,200.23090817372034
9041,200.23090863039363
9042,200.23090908682752
9043,200.2309095430222
9044,200.2309099989776
9045,200.23091045469403
9046,200.23091091017147
9047,200.23091136541004
9048,200.23091182040974
9049,200.23091227517077
9050,200.23091272969327
9051,200.23091318397718
9052,200.2309136380227
9053,200.23091409182993
9054,200.23091454539892
9055,200.2309149987298
9056,200.23091545182257
9057,200.23091590467746
9058,200.2309163572945
9059,200.23091680967374
9060,200.23091726181536
9061,200.23091771371935
9062,200.23091816538596
9063,200.23091861681513
9064,200.23091906800704
9065,200.23091951896177
9066,200.2309199696795
9067,200.2309204201601
9068,200.23092087040388
9069,200.23092132041077
9070,200.230921770181
9071,200.2309222197146
9072,200.23092266901162
9073,200.23092311807233
9074,200.23092356689662
9075,200.23092401548467
9076,200.23092446383663
9077,200.23092491195246
9078,200.2309253598324
9079,200.23092580747647
9080,200.23092625488476
9081,200.2309267020574
9082,200.23092714899445
9083,200.23092759569593
9084,200.23092804216216
9085,200.23092848839298
9086,200.2309289343887
9087,200.2309293801492
9088,200.23092982567476
9089,200.23093027096536
9090,200.2309307160212
9091,200.23093116084226
9092,200.23093160542865
9093,200.23093204978065
9094,200.2309324938981
9095,200.23093293778115
9096,200.23093338143002
9097,200.23093382484475
9098,200.23093426802538
9099,200.23093471097204
9100,200.23093515368487
9101,200.23093559616385
9102,200.23093603840914
9103,200.2309364804209
9104,200.2309369221991
9105,200.23093736374398
9106,200.2309378050555
9107,200.23093824613377
9108,200.23093868697902
9109,200.23093912759126
9110,200.23093956797044
9111,200.23094000811687
9112,200.23094044803062
9113,200.23094088771165
9114,200.23094132716014
9115,200.23094176637622
9116,200.2309422053598
9117,200.23094264411128
9118,200.2309430826305
9119,200.23094352091772
9120,200.2309439589729
9121,200.23094439679622
9122,200.23094483438769
9123,200.23094527174754
9124,200.23094570887577
9125,200.23094614577252
9126,200.23094658243778
9127,200.23094701887183
9128,200.2309474550746
9129,200.23094789104618
9130,200.23094832678686
9131,200.23094876229652
9132,200.23094919757537
9133,200.2309496326234
9134,200.23095006744092
9135,200.23095050202778
9136,200.2309509363842
9137,200.23095137051024
9138,200.23095180440606
9139,200.23095223807158
9140,200.23095267150714
9141,200.23095310471263
9142,200.23095353768826
9143,200.23095397043417
9144,200.23095440295026
9145,200.23095483523676
9146,200.23095526729378
9147,200.23095569912144
9148,200.23095613071973
9149,200.23095656208875
9150,200.23095699322872
9151,200.23095742413952
9152,200.2309578548215
9153,200.2309582852746
9154,200.2309587154989
9155,200.23095914549452
9156,200.23095957526164
9157,200.23096000480024
9158,200.23096043411056
9159,200.2309608631925
9160,200.23096129204626
9161,200.230961720672
9162,200.23096214906977
9163,200.23096257723958
9164,200.23096300518154
9165,200.23096343289583
9166,200.23096386038256
9167,200.2309642876417
9168,200.23096471467343
9169,200.23096514147787
9170,200.230965568055
9171,200.23096599440507
9172,200.23096642052806
9173,200.2309668464241
9174,200.2309672720933
9175,200.23096769753576
9176,200.23096812275148
9177,200.23096854774073
9178,200.23096897250338
9179,200.23096939703973
9180,200.2309698213498
9181,200.2309702454336
9182,200.23097066929142
9183,200.23097109292317
9184,200.23097151632905
9185,200.23097193950903
9186,200.23097236246346
9187,200.23097278519214
9188,200.23097320769526
9189,200.23097362997305
9190,200.2309740520255
9191,200.23097447385268
9192,200.23097489545472
9193,200.2309753168317
9194,200.2309757379837
9195,200.23097615891092
9196,200.2309765796133
9197,200.23097700009097
9198,200.23097742034415
9199,200.23097784037284
9200,200.23097826017718
9201,200.23097867975713
9202,200.23097909911291
9203,200.23097951824462
9204,200.2309799371523
9205,200.23098035583604
9206,200.23098077429603
9207,200.23098119253228
9208,200.2309816105449
9209,200.23098202833395
9210,200.23098244589963
9211,200.23098286324188
9212,200.23098328036093
9213,200.23098369725685
9214,200.23098411392965
9215,200.23098453037957
9216,200.23098494660653
9217,200.23098536261082
9218,200.2309857783923
9219,200.23098619395134
9220,200.23098660928784
9221,200.23098702440188
9222,200.23098743929367
9223,200.23098785396323
9224,200.23098826841075
9225,200.23098868263617
9226,200.23098909663977
9227,200.2309895104215
9228,200.23098992398147
9229,200.23099033731984
9230,200.2309907504366
9231,200.230991163332
9232,200.23099157600603
9233,200.23099198845884
9234,200.2309924006904
9235,200.23099281270092
9236,200.2309932244905
9237,200.23099363605917
9238,200.23099404740714
9239,200.23099445853438
9240,200.23099486944096
9241,200.2309952801271
9242,200.2309956905929
9243,200.23099610083833
9244,200.23099651086352
9245,200.23099692066867
9246,200.23099733025373
9247,200.23099773961886
9248,200.23099814876426
9249,200.23099855768982
9250,200.23099896639576
9251,200.23099937488217
9252,200.23099978314912
9253,200.23100019119673
9254,200.231000599025
9255,200.23100100663416
9256,200.23100141402423
9257,200.2310018211953
9258,200.23100222814756
9259,200.23100263488095
9260,200.2310030413957
9261,200.23100344769188
9262,200.2310038537695
9263,200.23100425962875
9264,200.23100466526964
9265,200.23100507069233
9266,200.23100547589684
9267,200.23100588088332
9268,200.23100628565194
9269,200.23100669020266
9270,200.2310070945357
9271,200.23100749865102
9272,200.2310079025488
9273,200.2310083062291
9274,200.2310087096921
9275,200.23100911293773
9276,200.23100951596624
9277,200.2310099187777
9278,200.23101032137208
9279,200.23101072374956
9280,200.23101112591036
9281,200.23101152785438
9282,200.23101192958168
9283,200.2310123310926
9284,200.2310127323871
9285,200.23101313346524
9286,200.23101353432713
9287,200.23101393497294
9288,200.23101433540262
9289,200.2310147356164
9290,200.23101513561434
9291,200.2310155353965
9292,200.23101593496295
9293,200.23101633431392
9294,200.2310167334493
9295,200.23101713236937
9296,200.23101753107417
9297,200.23101792956373
9298,200.23101832783826
9299,200.23101872589768
9300,200.2310191237423
9301,200.231019521372
9302,200.231019918787
9303,200.23102031598742
9304,200.23102071297333
9305,200.23102110974483
9306,200.2310215063019
9307,200.23102190264476
9308,200.2310222987734
9309,200.23102269468805
9310,200.2310230903887
9311,200.2310234858755
9312,200.23102388114853
9313,200.23102427620782
9314,200.23102467105358
9315,200.23102506568588
9316,200.2310254601047
9317,200.23102585431027
9318,200.23102624830258
9319,200.2310266420819
9320,200.23102703564805
9321,200.23102742900136
9322,200.2310278221418
9323,200.23102821506953
9324,200.23102860778462
9325,200.23102900028712
9326,200.2310293925772
9327,200.23102978465494
9328,200.23103017652036
9329,200.23103056817357
9330,200.23103095961483
9331,200.23103135084403
9332,200.23103174186136
9333,200.23103213266688
9334,200.23103252326072
9335,200.23103291364288
9336,200.2310333038136
9337,200.2310336937729
9338,200.23103408352083
9339,200.2310344730576
9340,200.23103486238315
9341,200.2310352514977
9342,200.23103564040136
9343,200.2310360290941
9344,200.2310364175761
9345,200.23103680584745
9346,200.23103719390824
9347,200.23103758175847
9348,200.23103796939836
9349,200.23103835682795
9350,200.23103874404737
9351,200.23103913105672
9352,200.23103951785603
9353,200.23103990444542
9354,200.231040290825
9355,200.23104067699492
9356,200.23104106295511
9357,200.23104144870587
9358,200.2310418342471
9359,200.23104221957894
9360,200.23104260470163
9361,200.23104298961508
9362,200.2310433743195
9363,200.23104375881493
9364,200.23104414310146
9365,200.23104452717928
9366,200.2310449110484
9367,200.23104529470888
9368,200.23104567816083
9369,200.23104606140447
9370,200.23104644443973
9371,200.23104682726677
9372,200.2310472098857
9373,200.2310475922966
9374,200.23104797449955
9375,200.23104835649463
9376,200.23104873828203
9377,200.23104911986167
9378,200.2310495012338
9379,200.23104988239848
9380,200.23105026335577
9381,200.23105064410584
9382,200.23105102464856
9383,200.23105140498436
9384,200.2310517851131
9385,200.2310521650349
9386,200.23105254474987
9387,200.23105292425817
9388,200.23105330355978
9389,200.23105368265496
9390,200.2310540615436
9391,200.2310544402259
9392,200.23105481870198
9393,200.23105519697188
9394,200.2310555750358
9395,200.23105595289363
9396,200.23105633054564
9397,200.2310567079919
9398,200.2310570852324
9399,200.2310574622674
9400,200.23105783909674
9401,200.2310582157208
9402,200.2310585921395
9403,200.23105896835304
9404,200.2310593443614
9405,200.23105972016472
9406,200.23106009576307
9407,200.23106047115667
9408,200.23106084634543
9409,200.23106122132953
9410,200.23106159610907
9411,200.23106197068415
9412,200.23106234505482
9413,200.23106271922117
9414,200.23106309318334
9415,200.23106346694146
9416,200.23106384049564
9417,200.23106421384574
9418,200.2310645869921
9419,200.23106495993474
9420,200.23106533267372
9421,200.23106570520915
9422,200.2310660775412
9423,200.23106644966987
9424,200.23106682159522
9425,200.23106719331747
9426,200.2310675648366
9427,200.23106793615273
9428,200.23106830726604
9429,200.23106867817646
9430,200.23106904888425
9431,200.2310694193894
9432,200.23106978969201
9433,200.2310701597922
9434,200.2310705296901
9435,200.23107089938577
9436,200.23107126887925
9437,200.23107163817073
9438,200.23107200726017
9439,200.23107237614778
9440,200.23107274483368
9441,200.23107311331785
9442,200.23107348160042
9443,200.23107384968154
9444,200.2310742175612
9445,200.23107458523964
9446,200.23107495271685
9447,200.23107531999287
9448,200.23107568706783
9449,200.23107605394196
9450,200.23107642061515
9451,200.23107678708766
9452,200.23107715335945
9453,200.23107751943076
9454,200.23107788530152
9455,200.231078250972
9456,200.23107861644206
9457,200.231078981712
9458,200.23107934678177
9459,200.23107971165166
9460,200.23108007632155
9461,200.23108044079163
9462,200.23108080506205
9463,200.23108116913272
9464,200.23108153300393
9465,200.23108189667565
9466,200.23108226014799
9467,200.23108262342114
9468,200.23108298649507
9469,200.23108334936987
9470,200.23108371204574
9471,200.23108407452278
9472,200.23108443680087
9473,200.23108479888035
9474,200.23108516076115
9475,200.23108552244346
9476,200.2310858839273
9477,200.23108624521285
9478,200.2310866063001
9479,200.2310869671892
9480,200.23108732788032
9481,200.23108768837335
9482,200.23108804866854
9483,200.231088408766
9484,200.2310887686657
9485,200.23108912836778
9486,200.2310894878724
9487,200.23108984717965
9488,200.23109020628945
9489,200.23109056520212
9490,200.23109092391758
9491,200.2310912824361
9492,200.2310916407575
9493,200.23109199888216
9494,200.23109235681002
9495,200.23109271454123
9496,200.2310930720758
9497,200.2310934294139
9498,200.2310937865556
9499,200.2310941435009
9500,200.23109450025007
9501,200.23109485680308
9502,200.2310952131601
9503,200.23109556932116
9504,200.23109592528638
9505,200.23109628105578
9506,200.23109663662953
9507,200.23109699200776
9508,200.23109734719048
9509,200.23109770217778
9510,200.23109805696984
9511,200.23109841156668
9512,200.23109876596834
9513,200.231099120175
9514,200.2310994741868
9515,200.23109982800372
9516,200.23110018162583
9517,200.23110053505334
9518,200.2311008882863
9519,200.23110124132472
9520,200.23110159416885
9521,200.2311019468186
9522,200.23110229927417
9523,200.23110265153568
9524,200.23110300360315
9525,200.23110335547668
9526,200.23110370715648
9527,200.23110405864247
9528,200.23110440993472
9529,200.2311047610336
9530,200.2311051119389
9531,200.2311054626508
9532,200.23110581316945
9533,200.23110616349496
9534,200.2311065136273
9535,200.23110686356668
9536,200.23110721331312
9537,200.2311075628668
9538,200.23110791222769
9539,200.23110826139592
9540,200.23110861037168
9541,200.2311089591549
9542,200.23110930774575
9543,200.23110965614444
9544,200.2311100043508
9545,200.23111035236514
9546,200.23111070018746
9547,200.23111104781788
9548,200.2311113952565
9549,200.23111174250337
9550,200.23111208955856
9551,200.2311124364223
9552,200.23111278309457
9553,200.2311131295754
9554,200.23111347586504
9555,200.23111382196342
9556,200.23111416787071
9557,200.23111451358713
9558,200.2311148591125
9559,200.23111520444712
9560,200.23111554959098
9561,200.23111589454416
9562,200.2311162393069
9563,200.2311165838791
9564,200.23111692826103
9565,200.2311172724526
9566,200.23111761645404
9567,200.23111796026544
9568,200.2311183038868
9569,200.2311186473182
9570,200.23111899055985
9571,200.23111933361176
9572,200.23111967647404
9573,200.23112001914672
9574,200.23112036163
9575,200.23112070392392
9576,200.23112104602856
9577,200.231121387944
9578,200.23112172967032
9579,200.23112207120775
9580,200.2311224125562
9581,200.23112275371582
9582,200.2311230946867
9583,200.23112343546893
9584,200.23112377606273
9585,200.23112411646795
9586,200.23112445668485
9587,200.2311247967135
9588,200.23112513655394
9589,200.2311254762063
9590,200.23112581567065
9591,200.23112615494702
9592,200.23112649403566
9593,200.23112683293652
9594,200.23112717164975
9595,200.23112751017544
9596,200.23112784851367
9597,200.23112818666453
9598,200.23112852462813
9599,200.2311288624045
9600,200.23112919999377
9601,200.23112953739596
9602,200.23112987461136
9603,200.23113021163985
9604,200.23113054848164
9605,200.23113088513676
9606,200.2311312216053
9607,200.23113155788744
9608,200.23113189398316
9609,200.23113222989255
9610,200.2311325656158
9611,200.23113290115288
9612,200.23113323650404
9613,200.23113357166918
9614,200.2311339066485
9615,200.23113424144205
9616,200.23113457605004
9617,200.23113491047232
9618,200.23113524470926
9619,200.23113557876073
9620,200.2311359126269
9621,200.23113624630795
9622,200.2311365798038
9623,200.23113691311457
9624,200.23113724624045
9625,200.23113757918154
9626,200.23113791193776
9627,200.2311382445094
9628,200.23113857689643
9629,200.23113890909892
9630,200.23113924111712
9631,200.2311395729509
9632,200.23113990460047
9633,200.23114023606598
9634,200.23114056734735
9635,200.2311408984448
9636,200.23114122935846
9637,200.23114156008828
9638,200.23114189063446
9639,200.231142220997
9640,200.23114255117596
9641,200.23114288117165
9642,200.2311432109839
9643,200.23114354061303
9644,200.23114387005887
9645,200.2311441993217
9646,200.23114452840161
9647,200.2311448572986
9648,200.23114518601278
9649,200.23114551454427
9650,200.2311458428931
9651,200.23114617105944
9652,200.23114649904335
9653,200.23114682684496
9654,200.23114715446422
9655,200.23114748190133
9656,200.2311478091565
9657,200.23114813622954
9658,200.23114846312072
9659,200.2311487898301
9660,200.23114911635767
9661,200.2311494427037
9662,200.2311497688682
9663,200.23115009485113
9664,200.23115042065277
9665,200.2311507462731
9666,200.2311510717123
9667,200.23115139697035
9668,200.2311517220474
9669,200.23115204694355
9670,200.23115237165885
9671,200.23115269619336
9672,200.23115302054723
9673,200.23115334472055
9674,200.2311536687134
9675,200.23115399252586
9676,200.23115431615796
9677,200.23115463960988
9678,200.23115496288167
9679,200.23115528597353
9680,200.23115560888527
9681,200.23115593161725
9682,200.23115625416946
9683,200.23115657654196
9684,200.2311568987349
9685,200.2311572207483
9686,200.23115754258225
9687,200.23115786423696
9688,200.2311581857123
9689,200.2311585070086
9690,200.23115882812576
9691,200.23115914906398
9692,200.23115946982333
9693,200.23115979040386
9694,200.2311601108057
9695,200.23116043102883
9696,200.23116075107347
9697,200.23116107093963
9698,200.23116139062753
9699,200.2311617101371
9700,200.2311620294685
9701,200.2311623486218
9702,200.23116266759715
9703,200.2311629863945
9704,200.2311633050141
9705,200.23116362345596
9706,200.23116394172007
9707,200.2311642598066
9708,200.23116457771573
9709,200.2311648954475
9710,200.23116521300187
9711,200.2311655303791
9712,200.2311658475792
9713,200.23116616460223
9714,200.23116648144835
9715,200.23116679811753
9716,200.23116711460995
9717,200.2311674309257
9718,200.23116774706486
9719,200.23116806302755
9720,200.23116837881372
9721,200.23116869442364
9722,200.23116900985727
9723,200.23116932511468
9724,200.2311696401961
9725,200.23116995510145
9726,200.231170269831
9727,200.23117058438467
9728,200.23117089876266
9729,200.23117121296497
9730,200.23117152699174
9731,200.231171840843
9732,200.2311721545189
9733,200.23117246801957
9734,200.23117278134507
9735,200.23117309449538
9736,200.23117340747066
9737,200.23117372027096
9738,200.23117403289646
9739,200.23117434534726
9740,200.23117465762326
9741,200.23117496972478
9742,200.23117528165167
9743,200.23117559340426
9744,200.2311759049825
9745,200.23117621638644
9746,200.23117652761619
9747,200.23117683867196
9748,200.2311771495537
9749,200.23117746026162
9750,200.23117777079568
9751,200.23117808115595
9752,200.23117839134264
9753,200.23117870135582
9754,200.2311790111955
9755,200.23117932086186
9756,200.2311796303549
9757,200.23117993967475
9758,200.23118024882146
9759,200.23118055779514
9760,200.23118086659585
9761,200.2311811752238
9762,200.23118148367885
9763,200.23118179196135
9764,200.23118210007115
9765,200.23118240800855
9766,200.23118271577346
9767,200.23118302336604
9768,200.2311833307863
9769,200.2311836380345
9770,200.2311839451106
9771,200.23118425201469
9772,200.23118455874695
9773,200.2311848653073
9774,200.23118517169596
9775,200.23118547791293
9776,200.2311857839584
9777,200.23118608983242
9778,200.231186395535
9779,200.23118670106624
9780,200.23118700642638
9781,200.2311873116153
9782,200.23118761663324
9783,200.2311879214802
9784,200.23118822615632
9785,200.2311885306616
9786,200.23118883499617
9787,200.2311891391602
9788,200.23118944315365
9789,200.2311897469767
9790,200.2311900506294
9791,200.23119035411176
9792,200.23119065742407
9793,200.2311909605662
9794,200.23119126353834
9795,200.23119156634058
9796,200.23119186897293
9797,200.2311921714355
9798,200.23119247372844
9799,200.2311927758518
9800,200.23119307780567
9801,200.23119337959014
9802,200.23119368120527
9803,200.23119398265115
9804,200.23119428392786
9805,200.23119458503564
9806,200.23119488597428
9807,200.23119518674406
9808,200.23119548734508
9809,200.2311957877773
9810,200.23119608804097
9811,200.231196388136
9812,200.23119668806265
9813,200.23119698782085
9814,200.23119728741074
9815,200.23119758683242
9816,200.23119788608597
9817,200.2311981851715
9818,200.23119848408905
9819,200.23119878283882
9820,200.23119908142073
9821,200.23119937983492
9822,200.23119967808154
9823,200.23119997616058
9824,200.2312002740721
9825,200.23120057181637
9826,200.2312008693933
9827,200.23120116680312
9828,200.23120146404574
9829,200.2312017611214
9830,200.23120205803008
9831,200.2312023547719
9832,200.23120265134702
9833,200.23120294775546
9834,200.2312032439972
9835,200.2312035400725
9836,200.2312038359813
9837,200.23120413172379
9838,200.23120442730007
9839,200.2312047227102
9840,200.23120501795412
9841,200.2312053130321
9842,200.23120560794413
9843,200.23120590269045
9844,200.23120619727084
9845,200.2312064916857
9846,200.23120678593492
9847,200.23120708001855
9848,200.23120737393683
9849,200.2312076676898
9850,200.23120796127756
9851,200.23120825470008
9852,200.23120854795758
9853,200.2312088410501
9854,200.23120913397764
9855,200.23120942674046
9856,200.23120971933844
9857,200.23121001177182
9858,200.23121030404062
9859,200.23121059614496
9860,200.23121088808486
9861,200.2312111798604
9862,200.23121147147177
9863,200.2312117629189
9864,200.23121205420202
9865,200.2312123453212
9866,200.23121263627644
9867,200.2312129270678
9868,200.23121321769548
9869,200.23121350815953
9870,200.23121379846006
9871,200.23121408859706
9872,200.23121437857068
9873,200.23121466838091
9874,200.231214958028
9875,200.23121524751184
9876,200.23121553683274
9877,200.23121582599055
9878,200.23121611498556
9879,200.23121640381774
9880,200.23121669248712
9881,200.2312169809939
9882,200.23121726933817
9883,200.2312175575199
9884,200.23121784553925
9885,200.23121813339637
9886,200.2312184210911
9887,200.23121870862383
9888,200.23121899599442
9889,200.23121928320307
9890,200.23121957024978
9891,200.23121985713476
9892,200.2312201438579
9893,200.2312204304195
9894,200.23122071681954
9895,200.23122100305804
9896,200.23122128913514
9897,200.2312215750509
9898,200.23122186080553
9899,200.23122214639898
9900,200.23122243183133
9901,200.2312227171027
9902,200.2312230022132
9903,200.2312232871629
9904,200.2312235719518
9905,200.23122385658013
9906,200.23122414104793
9907,200.23122442535518
9908,200.23122470950207
9909,200.2312249934886
9910,200.2312252773149
9911,200.2312255609811
9912,200.2312258444872
9913,200.23122612783325
9914,200.23122641101946
9915,200.2312266940459
9916,200.23122697691247
9917,200.23122725961946
9918,200.2312275421669
9919,200.2312278245548
9920,200.2312281067833
9921,200.23122838885254
9922,200.23122867076248
9923,200.2312289525133
9924,200.23122923410494
9925,200.23122951553768
9926,200.2312297968115
9927,200.23123007792645
9928,200.23123035888264
9929,200.2312306396802
9930,200.23123092031918
9931,200.23123120079958
9932,200.23123148112168
9933,200.23123176128536
9934,200.23123204129078
9935,200.2312323211381
9936,200.2312326008272
9937,200.2312328803584
9938,200.23123315973163
9939,200.23123343894704
9940,200.23123371800463
9941,200.23123399690454
9942,200.23123427564687
9943,200.23123455423175
9944,200.23123483265908
9945,200.23123511092908
9946,200.23123538904187
9947,200.2312356669975
9948,200.2312359447959
9949,200.23123622243736
9950,200.2312364999218
9951,200.23123677724945
9952,200.23123705442023
9953,200.23123733143433
9954,200.23123760829188
9955,200.2312378849928
9956,200.2312381615373
9957,200.2312384379254
9958,200.23123871415726
9959,200.2312389902329
9960,200.2312392661524
9961,200.23123954191578
9962,200.23123981752326
9963,200.23124009297482
9964,200.23124036827062
9965,200.23124064341064
9966,200.23124091839506
9967,200.2312411932239
9968,200.23124146789718
9969,200.2312417424151
9970,200.2312420167778
9971,200.2312422909852
9972,200.23124256503738
9973,200.23124283893452
9974,200.23124311267668
9975,200.23124338626397
9976,200.23124365969636
9977,200.23124393297397
9978,200.23124420609687
9979,200.2312444790653
9980,200.23124475187916
9981,200.23124502453862
9982,200.2312452970437
9983,200.23124556939453
9984,200.23124584159112
9985,200.2312461136337
9986,200.2312463855221
9987,200.23124665725666
9988,200.23124692883738
9989,200.23124720026422
9990,200.23124747153744
9991,200.23124774265705
9992,200.231248013623
9993,200.2312482844356
9994,200.23124855509477
9995,200.2312488256006
9996,200.23124909595327
9997,200.23124936615275
9998,200.23124963619924
9999,200.23124990609264
10000,200.2312501758332
10001,200.2312504454209
10002,200.23125071485595
10003,200.23125098413823
10004,200.231251253268
10005,200.2312515222453
10006,200.23125179107006
10007,200.23125205974256
10008,200.23125232826274
10009,200.2312525966308
10010,200.23125286484674
10011,200.23125313291072
10012,200.2312534008227
10013,200.23125366858275
10014,200.23125393619108
10015,200.23125420364778
10016,200.23125447095276
10017,200.23125473810623
10018,200.23125500510818
10019,200.23125527195887
10020,200.23125553865816
10021,200.23125580520627
10022,200.2312560716032
10023,200.2312563378491
10024,200.23125660394402
10025,200.231256869888
10026,200.23125713568115
10027,200.23125740132355
10028,200.2312576668153
10029,200.2312579321564
10030,200.23125819734707
10031,200.23125846238733
10032,200.23125872727718
10033,200.23125899201676
10034,200.23125925660617
10035,200.23125952104544
10036,200.23125978533477
10037,200.231260049474
10038,200.23126031346345
10039,200.23126057730312
10040,200.23126084099303
10041,200.2312611045333
10042,200.23126136792396
10043,200.2312616311652
10044,200.23126189425707
10045,200.23126215719958
10046,200.23126241999285
10047,200.23126268263695
10048,200.231262945132
10049,200.23126320747798
10050,200.23126346967504
10051,200.23126373172332
10052,200.23126399362278
10053,200.23126425537356
10054,200.2312645169757
10055,200.2312647784294
10056,200.2312650397345
10057,200.2312653008913
10058,200.2312655618998
10059,200.23126582276004
10060,200.23126608347215
10061,200.2312663440363
10062,200.23126660445234
10063,200.2312668647205
10064,200.23126712484083
10065,200.23126738481346
10066,200.23126764463836
10067,200.23126790431573
10068,200.23126816384544
10069,200.23126842322785
10070,200.23126868246285
10071,200.23126894155058
10072,200.2312692004911
10073,200.2312694592845
10074,200.23126971793093
10075,200.23126997643033
10076,200.23127023478284
10077,200.23127049298847
10078,200.23127075104745
10079,200.23127100895974
10080,200.23127126672543
10081,200.23127152434466
10082,200.23127178181753
10083,200.2312720391439
10084,200.23127229632414
10085,200.2312725533581
10086,200.23127281024594
10087,200.23127306698785
10088,200.23127332358368
10089,200.23127358003367
10090,200.23127383633795
10091,200.2312740924964
10092,200.23127434850923
10093,200.23127460437655
10094,200.23127486009832
10095,200.23127511567472
10096,200.2312753711057
10097,200.23127562639152
10098,200.2312758815321
10099,200.23127613652758
10100,200.231276391378
10101,200.23127664608356
10102,200.23127690064413
10103,200.23127715506
10104,200.2312774093311
10105,200.23127766345758
10106,200.23127791743943
10107,200.2312781712769
10108,200.23127842497
10109,200.23127867851858
10110,200.23127893192301
10111,200.23127918518327
10112,200.2312794382994
10113,200.23127969127157
10114,200.2312799440997
10115,200.231280196784
10116,200.23128044932454
10117,200.23128070172126
10118,200.23128095397445
10119,200.23128120608402
10120,200.23128145805012
10121,200.23128170987283
10122,200.23128196155213
10123,200.23128221308824
10124,200.2312824644811
10125,200.2312827157309
10126,200.23128296683777
10127,200.23128321780155
10128,200.2312834686225
10129,200.23128371930065
10130,200.2312839698361
10131,200.23128422022887
10132,200.23128447047915
10133,200.2312847205868
10134,200.23128497055217
10135,200.23128522037516
10136,200.23128547005584
10137,200.23128571959438
10138,200.23128596899082
10139,200.23128621824512
10140,200.23128646735753
10141,200.2312867163281
10142,200.23128696515684
10143,200.2312872138438
10144,200.2312874623891
10145,200.23128771079283
10146,200.23128795905515
10147,200.231288207176
10148,200.2312884551554
10149,200.23128870299365
10150,200.2312889506906
10151,200.23128919824646
10152,200.23128944566125
10153,200.23128969293515
10154,200.23128994006805
10155,200.23129018706018
10156,200.23129043391154
10157,200.23129068062227
10158,200.2312909271924
10159,200.23129117362203
10160,200.23129141991114
10161,200.23129166605995
10162,200.23129191206849
10163,200.23129215793674
10164,200.23129240366487
10165,200.23129264925294
10166,200.23129289470103
10167,200.2312931400092
10168,200.2312933851775
10169,200.23129363020607
10170,200.23129387509493
10171,200.23129411984414
10172,200.23129436445387
10173,200.23129460892412
10174,200.231294853255
10175,200.23129509744655
10176,200.23129534149882
10177,200.23129558541197
10178,200.23129582918602
10179,200.23129607282104
10180,200.23129631631716
10181,200.23129655967438
10182,200.23129680289284
10183,200.2312970459726
10184,200.23129728891374
10185,200.23129753171622
10186,200.2312977743802
10187,200.23129801690587
10188,200.23129825929308
10189,200.23129850154208
10190,200.2312987436529
10191,200.2312989856256
10192,200.23129922746028
10193,200.23129946915697
10194,200.23129971071572
10195,200.23129995213674
10196,200.23130019341994
10197,200.23130043456555
10198,200.23130067557352
10199,200.23130091644393
10200,200.2313011571769
10201,200.2313013977725
10202,200.23130163823086
10203,200.23130187855196
10204,200.23130211873595
10205,200.23130235878278
10206,200.23130259869268
10207,200.23130283846558
10208,200.23130307810172
10209,200.23130331760098
10210,200.23130355696358
10211,200.23130379618962
10212,200.231304035279
10213,200.23130427423192
10214,200.23130451304843
10215,200.2313047517286
10216,200.2313049902725
10217,200.2313052286802
10218,200.2313054669518
10219,200.23130570508738
10220,200.23130594308702
10221,200.23130618095075
10222,200.2313064186786
10223,200.2313066562708
10224,200.2313068937272
10225,200.2313071310481
10226,200.23130736823342
10227,200.23130760528338
10228,200.23130784219782
10229,200.23130807897707
10230,200.23130831562105
10231,200.23130855212983
10232,200.2313087885036
10233,200.2313090247423
10234,200.2313092608461
10235,200.231309496815
10236,200.23130973264915
10237,200.23130996834857
10238,200.23131020391335
10239,200.23131043934347
10240,200.23131067463922
10241,200.23131090980047
10242,200.2313111448274
10243,200.23131137971995
10244,200.2313116144784
10245,200.23131184910264
10246,200.23131208359288
10247,200.23131231794912
10248,200.23131255217137
10249,200.23131278625988
10250,200.23131302021454
10251,200.23131325403557
10252,200.23131348772293
10253,200.2313137212768
10254,200.2313139546971
10255,200.231314187984
10256,200.23131442113757
10257,200.23131465415798
10258,200.2313148870451
10259,200.23131511979912
10260,200.2313153524202
10261,200.23131558490817
10262,200.23131581726335
10263,200.23131604948566
10264,200.23131628157518
10265,200.231316513532
10266,200.2313167453563
10267,200.23131697704795
10268,200.2313172086072
10269,200.2313174400341
10270,200.2313176713286
10271,200.23131790249087
10272,200.23131813352106
10273,200.231318364419
10274,200.231318595185
10275,200.23131882581902
10276,200.2313190563211
10277,200.23131928669144
10278,200.23131951692997
10279,200.2313197470369
10280,200.23131997701225
10281,200.23132020685597
10282,200.23132043656827
10283,200.23132066614923
10284,200.23132089559883
10285,200.23132112491723
10286,200.2313213541044
10287,200.23132158316048
10288,200.2313218120856
10289,200.2313220408797
10290,200.23132226954294
10291,200.23132249807534
10292,200.23132272647706
10293,200.2313229547481
10294,200.23132318288853
10295,200.23132341089843
10296,200.2313236387779
10297,200.23132386652694
10298,200.2313240941457
10299,200.2313243216342
10300,200.2313245489925
10301,200.2313247762208
10302,200.23132500331903
10303,200.23132523028724
10304,200.23132545712556
10305,200.23132568383423
10306,200.23132591041298
10307,200.23132613686215
10308,200.2313263631817
10309,200.23132658937178
10310,200.2313268154323
10311,200.23132704136347
10312,200.23132726716537
10313,200.23132749283795
10314,200.23132771838132
10315,200.2313279437957
10316,200.23132816908102
10317,200.23132839423738
10318,200.23132861926484
10319,200.23132884416347
10320,200.23132906893335
10321,200.23132929357448
10322,200.23132951808714
10323,200.2313297424712
10324,200.23132996672675
10325,200.231330190854
10326,200.23133041485286
10327,200.23133063872353
10328,200.23133086246594
10329,200.2313310860803
10330,200.23133130956657
10331,200.2313315329249
10332,200.2313317561553
10333,200.23133197925793
10334,200.23133220223266
10335,200.23133242507984
10336,200.23133264779926
10337,200.2313328703912
10338,200.2313330928557
10339,200.23133331519267
10340,200.23133353740243
10341,200.2313337594849
10342,200.23133398144006
10343,200.23133420326815
10344,200.2313344249692
10345,200.23133464654322
10346,200.2313348679903
10347,200.23133508931065
10348,200.23133531050408
10349,200.2313355315709
10350,200.231335752511
10351,200.23133597332458
10352,200.23133619401162
10353,200.2313364145722
10354,200.2313366350065
10355,200.2313368553145
10356,200.23133707549627
10357,200.2313372955518
10358,200.23133751548124
10359,200.23133773528477
10360,200.2313379549623
10361,200.23133817451392
10362,200.23133839393972
10363,200.23133861323987
10364,200.23133883241428
10365,200.23133905146312
10366,200.23133927038648
10367,200.23133948918428
10368,200.23133970785668
10369,200.23133992640388
10370,200.23134014482574
10371,200.2313403631224
10372,200.23134058129398
10373,200.23134079934053
10374,200.23134101726203
10375,200.23134123505866
10376,200.23134145273045
10377,200.2313416702775
10378,200.2313418876998
10379,200.2313421049975
10380,200.23134232217063
10381,200.2313425392193
10382,200.23134275614345
10383,200.23134297294334
10384,200.23134318961888
10385,200.23134340617023
10386,200.23134362259742
10387,200.2313438389005
10388,200.23134405507957
10389,200.23134427113473
10390,200.23134448706597
10391,200.23134470287346
10392,200.23134491855714
10393,200.23134513411728
10394,200.2313453495537
10395,200.23134556486653
10396,200.23134578005605
10397,200.23134599512207
10398,200.2313462100648
10399,200.23134642488426
10400,200.23134663958044
10401,200.2313468541536
10402,200.23134706860367
10403,200.23134728293078
10404,200.23134749713492
10405,200.23134771121624
10406,200.23134792517473
10407,200.2313481390106
10408,200.23134835272373
10409,200.23134856631438
10410,200.23134877978245
10411,200.23134899312802
10412,200.23134920635127
10413,200.23134941945221
10414,200.23134963243092
10415,200.23134984528744
10416,200.2313500580219
10417,200.23135027063427
10418,200.23135048312471
10419,200.23135069549315
10420,200.23135090773988
10421,200.23135111986477
10422,200.23135133186798
10423,200.23135154374958
10424,200.2313517555096
10425,200.2313519671481
10426,200.23135217866516
10427,200.2313523900609
10428,200.2313526013354
10429,200.2313528124886
10430,200.2313530235206
10431,200.23135323443154
10432,200.23135344522143
10433,200.23135365589042
10434,200.23135386643847
10435,200.23135407686573
10436,200.2313542871722
10437,200.23135449735804
10438,200.23135470742326
10439,200.23135491736787
10440,200.23135512719202
10441,200.23135533689566
10442,200.23135554647902
10443,200.2313557559421
10444,200.23135596528502
10445,200.2313561745077
10446,200.23135638361032
10447,200.23135659259285
10448,200.23135680145552
10449,200.2313570101983
10450,200.2313572188212
10451,200.23135742732438
10452,200.23135763570787
10453,200.2313578439717
10454,200.231358052116
10455,200.2313582601409
10456,200.23135846804627
10457,200.23135867583233
10458,200.2313588834991
10459,200.23135909104664
10460,200.23135929847504
10461,200.2313595057844
10462,200.2313597129747
10463,200.23135992004597
10464,200.23136012699845
10465,200.23136033383207
10466,200.23136054054694
10467,200.23136074714316
10468,200.23136095362065
10469,200.23136115997968
10470,200.23136136622023
10471,200.2313615723423
10472,200.231361778346
10473,200.23136198423143
10474,200.2313621899986
10475,200.2313623956476
10476,200.23136260117855
10477,200.23136280659145
10478,200.23136301188643
10479,200.2313632170635
10480,200.2313634221227
10481,200.23136362706418
10482,200.23136383188793
10483,200.23136403659407
10484,200.23136424118263
10485,200.23136444565367
10486,200.23136465000727
10487,200.23136485424348
10488,200.23136505836246
10489,200.2313652623641
10490,200.2313654662487
10491,200.2313656700161
10492,200.23136587366648
10493,200.23136607719985
10494,200.23136628061633
10495,200.23136648391593
10496,200.23136668709878
10497,200.2313668901649
10498,200.23136709311436
10499,200.23136729594722
10500,200.23136749866356
10501,200.2313677012635
10502,200.231367903747
10503,200.2313681061142
10504,200.23136830836515
10505,200.23136851049986
10506,200.23136871251845
10507,200.23136891442095
10508,200.2313691162075
10509,200.23136931787812
10510,200.2313695194329
10511,200.23136972087178
10512,200.23136992219494
10513,200.23137012340243
10514,200.23137032449438
10515,200.2313705254707
10516,200.23137072633153
10517,200.23137092707697
10518,200.2313711277071
10519,200.23137132822188
10520,200.2313715286215
10521,200.23137172890588
10522,200.23137192907524
10523,200.23137212912954
10524,200.23137232906882
10525,200.23137252889322
10526,200.23137272860285
10527,200.2313729281977
10528,200.23137312767776
10529,200.23137332704323
10530,200.23137352629416
10531,200.23137372543056
10532,200.23137392445244
10533,200.23137412335998
10534,200.23137432215321
10535,200.2313745208322
10536,200.2313747193969
10537,200.2313749178476
10538,200.23137511618418
10539,200.23137531440673
10540,200.23137551251537
10541,200.23137571051012
10542,200.23137590839113
10543,200.2313761061583
10544,200.2313763038118
10545,200.2313765013517
10546,200.2313766987781
10547,200.23137689609092
10548,200.2313770932904
10549,200.2313772903764
10550,200.23137748734925
10551,200.23137768420875
10552,200.23137788095514
10553,200.23137807758835
10554,200.23137827410858
10555,200.23137847051578
10556,200.23137866681006
10557,200.23137886299148
10558,200.23137905906017
10559,200.23137925501612
10560,200.2313794508594
10561,200.23137964659006
10562,200.23137984220824
10563,200.23138003771388
10564,200.2313802331072
10565,200.2313804283881
10566,200.23138062355673
10567,200.2313808186132
10568,200.23138101355738
10569,200.23138120838954
10570,200.23138140310962
10571,200.23138159771776
10572,200.23138179221405
10573,200.23138198659845
10574,200.2313821808711
10575,200.231382375032
10576,200.23138256908126
10577,200.2313827630189
10578,200.23138295684512
10579,200.23138315055974
10580,200.231383344163
10581,200.23138353765492
10582,200.2313837310356
10583,200.23138392430508
10584,200.23138411746336
10585,200.2313843105106
10586,200.23138450344678
10587,200.23138469627204
10588,200.23138488898633
10589,200.2313850815898
10590,200.23138527408247
10591,200.23138546646456
10592,200.23138565873583
10593,200.23138585089666
10594,200.23138604294684
10595,200.23138623488663
10596,200.231386426716
10597,200.23138661843504
10598,200.2313868100438
10599,200.2313870015423
10600,200.23138719293073
10601,200.23138738420897
10602,200.23138757537728
10603,200.23138776643563
10604,200.231387957384
10605,200.23138814822258
10606,200.23138833895138
10607,200.2313885295704
10608,200.23138872007985
10609,200.2313889104797
10610,200.23138910077
10611,200.2313892909508
10612,200.23138948102226
10613,200.23138967098433
10614,200.23138986083717
10615,200.23139005058067
10616,200.23139024021512
10617,200.23139042974037
10618,200.23139061915668
10619,200.23139080846394
10620,200.23139099766237
10621,200.23139118675186
10622,200.23139137573273
10623,200.23139156460468
10624,200.23139175336806
10625,200.2313919420228
10626,200.231392130569
10627,200.2313923190067
10628,200.23139250733604
10629,200.23139269555696
10630,200.23139288366963
10631,200.23139307167398
10632,200.2313932595702
10633,200.23139344735833
10634,200.23139363503836
10635,200.23139382261039
10636,200.23139401007458
10637,200.23139419743086
10638,200.23139438467933
10639,200.23139457182003
10640,200.23139475885304
10641,200.23139494577848
10642,200.23139513259625
10643,200.2313953193066
10644,200.2313955059095
10645,200.23139569240502
10646,200.23139587879317
10647,200.2313960650741
10648,200.23139625124784
10649,200.23139643731446
10650,200.23139662327398
10651,200.23139680912644
10652,200.23139699487197
10653,200.23139718051064
10654,200.2313973660424
10655,200.2313975514675
10656,200.23139773678574
10657,200.23139792199743
10658,200.2313981071025
10659,200.23139829210106
10660,200.2313984769931
10661,200.23139866177877
10662,200.231398846458
10663,200.23139903103103
10664,200.23139921549785
10665,200.23139939985842
10666,200.23139958411295
10667,200.23139976826138
10668,200.23139995230383
10669,200.23140013624035
10670,200.23140032007106
10671,200.23140050379592
10672,200.231400687415
10673,200.23140087092835
10674,200.23140105433612
10675,200.23140123763832
10676,200.23140142083508
10677,200.23140160392634
10678,200.23140178691216
10679,200.2314019697927
10680,200.23140215256794
10681,200.23140233523804
10682,200.23140251780296
10683,200.2314027002627
10684,200.23140288261754
10685,200.23140306486732
10686,200.2314032470123
10687,200.23140342905234
10688,200.2314036109876
10689,200.23140379281813
10690,200.23140397454398
10691,200.2314041561652
10692,200.2314043376819
10693,200.23140451909413
10694,200.23140470040195
10695,200.23140488160536
10696,200.23140506270437
10697,200.23140524369924
10698,200.2314054245898
10699,200.2314056053763
10700,200.2314057860588
10701,200.2314059666371
10702,200.23140614711156
10703,200.23140632748206
10704,200.23140650774872
10705,200.23140668791163
10706,200.2314068679708
10707,200.23140704792635
10708,200.23140722777822
10709,200.23140740752663
10710,200.23140758717156
10711,200.23140776671295
10712,200.23140794615105
10713,200.23140812548579
10714,200.23140830471726
10715,200.2314084838456
10716,200.23140866287085
10717,200.23140884179293
10718,200.2314090206121
10719,200.2314091993282
10720,200.23140937794145
10721,200.23140955645184
10722,200.23140973485945
10723,200.2314099131643
10724,200.23141009136654
10725,200.2314102694662
10726,200.23141044746328
10727,200.23141062535788
10728,200.23141080315006
10729,200.23141098083985
10730,200.23141115842733
10731,200.23141133591253
10732,200.23141151329554
10733,200.23141169057646
10734,200.2314118677553
10735,200.231412044832
10736,200.2314122218069
10737,200.2314123986798
10738,200.2314125754509
10739,200.23141275212018
10740,200.23141292868766
10741,200.23141310515362
10742,200.23141328151783
10743,200.23141345778055
10744,200.23141363394177
10745,200.2314138100015
10746,200.2314139859599
10747,200.231414161817
10748,200.23141433757277
10749,200.2314145132274
10750,200.23141468878086
10751,200.23141486423313
10752,200.23141503958445
10753,200.23141521483475
10754,200.23141538998416
10755,200.2314155650327
10756,200.2314157399805
10757,200.23141591482747
10758,200.23141608957377
10759,200.2314162642194
10760,200.2314164387645
10761,200.2314166132091
10762,200.2314167875532
10763,200.23141696179692
10764,200.23141713594035
10765,200.23141730998344
10766,200.23141748392624
10767,200.2314176577689
10768,200.2314178315115
10769,200.23141800515404
10770,200.2314181786965
10771,200.23141835213912
10772,200.23141852548179
10773,200.23141869872464
10774,200.23141887186767
10775,200.23141904491104
10776,200.23141921785478
10777,200.23141939069885
10778,200.2314195634434
10779,200.23141973608855
10780,200.2314199086341
10781,200.23142008108042
10782,200.2314202534274
10783,200.2314204256751
10784,200.23142059782353
10785,200.2314207698729
10786,200.23142094182316
10787,200.2314211136744
10788,200.2314212854266
10789,200.23142145707996
10790,200.23142162863445
10791,200.2314218000901
10792,200.23142197144702
10793,200.23142214270524
10794,200.23142231386478
10795,200.2314224849258
10796,200.23142265588834
10797,200.23142282675232
10798,200.23142299751785
10799,200.23142316818513
10800,200.2314233387541
10801,200.2314235092248
10802,200.23142367959733
10803,200.23142384987173
10804,200.2314240200481
10805,200.23142419012643
10806,200.2314243601068
10807,200.2314245299893
10808,200.23142469977387
10809,200.23142486946068
10810,200.2314250390498
10811,200.23142520854117
10812,200.23142537793498
10813,200.2314255472312
10814,200.23142571642987
10815,200.23142588553114
10816,200.23142605453492
10817,200.23142622344145
10818,200.23142639225065
10819,200.2314265609626
10820,200.23142672957744
10821,200.23142689809515
10822,200.23142706651575
10823,200.23142723483943
10824,200.2314274030661
10825,200.23142757119584
10826,200.2314277392289
10827,200.23142790716506
10828,200.23142807500446
10829,200.23142824274723
10830,200.2314284103933
10831,200.23142857794292
10832,200.231428745396
10833,200.23142891275256
10834,200.23142908001282
10835,200.23142924717666
10836,200.2314294142443
10837,200.23142958121562
10838,200.23142974809085
10839,200.23142991486992
10840,200.23143008155287
10841,200.23143024813993
10842,200.23143041463098
10843,200.23143058102607
10844,200.23143074732542
10845,200.2314309135289
10846,200.2314310796367
10847,200.2314312456488
10848,200.23143141156527
10849,200.23143157738613
10850,200.23143174311159
10851,200.23143190874146
10852,200.23143207427603
10853,200.23143223971516
10854,200.23143240505905
10855,200.23143257030765
10856,200.23143273546114
10857,200.2314329005195
10858,200.23143306548272
10859,200.23143323035097
10860,200.23143339512424
10861,200.23143355980267
10862,200.2314337243862
10863,200.23143388887493
10864,200.23143405326883
10865,200.2314342175681
10866,200.23143438177274
10867,200.23143454588282
10868,200.23143470989837
10869,200.2314348738194
10870,200.23143503764604
10871,200.23143520137833
10872,200.23143536501627
10873,200.23143552856
10874,200.23143569200948
10875,200.23143585536482
10876,200.2314360186261
10877,200.23143618179333
10878,200.2314363448665
10879,200.2314365078458
10880,200.23143667073123
10881,200.23143683352285
10882,200.23143699622068
10883,200.23143715882478
10884,200.23143732133522
10885,200.23143748375202
10886,200.23143764607534
10887,200.23143780830517
10888,200.2314379704415
10889,200.23143813248444
10890,200.23143829443407
10891,200.23143845629045
10892,200.23143861805355
10893,200.2314387797235
10894,200.23143894130024
10895,200.231439102784
10896,200.23143926417475
10897,200.23143942547253
10898,200.2314395866774
10899,200.23143974778938
10900,200.2314399088086
10901,200.23144006973504
10902,200.23144023056878
10903,200.23144039130995
10904,200.23144055195854
10905,200.23144071251457
10906,200.23144087297803
10907,200.23144103334914
10908,200.23144119362792
10909,200.23144135381432
10910,200.23144151390846
10911,200.23144167391044
10912,200.23144183382016
10913,200.23144199363784
10914,200.23144215336342
10915,200.23144231299707
10916,200.2314424725387
10917,200.2314426319885
10918,200.23144279134644
10919,200.23144295061257
10920,200.23144310978702
10921,200.23144326886975
10922,200.23144342786082
10923,200.2314435867604
10924,200.23144374556836
10925,200.23144390428493
10926,200.23144406291001
10927,200.23144422144384
10928,200.23144437988626
10929,200.2314445382374
10930,200.23144469649742
10931,200.23144485466622
10932,200.23144501274402
10933,200.23144517073067
10934,200.2314453286264
10935,200.23144548643108
10936,200.23144564414494
10937,200.23144580176796
10938,200.23144595930023
10939,200.23144611674172
10940,200.23144627409255
10941,200.23144643135277
10942,200.23144658852237
10943,200.2314467456015
10944,200.2314469025901
10945,200.23144705948835
10946,200.23144721629617
10947,200.23144737301376
10948,200.231447529641
10949,200.2314476861781
10950,200.23144784262502
10951,200.23144799898182
10952,200.2314481552486
10953,200.23144831142537
10954,200.23144846751214
10955,200.23144862350904
10956,200.23144877941616
10957,200.2314489352334
10958,200.23144909096092
10959,200.2314492465988
10960,200.231449402147
10961,200.23144955760566
10962,200.23144971297472
10963,200.23144986825434
10964,200.23145002344452
10965,200.23145017854534
10966,200.23145033355686
10967,200.23145048847908
10968,200.23145064331203
10969,200.23145079805587
10970,200.23145095271065
10971,200.23145110727626
10972,200.2314512617529
10973,200.23145141614057
10974,200.2314515704393
10975,200.23145172464922
10976,200.23145187877034
10977,200.23145203280268
10978,200.23145218674628
10979,200.2314523406013
10980,200.23145249436766
10981,200.2314526480455
10982,200.23145280163482
10983,200.23145295513572
10984,200.23145310854815
10985,200.2314532618723
10986,200.23145341510815
10987,200.23145356825577
10988,200.23145372131515
10989,200.2314538742864
10990,200.23145402716952
10991,200.23145417996471
10992,200.23145433267183
10993,200.23145448529107
10994,200.23145463782237
10995,200.23145479026584
10996,200.23145494262153
10997,200.23145509488947
10998,200.2314552470697
10999,200.2314553991624
11000,200.23145555116744
11001,200.23145570308506
11002,200.2314558549151
11003,200.23145600665777
11004,200.23145615831302
11005,200.23145630988097
11006,200.2314564613616
11007,200.231456612755
11008,200.23145676406133
11009,200.2314569152804
11010,200.23145706641247
11011,200.23145721745752
11012,200.23145736841562
11013,200.2314575192867
11014,200.23145767007102
11015,200.2314578207684
11016,200.23145797137906
11017,200.23145812190305
11018,200.23145827234038
11019,200.23145842269102
11020,200.23145857295515
11021,200.23145872313276
11022,200.23145887322386
11023,200.23145902322855
11024,200.23145917314687
11025,200.23145932297888
11026,200.23145947272465
11027,200.2314596223842
11028,200.23145977195756
11029,200.23145992144484
11030,200.23146007084603
11031,200.23146022016118
11032,200.23146036939036
11033,200.23146051853362
11034,200.23146066759105
11035,200.2314608165626
11036,200.23146096544846
11037,200.23146111424853
11038,200.231461262963
11039,200.2314614115918
11040,200.23146156013507
11041,200.23146170859275
11042,200.231461856965
11043,200.23146200525193
11044,200.23146215345335
11045,200.23146230156956
11046,200.2314624496005
11047,200.23146259754617
11048,200.23146274540662
11049,200.231462893182
11050,200.23146304087234
11051,200.23146318847765
11052,200.23146333599792
11053,200.23146348343332
11054,200.23146363078382
11055,200.23146377804952
11056,200.23146392523043
11057,200.23146407232665
11058,200.23146421933816
11059,200.23146436626502
11060,200.2314645131074
11061,200.2314646598651
11062,200.2314648065384
11063,200.23146495312727
11064,200.2314650996318
11065,200.23146524605195
11066,200.23146539238786
11067,200.23146553863953
11068,200.23146568480692
11069,200.2314658308903
11070,200.2314659768895
11071,200.23146612280473
11072,200.23146626863593
11073,200.23146641438322
11074,200.23146656004656
11075,200.23146670562608
11076,200.23146685112184
11077,200.23146699653378
11078,200.23146714186205
11079,200.2314672871067
11080,200.23146743226778
11081,200.23146757734528
11082,200.23146772233926
11083,200.23146786724985
11084,200.23146801207696
11085,200.23146815682082
11086,200.2314683014813
11087,200.2314684460585
11088,200.23146859055254
11089,200.23146873496339
11090,200.2314688792912
11091,200.23146902353582
11092,200.2314691676975
11093,200.23146931177627
11094,200.231469455772
11095,200.23146959968489
11096,200.23146974351496
11097,200.23146988726236
11098,200.2314700309269
11099,200.23147017450881
11100,200.23147031800815
11101,200.23147046142486
11102,200.23147060475907
11103,200.2314707480107
11104,200.23147089118
11105,200.23147103426695
11106,200.23147117727146
11107,200.23147132019363
11108,200.23147146303364
11109,200.23147160579146
11110,200.23147174846707
11111,200.23147189106066
11112,200.23147203357215
11113,200.23147217600163
11114,200.23147231834915
11115,200.23147246061478
11116,200.23147260279856
11117,200.23147274490046
11118,200.23147288692067
11119,200.2314730288591
11120,200.23147317071593
11121,200.23147331249115
11122,200.2314734541848
11123,200.23147359579684
11124,200.2314737373274
11125,200.23147387877657
11126,200.23147402014433
11127,200.23147416143084
11128,200.231474302636
11129,200.2314744437599
11130,200.2314745848026
11131,200.2314747257642
11132,200.23147486664467
11133,200.2314750074441
11134,200.23147514816247
11135,200.23147528879994
11136,200.2314754293565
11137,200.23147556983216
11138,200.23147571022704
11139,200.2314758505411
11140,200.23147599077453
11141,200.2314761309272
11142,200.23147627099925
11143,200.2314764109908
11144,200.23147655090176
11145,200.23147669073222
11146,200.23147683048222
11147,200.23147697015185
11148,200.23147710974123
11149,200.23147724925022
11150,200.231477388679
11151,200.23147752802757
11152,200.23147766729588
11153,200.2314778064842
11154,200.23147794559242
11155,200.23147808462065
11156,200.2314782235688
11157,200.23147836243723
11158,200.23147850122564
11159,200.2314786399342
11160,200.23147877856303
11161,200.23147891711207
11162,200.23147905558156
11163,200.23147919397127
11164,200.23147933228145
11165,200.23147947051206
11166,200.23147960866316
11167,200.2314797467348
11168,200.23147988472704
11169,200.23148002263991
11170,200.23148016047352
11171,200.23148029822778
11172,200.23148043590285
11173,200.23148057349871
11174,200.23148071101545
11175,200.23148084845315
11176,200.23148098581177
11177,200.2314811230914
11178,200.23148126029204
11179,200.23148139741386
11180,200.2314815344568
11181,200.23148167142094
11182,200.23148180830626
11183,200.2314819451129
11184,200.23148208184085
11185,200.2314822184902
11186,200.23148235506102
11187,200.2314824915533
11188,200.23148262796698
11189,200.2314827643023
11190,200.23148290055926
11191,200.23148303673784
11192,200.23148317283807
11193,200.2314833088601
11194,200.23148344480393
11195,200.23148358066953
11196,200.23148371645703
11197,200.23148385216652
11198,200.23148398779787
11199,200.23148412335132
11200,200.23148425882684
11201,200.23148439422445
11202,200.2314845295442
11203,200.23148466478617
11204,200.23148479995035
11205,200.23148493503686
11206,200.2314850700457
11207,200.2314852049769
11208,200.23148533983056
11209,200.23148547460673
11210,200.2314856093053
11211,200.23148574392656
11212,200.23148587847035
11213,200.23148601293676
11214,200.23148614732594
11215,200.23148628163784
11216,200.2314864158726
11217,200.23148655003016
11218,200.2314866841105
11219,200.23148681811384
11220,200.2314869520402
11221,200.23148708588957
11222,200.23148721966191
11223,200.23148735335744
11224,200.23148748697608
11225,200.23148762051795
11226,200.23148775398303
11227,200.2314878873715
11228,200.2314880206832
11229,200.2314881539183
11230,200.23148828707676
11231,200.23148842015877
11232,200.2314885531643
11233,200.23148868609334
11234,200.231488818946
11235,200.23148895172224
11236,200.23148908442226
11237,200.23148921704595
11238,200.23148934959346
11239,200.23148948206486
11240,200.23148961446003
11241,200.23148974677912
11242,200.23148987902215
11243,200.23149001118927
11244,200.23149014328035
11245,200.23149027529558
11246,200.231490407235
11247,200.2314905390985
11248,200.2314906708863
11249,200.23149080259833
11250,200.2314909342347
11251,200.2314910657954
11252,200.23149119728058
11253,200.23149132869014
11254,200.23149146002422
11255,200.23149159128278
11256,200.231491722466
11257,200.23149185357377
11258,200.23149198460627
11259,200.23149211556347
11260,200.23149224644544
11261,200.2314923772522
11262,200.2314925079838
11263,200.23149263864028
11264,200.23149276922175
11265,200.23149289972812
11266,200.23149303015956
11267,200.23149316051607
11268,200.23149329079766
11269,200.23149342100444
11270,200.23149355113642
11271,200.23149368119363
11272,200.2314938111762
11273,200.23149394108395
11274,200.23149407091714
11275,200.2314942006758
11276,200.23149433035982
11277,200.2314944599694
11278,200.23149458950456
11279,200.23149471896528
11280,200.23149484835162
11281,200.23149497766374
11282,200.2314951069015
11283,200.23149523606503
11284,200.23149536515433
11285,200.23149549416956
11286,200.23149562311065
11287,200.23149575197772
11288,200.23149588077075
11289,200.2314960094898
11290,200.231496138135
11291,200.23149626670622
11292,200.23149639520366
11293,200.2314965236273
11294,200.23149665197715
11295,200.23149678025328
11296,200.23149690845582
11297,200.2314970365847
11298,200.23149716463993
11299,200.23149729262173
11300,200.23149742053
11301,200.23149754836476
11302,200.2314976761262
11303,200.23149780381416
11304,200.23149793142895
11305,200.23149805897037
11306,200.23149818643856
11307,200.2314983138336
11308,200.23149844115548
11309,200.23149856840422
11310,200.23149869557992
11311,200.23149882268254
11312,200.2314989497123
11313,200.23149907666902
11314,200.23149920355294
11315,200.23149933036393
11316,200.23149945710213
11317,200.23149958376766
11318,200.2314997103603
11319,200.23149983688037
11320,200.23149996332785
11321,200.23150008970268
11322,200.23150021600497
11323,200.23150034223477
11324,200.23150046839208
11325,200.23150059447698
11326,200.23150072048944
11327,200.23150084642964
11328,200.23150097229754
11329,200.23150109809322
11330,200.2315012238166
11331,200.2315013494679
11332,200.23150147504708
11333,200.2315016005541
11334,200.23150172598912
11335,200.23150185135216
11336,200.23150197664327
11337,200.23150210186245
11338,200.23150222700966
11339,200.23150235208513
11340,200.2315024770888
11341,200.2315026020208
11342,200.23150272688102
11343,200.23150285166963
11344,200.23150297638665
11345,200.23150310103208
11346,200.2315032256059
11347,200.23150335010828
11348,200.2315034745392
11349,200.23150359889877
11350,200.23150372318693
11351,200.2315038474038
11352,200.23150397154936
11353,200.23150409562368
11354,200.23150421962674
11355,200.23150434355873
11356,200.23150446741963
11357,200.23150459120941
11358,200.23150471492818
11359,200.23150483857597
11360,200.23150496215285
11361,200.23150508565877
11362,200.23150520909385
11363,200.23150533245814
11364,200.2315054557516
11365,200.23150557897435
11366,200.2315057021265
11367,200.23150582520788
11368,200.23150594821868
11369,200.23150607115895
11370,200.2315061940287
11371,200.23150631682785
11372,200.23150643955668
11373,200.231506562215
11374,200.23150668480307
11375,200.23150680732076
11376,200.2315069297682
11377,200.2315070521454
11378,200.23150717445233
11379,200.2315072966892
11380,200.23150741885595
11381,200.2315075409526
11382,200.23150766297917
11383,200.23150778493584
11384,200.23150790682254
11385,200.2315080286393
11386,200.23150815038625
11387,200.23150827206328
11388,200.2315083936706
11389,200.23150851520816
11390,200.23150863667612
11391,200.23150875807426
11392,200.23150887940287
11393,200.23150900066187
11394,200.23150912185136
11395,200.23150924297138
11396,200.23150936402195
11397,200.23150948500304
11398,200.23150960591474
11399,200.23150972675714
11400,200.23150984753028
11401,200.23150996823418
11402,200.2315100888689
11403,200.2315102094344
11404,200.23151032993076
11405,200.23151045035803
11406,200.23151057071624
11407,200.23151069100552
11408,200.23151081122583
11409,200.23151093137716
11410,200.23151105145962
11411,200.23151117147327
11412,200.23151129141806
11413,200.23151141129415
11414,200.23151153110152
11415,200.23151165084016
11416,200.2315117705102
11417,200.23151189011162
11418,200.23151200964443
11419,200.23151212910884
11420,200.23151224850474
11421,200.23151236783215
11422,200.23151248709118
11423,200.23151260628188
11424,200.2315127254042
11425,200.23151284445834
11426,200.2315129634442
11427,200.23151308236183
11428,200.23151320121136
11429,200.2315133199927
11430,200.23151343870606
11431,200.23151355735126
11432,200.23151367592854
11433,200.23151379443786
11434,200.2315139128793
11435,200.2315140312529
11436,200.23151414955862
11437,200.23151426779657
11438,200.2315143859667
11439,200.23151450406914
11440,200.231514622104
11441,200.23151474007108
11442,200.2315148579707
11443,200.2315149758027
11444,200.23151509356714
11445,200.23151521126414
11446,200.23151532889372
11447,200.23151544645586
11448,200.23151556395072
11449,200.23151568137826
11450,200.23151579873849
11451,200.2315159160315
11452,200.23151603325726
11453,200.23151615041593
11454,200.2315162675075
11455,200.23151638453197
11456,200.23151650148935
11457,200.23151661837977
11458,200.23151673520323
11459,200.23151685195984
11460,200.23151696864946
11461,200.2315170852723
11462,200.23151720182832
11463,200.23151731831763
11464,200.23151743474017
11465,200.231517551096
11466,200.23151766738525
11467,200.23151778360787
11468,200.23151789976393
11469,200.23151801585345
11470,200.2315181318765
11471,200.2315182478331
11472,200.23151836372327
11473,200.2315184795471
11474,200.2315185953046
11475,200.2315187109958
11476,200.23151882662077
11477,200.23151894217958
11478,200.23151905767213
11479,200.23151917309855
11480,200.2315192884589
11481,200.23151940375323
11482,200.23151951898151
11483,200.2315196341438
11484,200.2315197492402
11485,200.2315198642706
11486,200.2315199792353
11487,200.23152009413403
11488,200.23152020896708
11489,200.23152032373437
11490,200.23152043843592
11491,200.23152055307182
11492,200.23152066764212
11493,200.2315207821467
11494,200.2315208965859
11495,200.23152101095945
11496,200.23152112526762
11497,200.23152123951039
11498,200.23152135368773
11499,200.23152146779967
11500,200.23152158184632
11501,200.23152169582767
11502,200.2315218097438
11503,200.23152192359476
11504,200.23152203738056
11505,200.2315221511012
11506,200.23152226475676
11507,200.23152237834736
11508,200.23152249187285
11509,200.23152260533334
11510,200.231522718729
11511,200.23152283205965
11512,200.23152294532557
11513,200.23152305852662
11514,200.23152317166293
11515,200.23152328473444
11516,200.23152339774128
11517,200.23152351068347
11518,200.23152362356097
11519,200.23152373637393
11520,200.23152384912234
11521,200.23152396180626
11522,200.2315240744257
11523,200.23152418698064
11524,200.23152429947123
11525,200.2315244118975
11526,200.23152452425944
11527,200.23152463655708
11528,200.23152474879046
11529,200.23152486095967
11530,200.23152497306472
11531,200.23152508510566
11532,200.23152519708245
11533,200.2315253089952
11534,200.23152542084395
11535,200.23152553262867
11536,200.23152564434952
11537,200.2315257560064
11538,200.2315258675995
11539,200.23152597912866
11540,200.2315260905941
11541,200.2315262019958
11542,200.2315263133338
11543,200.23152642460812
11544,200.23152653581872
11545,200.23152664696576
11546,200.2315267580493
11547,200.23152686906926
11548,200.23152698002576
11549,200.23152709091872
11550,200.2315272017484
11551,200.23152731251466
11552,200.23152742321759
11553,200.23152753385713
11554,200.23152764443344
11555,200.2315277549466
11556,200.2315278653965
11557,200.2315279757833
11558,200.23152808610692
11559,200.2315281963675
11560,200.23152830656505
11561,200.23152841669963
11562,200.23152852677123
11563,200.2315286367799
11564,200.23152874672564
11565,200.23152885660855
11566,200.23152896642867
11567,200.23152907618595
11568,200.2315291858806
11569,200.23152929551244
11570,200.2315294050817
11571,200.2315295145882
11572,200.23152962403222
11573,200.2315297334137
11574,200.23152984273258
11575,200.23152995198907
11576,200.23153006118307
11577,200.2315301703147
11578,200.23153027938392
11579,200.23153038839078
11580,200.23153049733537
11581,200.23153060621766
11582,200.23153071503776
11583,200.23153082379574
11584,200.23153093249155
11585,200.23153104112524
11586,200.2315311496968
11587,200.23153125820633
11588,200.23153136665388
11589,200.23153147503953
11590,200.23153158336316
11591,200.23153169162495
11592,200.2315317998248
11593,200.23153190796288
11594,200.23153201603924
11595,200.23153212405384
11596,200.23153223200663
11597,200.23153233989788
11598,200.2315324477274
11599,200.23153255549542
11600,200.23153266320182
11601,200.2315327708467
11602,200.23153287843002
11603,200.231532985952
11604,200.23153309341254
11605,200.23153320081158
11606,200.2315333081494
11607,200.23153341542587
11608,200.23153352264114
11609,200.23153362979505
11610,200.23153373688788
11611,200.23153384391944
11612,200.23153395089
11613,200.2315340577994
11614,200.23153416464774
11615,200.231534271435
11616,200.23153437816134
11617,200.23153448482674
11618,200.23153459143123
11619,200.23153469797487
11620,200.23153480445762
11621,200.23153491087967
11622,200.23153501724087
11623,200.23153512354133
11624,200.2315352297811
11625,200.23153533596022
11626,200.23153544207875
11627,200.23153554813672
11628,200.23153565413412
11629,200.23153576007095
11630,200.23153586594742
11631,200.23153597176332
11632,200.23153607751885
11633,200.23153618321402
11634,200.2315362888489
11635,200.23153639442342
11636,200.23153649993773
11637,200.2315366053918
11638,200.2315367107857
11639,200.23153681611933
11640,200.23153692139297
11641,200.23153702660647
11642,200.2315371317599
11643,200.2315372368533
11644,200.23153734188682
11645,200.23153744686036
11646,200.23153755177398
11647,200.23153765662767
11648,200.23153776142158
11649,200.23153786615566
11650,200.23153797083006
11651,200.23153807544472
11652,200.2315381799996
11653,200.2315382844949
11654,200.23153838893052
11655,200.2315384933066
11656,200.23153859762309
11657,200.23153870188008
11658,200.23153880607762
11659,200.23153891021565
11660,200.23153901429433
11661,200.23153911831358
11662,200.2315392222735
11663,200.2315393261742
11664,200.2315394300156
11665,200.23153953379767
11666,200.23153963752065
11667,200.23153974118443
11668,200.23153984478904
11669,200.23153994833456
11670,200.2315400518211
11671,200.23154015524852
11672,200.23154025861697
11673,200.23154036192653
11674,200.2315404651771
11675,200.23154056836879
11676,200.23154067150168
11677,200.23154077457576
11678,200.23154087759107
11679,200.23154098054758
11680,200.23154108344536
11681,200.2315411862845
11682,200.23154128906504
11683,200.23154139178686
11684,200.23154149445017
11685,200.23154159705504
11686,200.23154169960125
11687,200.2315418020891
11688,200.2315419045185
11689,200.23154200688947
11690,200.23154210920214
11691,200.23154221145637
11692,200.23154231365237
11693,200.23154241579013
11694,200.23154251786968
11695,200.23154261989094
11696,200.23154272185417
11697,200.23154282375924
11698,200.23154292560625
11699,200.23154302739508
11700,200.23154312912598
11701,200.23154323079893
11702,200.23154333241393
11703,200.23154343397093
11704,200.2315435354701
11705,200.23154363691145
11706,200.23154373829496
11707,200.23154383962077
11708,200.23154394088874
11709,200.23154404209902
11710,200.23154414325163
11711,200.23154424434657
11712,200.23154434538398
11713,200.23154444636376
11714,200.231544547286
11715,200.23154464815082
11716,200.23154474895804
11717,200.23154484970797
11718,200.23154495040038
11719,200.23154505103548
11720,200.2315451516133
11721,200.2315452521337
11722,200.2315453525969
11723,200.23154545300287
11724,200.2315455533516
11725,200.23154565364322
11726,200.23154575387764
11727,200.231545854055
11728,200.23154595417532
11729,200.2315460542386
11730,200.23154615424485
11731,200.23154625419426
11732,200.23154635408662
11733,200.2315464539222
11734,200.2315465537008
11735,200.23154665342267
11736,200.23154675308768
11737,200.23154685269603
11738,200.2315469522475
11739,200.23154705174244
11740,200.23154715118065
11741,200.2315472505622
11742,200.23154734988722
11743,200.23154744915567
11744,200.23154754836764
11745,200.23154764752303
11746,200.23154774662206
11747,200.23154784566455
11748,200.23154794465074
11749,200.23154804358055
11750,200.2315481424541
11751,200.2315482412713
11752,200.23154834003225
11753,200.23154843873698
11754,200.23154853738555
11755,200.23154863597793
11756,200.2315487345143
11757,200.2315488329945
11758,200.23154893141853
11759,200.2315490297867
11760,200.2315491280988
11761,200.23154922635499
11762,200.2315493245553
11763,200.23154942269963
11764,200.23154952078818
11765,200.2315496188209
11766,200.2315497167979
11767,200.231549814719
11768,200.23154991258443
11769,200.23155001039422
11770,200.23155010814824
11771,200.23155020584676
11772,200.2315503034896
11773,200.2315504010769
11774,200.23155049860875
11775,200.23155059608501
11776,200.2315506935059
11777,200.23155079087132
11778,200.23155088818137
11779,200.23155098543603
11780,200.23155108263538
11781,200.23155117977942
11782,200.2315512768683
11783,200.23155137390182
11784,200.23155147088022
11785,200.23155156780342
11786,200.23155166467154
11787,200.23155176148455
11788,200.2315518582424
11789,200.23155195494536
11790,200.2315520515932
11791,200.23155214818618
11792,200.2315522447242
11793,200.23155234120728
11794,200.23155243763551
11795,200.23155253400896
11796,200.23155263032757
11797,200.23155272659136
11798,200.23155282280044
11799,200.2315529189548
11800,200.23155301505452
11801,200.23155311109957
11802,200.2315532070901
11803,200.231553303026
11804,200.23155339890738
11805,200.23155349473416
11806,200.23155359050648
11807,200.2315536862245
11808,200.23155378188795
11809,200.23155387749705
11810,200.2315539730519
11811,200.23155406855233
11812,200.23155416399854
11813,200.23155425939044
11814,200.23155435472813
11815,200.23155445001169
11816,200.23155454524098
11817,200.2315546404163
11818,200.2315547355374
11819,200.23155483060452
11820,200.23155492561762
11821,200.23155502057668
11822,200.23155511548177
11823,200.23155521033297
11824,200.23155530513023
11825,200.23155539987366
11826,200.23155549456328
11827,200.23155558919905
11828,200.2315556837811
11829,200.2315557783093
11830,200.23155587278387
11831,200.23155596720474
11832,200.231556061572
11833,200.23155615588567
11834,200.2315562501457
11835,200.2315563443522
11836,200.2315564385053
11837,200.2315565326048
11838,200.23155662665084
11839,200.2315567206435
11840,200.23155681458272
11841,200.23155690846866
11842,200.2315570023013
11843,200.2315570960805
11844,200.23155718980658
11845,200.2315572834793
11846,200.231557377099
11847,200.2315574706653
11848,200.23155756417864
11849,200.23155765763886
11850,200.23155775104598
11851,200.23155784440007
11852,200.23155793770118
11853,200.2315580309492
11854,200.23155812414439
11855,200.23155821728668
11856,200.231558310376
11857,200.2315584034125
11858,200.23155849639616
11859,200.23155858932702
11860,200.2315586822052
11861,200.2315587750306
11862,200.23155886780336
11863,200.23155896052342
11864,200.23155905319078
11865,200.23155914580568
11866,200.2315592383679
11867,200.23155933087764
11868,200.2315594233348
11869,200.2315595157396
11870,200.23155960809183
11871,200.23155970039178
11872,200.23155979263925
11873,200.2315598848344
11874,200.23155997697717
11875,200.23156006906768
11876,200.23156016110602
11877,200.23156025309206
11878,200.23156034502594
11879,200.23156043690764
11880,200.23156052873716
11881,200.23156062051464
11882,200.23156071224005
11883,200.2315608039134
11884,200.23156089553473
11885,200.2315609871041
11886,200.23156107862158
11887,200.23156117008702
11888,200.23156126150062
11889,200.2315613528624
11890,200.23156144417234
11891,200.23156153543047
11892,200.23156162663676
11893,200.23156171779144
11894,200.23156180889444
11895,200.23156189994566
11896,200.23156199094527
11897,200.2315620818933
11898,200.23156217278975
11899,200.23156226363466
11900,200.23156235442804
11901,200.2315624451699
11902,200.23156253586035
11903,200.23156262649937
11904,200.23156271708697
11905,200.2315628076232
11906,200.23156289810817
11907,200.23156298854178
11908,200.23156307892415
11909,200.2315631692552
11910,200.2315632595351
11911,200.23156334976383
11912,200.2315634399414
11913,200.2315635300678
11914,200.2315636201432
11915,200.23156371016745
11916,200.23156380014075
11917,200.23156389006297
11918,200.23156397993432
11919,200.23156406975465
11920,200.2315641595241
11921,200.23156424924267
11922,200.2315643389104
11923,200.23156442852735
11924,200.23156451809348
11925,200.23156460760882
11926,200.23156469707342
11927,200.2315647864874
11928,200.2315648758507
11929,200.23156496516336
11930,200.2315650544254
11931,200.23156514363683
11932,200.23156523279778
11933,200.2315653219081
11934,200.23156541096802
11935,200.23156549997748
11936,200.23156558893652
11937,200.23156567784514
11938,200.23156576670345
11939,200.2315658555114
11940,200.23156594426902
11941,200.2315660329764
11942,200.23156612163348
11943,200.23156621024037
11944,200.2315662987971
11945,200.23156638730362
11946,200.23156647576002
11947,200.23156656416634
11948,200.23156665252264
11949,200.2315667408288
11950,200.23156682908507
11951,200.23156691729127
11952,200.23156700544757
11953,200.23156709355396
11954,200.23156718161044
11955,200.2315672696171
11956,200.2315673575739
11957,200.2315674454809
11958,200.23156753333808
11959,200.2315676211456
11960,200.2315677089034
11961,200.23156779661144
11962,200.23156788426994
11963,200.23156797187872
11964,200.23156805943796
11965,200.23156814694767
11966,200.2315682344078
11967,200.23156832181846
11968,200.23156840917954
11969,200.2315684964913
11970,200.23156858375359
11971,200.23156867096645
11972,200.23156875812998
11973,200.23156884524423
11974,200.23156893230913
11975,200.23156901932478
11976,200.23156910629123
11977,200.23156919320834
11978,200.2315692800764
11979,200.23156936689531
11980,200.23156945366506
11981,200.23156954038572
11982,200.23156962705727
11983,200.23156971367982
11984,200.2315698002534
11985,200.23156988677792
11986,200.23156997325353
11987,200.2315700596803
11988,200.23157014605806
11989,200.23157023238707
11990,200.23157031866717
11991,200.2315704048985
11992,200.23157049108104
11993,200.23157057721482
11994,200.23157066329998
11995,200.23157074933636
11996,200.2315708353241
11997,200.23157092126323
11998,200.23157100715372
11999,200.23157109299572
12000,200.2315711787891
12001,200.23157126453398
12002,200.23157135023038
12003,200.2315714358783
12004,200.2315715214778
12005,200.23157160702894
12006,200.2315716925317
12007,200.23157177798615
12008,200.23157186339228
12009,200.23157194875003
12010,200.2315720340596
12011,200.231572119321
12012,200.23157220453416
12013,200.2315722896991
12014,200.23157237481595
12015,200.23157245988463
12016,200.23157254490528
12017,200.23157262987795
12018,200.23157271480244
12019,200.23157279967904
12020,200.23157288450767
12021,200.23157296928835
12022,200.23157305402106
12023,200.23157313870598
12024,200.231573223343
12025,200.23157330793217
12026,200.23157339247354
12027,200.23157347696716
12028,200.23157356141306
12029,200.23157364581127
12030,200.23157373016176
12031,200.2315738144646
12032,200.23157389871977
12033,200.23157398292736
12034,200.23157406708745
12035,200.23157415119994
12036,200.2315742352649
12037,200.23157431928237
12038,200.23157440325244
12039,200.2315744871751
12040,200.23157457105032
12041,200.2315746548782
12042,200.23157473865862
12043,200.23157482239182
12044,200.2315749060777
12045,200.2315749897163
12046,200.23157507330774
12047,200.23157515685193
12048,200.231575240349
12049,200.23157532379886
12050,200.23157540720157
12051,200.23157549055725
12052,200.23157557386583
12053,200.23157565712742
12054,200.23157574034204
12055,200.23157582350956
12056,200.23157590663018
12057,200.23157598970394
12058,200.23157607273072
12059,200.23157615571063
12060,200.23157623864378
12061,200.23157632153004
12062,200.23157640436955
12063,200.23157648716227
12064,200.2315765699083
12065,200.23157665260769
12066,200.23157673526035
12067,200.23157681786628
12068,200.2315769004257
12069,200.2315769829385
12070,200.23157706540476
12071,200.23157714782445
12072,200.2315772301977
12073,200.2315773125244
12074,200.23157739480467
12075,200.2315774770385
12076,200.231577559226
12077,200.23157764136707
12078,200.23157772346184
12079,200.23157780551026
12080,200.23157788751234
12081,200.23157796946828
12082,200.2315780513779
12083,200.23157813324136
12084,200.23157821505865
12085,200.2315782968298
12086,200.23157837855481
12087,200.2315784602337
12088,200.23157854186655
12089,200.23157862345337
12090,200.23157870499418
12091,200.231578786489
12092,200.2315788679378
12093,200.23157894934073
12094,200.23157903069776
12095,200.23157911200894
12096,200.23157919327426
12097,200.2315792744937
12098,200.23157935566744
12099,200.23157943679539
12100,200.23157951787755
12101,200.231579598914
12102,200.23157967990483
12103,200.2315797608499
12104,200.23157984174944
12105,200.2315799226034
12106,200.23158000341172
12107,200.23158008417445
12108,200.23158016489177
12109,200.2315802455635
12110,200.2315803261898
12111,200.23158040677075
12112,200.2315804873062
12113,200.23158056779627
12114,200.23158064824094
12115,200.2315807286403
12116,200.23158080899438
12117,200.2315808893032
12118,200.23158096956675
12119,200.23158104978504
12120,200.2315811299582
12121,200.23158121008618
12122,200.23158129016898
12123,200.23158137020667
12124,200.23158145019923
12125,200.2315815301468
12126,200.2315816100493
12127,200.23158168990682
12128,200.2315817697193
12129,200.23158184948684
12130,200.23158192920945
12131,200.23158200888722
12132,200.23158208852004
12133,200.23158216810805
12134,200.23158224765123
12135,200.2315823271496
12136,200.2315824066032
12137,200.23158248601206
12138,200.23158256537621
12139,200.23158264469572
12140,200.2315827239705
12141,200.23158280320064
12142,200.2315828823862
12143,200.23158296152724
12144,200.23158304062358
12145,200.23158311967555
12146,200.23158319868287
12147,200.23158327764583
12148,200.23158335656427
12149,200.2315834354383
12150,200.23158351426795
12151,200.23158359305324
12152,200.23158367179417
12153,200.23158375049073
12154,200.23158382914306
12155,200.23158390775112
12156,200.23158398631494
12157,200.2315840648345
12158,200.23158414330987
12159,200.23158422174117
12160,200.23158430012828
12161,200.23158437847127
12162,200.2315844567702
12163,200.23158453502498
12164,200.2315846132358
12165,200.23158469140273
12166,200.23158476952554
12167,200.23158484760444
12168,200.23158492563945
12169,200.23158500363053
12170,200.23158508157775
12171,200.2315851594811
12172,200.23158523734065
12173,200.23158531515642
12174,200.2315853929284
12175,200.23158547065657
12176,200.2315855483411
12177,200.23158562598195
12178,200.2315857035791
12179,200.23158578113268
12180,200.23158585864257
12181,200.2315859361089
12182,200.23158601353174
12183,200.23158609091098
12184,200.2315861682467
12185,200.23158624553892
12186,200.23158632278776
12187,200.2315863999931
12188,200.23158647715508
12189,200.2315865542736
12190,200.23158663134882
12191,200.23158670838077
12192,200.23158678536933
12193,200.23158686231469
12194,200.23158693921673
12195,200.23158701607554
12196,200.2315870928912
12197,200.23158716966364
12198,200.231587246393
12199,200.2315873230792
12200,200.23158739972226
12201,200.2315874763223
12202,200.23158755287923
12203,200.23158762939323
12204,200.23158770586423
12205,200.23158778229222
12206,200.23158785867724
12207,200.23158793501943
12208,200.2315880113187
12209,200.2315880875751
12210,200.23158816378864
12211,200.2315882399594
12212,200.23158831608728
12213,200.23158839217245
12214,200.23158846821494
12215,200.23158854421465
12216,200.2315886201717
12217,200.23158869608602
12218,200.23158877195775
12219,200.2315888477869
12220,200.23158892357344
12221,200.2315889993174
12222,200.2315890750189
12223,200.23158915067782
12224,200.23158922629423
12225,200.2315893018683
12226,200.23158937739984
12227,200.23158945288893
12228,200.23158952833566
12229,200.23158960374008
12230,200.23158967910214
12231,200.2315897544219
12232,200.23158982969932
12233,200.23158990493454
12234,200.23158998012744
12235,200.2315900552782
12236,200.2315901303868
12237,200.23159020545322
12238,200.2315902804775
12239,200.2315903554597
12240,200.2315904303998
12241,200.2315905052978
12242,200.23159058015378
12243,200.23159065496785
12244,200.23159072973985
12245,200.23159080446987
12246,200.231590879158
12247,200.23159095380427
12248,200.2315910284086
12249,200.231591102971
12250,200.23159117749165
12251,200.23159125197049
12252,200.2315913264076
12253,200.23159140080287
12254,200.23159147515636
12255,200.23159154946828
12256,200.23159162373835
12257,200.23159169796685
12258,200.23159177215376
12259,200.23159184629904
12260,200.23159192040268
12261,200.23159199446482
12262,200.23159206848538
12263,200.23159214246448
12264,200.231592216402
12265,200.23159229029812
12266,200.23159236415282
12267,200.23159243796604
12268,200.23159251173797
12269,200.23159258546852
12270,200.23159265915763
12271,200.2315927328055
12272,200.23159280641207
12273,200.23159287997737
12274,200.2315929535014
12275,200.23159302698426
12276,200.23159310042595
12277,200.2315931738264
12278,200.23159324718577
12279,200.23159332050398
12280,200.23159339378114
12281,200.23159346701715
12282,200.23159354021215
12283,200.2315936133662
12284,200.23159368647913
12285,200.2315937595512
12286,200.23159383258223
12287,200.2315939055724
12288,200.23159397852163
12289,200.23159405143002
12290,200.23159412429754
12291,200.23159419712425
12292,200.23159426991018
12293,200.23159434265528
12294,200.23159441535964
12295,200.23159448802326
12296,200.23159456064622
12297,200.23159463322844
12298,200.23159470577
12299,200.23159477827102
12300,200.23159485073137
12301,200.23159492315114
12302,200.23159499553032
12303,200.23159506786902
12304,200.23159514016723
12305,200.23159521242482
12306,200.23159528464203
12307,200.23159535681887
12308,200.2315954289552
12309,200.23159550105117
12310,200.2315955731068
12311,200.2315956451221
12312,200.23159571709695
12313,200.23159578903164
12314,200.231595860926
12315,200.23159593278012
12316,200.23159600459402
12317,200.23159607636774
12318,200.23159614810123
12319,200.23159621979462
12320,200.23159629144783
12321,200.23159636306102
12322,200.23159643463404
12323,200.23159650616702
12324,200.23159657765993
12325,200.23159664911287
12326,200.23159672052586
12327,200.23159679189888
12328,200.23159686323189
12329,200.23159693452507
12330,200.2315970057783
12331,200.23159707699173
12332,200.23159714816526
12333,200.23159721929906
12334,200.23159729039295
12335,200.23159736144714
12336,200.23159743246157
12337,200.23159750343623
12338,200.23159757437125
12339,200.2315976452666
12340,200.23159771612225
12341,200.23159778693827
12342,200.23159785771472
12343,200.23159792845152
12344,200.2315979991488
12345,200.23159806980652
12346,200.23159814042472
12347,200.23159821100347
12348,200.23159828154277
12349,200.23159835204254
12350,200.231598422503
12351,200.23159849292398
12352,200.23159856330565
12353,200.23159863364793
12354,200.2315987039509
12355,200.23159877421458
12356,200.231598844439
12357,200.23159891462407
12358,200.23159898476993
12359,200.23159905487668
12360,200.23159912494418
12361,200.23159919497252
12362,200.23159926496174
12363,200.2315993349118
12364,200.23159940482282
12365,200.2315994746947
12366,200.23159954452757
12367,200.23159961432142
12368,200.23159968407626
12369,200.23159975379218
12370,200.2315998234691
12371,200.2315998931071
12372,200.23159996270624
12373,200.2316000322664
12374,200.23160010178776
12375,200.23160017127023
12376,200.23160024071393
12377,200.23160031011884
12378,200.23160037948497
12379,200.23160044881232
12380,200.23160051810103
12381,200.23160058735095
12382,200.23160065656225
12383,200.23160072573486
12384,200.2316007948689
12385,200.2316008639643
12386,200.23160093302113
12387,200.2316010020394
12388,200.23160107101907
12389,200.2316011399603
12390,200.23160120886297
12391,200.23160127772726
12392,200.23160134655302
12393,200.23160141534038
12394,200.23160148408934
12395,200.23160155279984
12396,200.2316016214721
12397,200.23160169010598
12398,200.2316017587016
12399,200.23160182725888
12400,200.23160189577786
12401,200.23160196425866
12402,200.2316020327012
12403,200.23160210110558
12404,200.2316021694717
12405,200.2316022377998
12406,200.23160230608968
12407,200.2316023743415
12408,200.2316024425552
12409,200.23160251073077
12410,200.23160257886846
12411,200.23160264696804
12412,200.23160271502965
12413,200.23160278305332
12414,200.231602851039
12415,200.23160291898674
12416,200.23160298689658
12417,200.23160305476858
12418,200.23160312260268
12419,200.2316031903989
12420,200.23160325815738
12421,200.2316033258781
12422,200.231603393561
12423,200.23160346120613
12424,200.2316035288136
12425,200.2316035963833
12426,200.2316036639154
12427,200.23160373140976
12428,200.2316037988665
12429,200.2316038662857
12430,200.2316039336673
12431,200.23160400101128
12432,200.23160406831764
12433,200.23160413558662
12434,200.23160420281798
12435,200.23160427001196
12436,200.23160433716848
12437,200.2316044042875
12438,200.23160447136914
12439,200.2316045384134
12440,200.2316046054203
12441,200.23160467238984
12442,200.2316047393221
12443,200.23160480621698
12444,200.23160487307467
12445,200.23160493989502
12446,200.23160500667822
12447,200.23160507342413
12448,200.23160514013287
12449,200.23160520680452
12450,200.2316052734389
12451,200.23160534003623
12452,200.23160540659646
12453,200.23160547311952
12454,200.23160553960565
12455,200.23160560605461
12456,200.23160567246669
12457,200.2316057388417
12458,200.23160580517975
12459,200.23160587148092
12460,200.23160593774512
12461,200.2316060039724
12462,200.23160607016277
12463,200.23160613631634
12464,200.231606202433
12465,200.2316062685129
12466,200.23160633455598
12467,200.23160640056233
12468,200.23160646653187
12469,200.2316065324647
12470,200.23160659836083
12471,200.23160666422032
12472,200.231606730043
12473,200.23160679582924
12474,200.23160686157874
12475,200.23160692729166
12476,200.23160699296804
12477,200.23160705860778
12478,200.231607124211
12479,200.2316071897778
12480,200.231607255308
12481,200.2316073208018
12482,200.23160738625913
12483,200.23160745168005
12484,200.2316075170646
12485,200.2316075824127
12486,200.23160764772442
12487,200.23160771299982
12488,200.23160777823895
12489,200.23160784344174
12490,200.23160790860837
12491,200.2316079737386
12492,200.2316080388326
12493,200.23160810389052
12494,200.23160816891217
12495,200.23160823389765
12496,200.231608298847
12497,200.23160836376022
12498,200.23160842863732
12499,200.23160849347832
12500,200.23160855828328
12501,200.23160862305227
12502,200.23160868778518
12503,200.23160875248215
12504,200.23160881714307
12505,200.23160888176807
12506,200.2316089463571
12507,200.23160901091032
12508,200.23160907542754
12509,200.231609139909
12510,200.23160920435453
12511,200.23160926876426
12512,200.23160933313815
12513,200.2316093974763
12514,200.23160946177867
12515,200.2316095260453
12516,200.2316095902762
12517,200.23160965447138
12518,200.231609718631
12519,200.23160978275487
12520,200.23160984684304
12521,200.23160991089574
12522,200.2316099749128
12523,200.23161003889427
12524,200.23161010284016
12525,200.23161016675053
12526,200.23161023062548
12527,200.23161029446482
12528,200.23161035826882
12529,200.23161042203728
12530,200.2316104857704
12531,200.23161054946803
12532,200.23161061313027
12533,200.23161067675724
12534,200.23161074034874
12535,200.23161080390506
12536,200.23161086742596
12537,200.23161093091167
12538,200.23161099436203
12539,200.2316110577772
12540,200.23161112115727
12541,200.231611184502
12542,200.2316112478116
12543,200.23161131108608
12544,200.23161137432544
12545,200.2316114375297
12546,200.23161150069882
12547,200.23161156383287
12548,200.2316116269319
12549,200.23161168999587
12550,200.23161175302485
12551,200.23161181601887
12552,200.2316118789779
12553,200.23161194190203
12554,200.23161200479123
12555,200.23161206764547
12556,200.2316121304649
12557,200.23161219324945
12558,200.2316122559991
12559,200.23161231871399
12560,200.23161238139406
12561,200.23161244403934
12562,200.23161250664987
12563,200.2316125692257
12564,200.23161263176675
12565,200.2316126942731
12566,200.23161275674488
12567,200.23161281918183
12568,200.23161288158428
12569,200.23161294395214
12570,200.23161300628533
12571,200.23161306858395
12572,200.23161313084805
12573,200.23161319307755
12574,200.23161325527266
12575,200.23161331743316
12576,200.23161337955923
12577,200.2316134416509
12578,200.2316135037081
12579,200.23161356573087
12580,200.2316136277193
12581,200.23161368967334
12582,200.23161375159296
12583,200.2316138134784
12584,200.2316138753294
12585,200.23161393714614
12586,200.23161399892868
